,secciones_completas,Errores de ortografia,Personal Website,Consistencia de márgenes,Densidad de Información,ratio_education,ratio_training_courses,Cantidad de Palabras,ratio_professional_profile,professional_profile,Uso de negritas,Passed
0,7,56,0,0,18.2,0.056795131845841784,0.0973630831643002,493,0.07910750507099391,39,96,1
1,8,123,0,1,20.2,0.22043010752688172,0.23237753882915174,1674,0.1827956989247312,306,52,1
2,6,82,0,0,18.91,0.14432989690721648,0.059278350515463915,388,0.06701030927835051,26,0,1
3,6,34,0,0,23.6,0.037037037037037035,0.0,378,0.18783068783068782,71,53,1
4,6,94,0,1,12.22,0.11366906474820145,0.17697841726618704,695,0.10071942446043165,70,111,1
5,6,105,0,1,16.07,0.11057692307692307,0.06971153846153846,416,0.19230769230769232,80,70,1
6,9,299,0,1,20.26,0.2059447983014862,0.1473460721868365,2355,0.08025477707006369,189,0,1
7,5,86,0,1,23.33,0.04236540158870256,0.11562224183583407,1133,0.5481023830538394,621,17,1
8,8,137,0,1,13.03,0.04830053667262969,0.2898032200357782,559,0.23613595706618962,132,61,1
9,8,143,0,1,16.33,0.29914529914529914,0.05982905982905983,351,0.039886039886039885,14,65,1
10,6,70,1,1,13.72,0.0849194729136164,0.09224011713030747,683,0.010248901903367497,7,50,1
11,8,77,0,1,16.67,0.3013215859030837,0.0,1135,0.1920704845814978,218,121,1
12,9,125,0,1,14.22,0.14028507126781695,0.14703675918979744,1333,0.07726931732933233,103,124,1
13,7,131,0,1,14.16,0.3557692307692308,0.09615384615384616,104,0.04807692307692308,5,26,1
14,7,41,1,0,21.62,0.14521452145214522,0.0429042904290429,606,0.024752475247524754,15,48,1
15,9,191,1,0,32.22,0.12307692307692308,0.11538461538461539,130,0.05384615384615385,7,61,1
16,5,44,0,0,24.62,0.14814814814814814,0.053703703703703705,540,0.1388888888888889,75,71,1
17,6,48,0,0,18.74,0.018633540372670808,0.002070393374741201,483,0.06625258799171843,32,27,1
18,8,121,0,0,17.28,0.064,0.032,125,0.12,15,12,1
19,7,29,0,0,28.34,0.010256410256410256,0.0,390,0.16666666666666666,65,36,1
20,9,103,1,1,18.48,0.2756756756756757,0.02810810810810811,925,0.014054054054054054,13,94,1
21,5,25,0,0,20.26,0.2675438596491228,0.039473684210526314,228,0.12719298245614036,29,17,1
22,6,21,0,0,16.78,0.022988505747126436,0.0,435,0.05747126436781609,25,58,1
23,8,110,0,1,19.26,0.05795768169273229,0.07359705611775529,1087,0.2529898804047838,275,204,1
24,6,82,0,0,15.87,0.23289473684210527,0.02894736842105263,760,0.0,0,20,1
25,5,99,0,0,13.36,0.25,0.0,84,0.0,0,20,1
26,7,120,0,1,28.19,0.25646123260437376,0.06958250497017893,1509,0.16368455931080186,247,71,1
27,5,79,1,1,14.3,0.28038897893030795,0.18638573743922204,617,0.1312803889789303,81,69,1
28,7,79,1,1,21.14,0.34739178690344064,0.06326304106548279,901,0.05327413984461709,48,96,1
29,8,292,0,1,14.04,0.16798418972332016,0.05204216073781291,1518,0.06258234519104085,95,0,1
30,8,366,0,1,24.32,0.08818011257035648,0.031269543464665414,1599,0.16635397123202,266,75,1
31,9,297,0,0,7.07,0.27993527508090615,0.1650485436893204,618,0.0016181229773462784,1,25,1
32,8,74,0,1,16.0,0.08532934131736528,0.17065868263473055,668,0.12574850299401197,84,84,1
33,7,53,0,0,12.73,0.06373626373626373,0.054945054945054944,455,0.08351648351648351,38,46,1
34,7,116,1,1,16.62,0.2820037105751391,0.0,1078,0.06679035250463822,72,76,1
35,7,245,0,1,27.39,0.1437908496732026,0.0915032679738562,153,0.0784313725490196,12,84,1
36,7,56,0,0,23.3,0.04338394793926247,0.06290672451193059,461,0.028199566160520606,13,64,1
37,6,57,0,1,14.55,0.3804945054945055,0.0,728,0.028846153846153848,21,39,1
38,7,159,0,1,16.85,0.08368200836820083,0.06276150627615062,239,0.03765690376569038,9,56,1
39,6,71,0,0,24.35,0.15702479338842976,0.3400236127508855,847,0.03423848878394333,29,0,1
40,7,100,0,0,29.86,0.11764705882352941,0.25668449197860965,187,0.0053475935828877,1,0,1
41,9,115,0,0,16.15,0.10059171597633136,0.029585798816568046,169,0.005917159763313609,1,0,1
42,8,97,0,0,15.77,0.2265625,0.0078125,128,0.0859375,11,20,1
43,9,268,0,1,20.11,0.12853470437017994,0.007712082262210797,389,0.38046272493573263,148,76,1
44,8,102,0,1,14.42,0.19325842696629214,0.051685393258426963,890,0.0898876404494382,80,31,1
45,8,23,0,0,13.26,0.06936416184971098,0.2774566473988439,173,0.0,0,87,1
46,9,51,0,1,19.21,0.19308700834326578,0.017878426698450536,839,0.08224076281287247,69,97,1
47,5,495,0,1,12.05,0.007157464212678937,0.14519427402862986,978,0.04703476482617587,46,111,1
48,7,169,0,0,25.24,0.03225806451612903,0.27598566308243727,279,0.0035842293906810036,1,114,1
49,8,58,0,1,10.38,0.12202852614896989,0.022187004754358162,631,0.08557844690966719,54,54,1
50,8,152,0,1,13.05,0.1268882175226586,0.1107754279959718,993,0.21148036253776434,210,193,1
51,7,138,0,1,17.08,0.31712962962962965,0.09027777777777778,432,0.0625,27,24,1
52,8,229,0,0,32.67,0.053691275167785234,0.08053691275167785,149,0.06711409395973154,10,3,1
53,8,98,0,1,13.87,0.035650623885918005,0.0213903743315508,561,0.26737967914438504,150,81,1
54,6,97,0,1,15.99,0.052801724137931036,0.05387931034482758,928,0.0,0,125,1
55,5,71,0,0,27.74,0.09848484848484848,0.3181818181818182,396,0.05555555555555555,22,0,1
56,7,65,0,0,22.53,0.3286624203821656,0.022929936305732482,785,0.08025477707006369,63,75,1
57,4,410,0,1,14.42,0.0,0.0,768,0.12760416666666666,98,77,1
58,7,56,0,0,20.13,0.09090909090909091,0.07399577167019028,473,0.38266384778012685,181,85,1
59,5,153,0,1,13.25,0.11912225705329153,0.18808777429467086,319,0.14106583072100312,45,58,1
60,7,47,0,0,45.4,0.19723865877712032,0.03944773175542406,507,0.15187376725838264,77,42,1
61,10,142,0,1,23.21,0.043523316062176166,0.22694300518134716,1930,0.047150259067357515,91,247,1
62,5,32,0,0,17.74,0.3194444444444444,0.0,432,0.13425925925925927,58,15,1
63,4,48,0,0,15.33,0.17624521072796934,0.0,522,0.0,0,45,1
64,7,47,0,1,14.69,0.16903914590747332,0.06227758007117438,562,0.2793594306049822,157,106,1
65,5,26,0,0,11.6,0.042328042328042326,0.0,189,0.43386243386243384,82,18,1
66,7,67,0,1,12.86,0.07301587301587302,0.08148148148148149,945,0.03597883597883598,34,99,1
67,4,30,0,0,10.36,0.3343558282208589,0.04294478527607362,326,0.0,0,42,1
68,9,89,1,0,18.81,0.30319148936170215,0.02127659574468085,940,0.030851063829787233,29,125,1
69,8,50,0,0,21.91,0.03500473036896878,0.12677388836329234,1057,0.06433301797540208,68,20,1
70,10,108,0,0,29.76,0.2061762034514078,0.09990917347865577,1101,0.047229791099000905,52,51,1
71,6,36,0,0,27.56,0.051630434782608696,0.09239130434782608,368,0.002717391304347826,1,50,1
72,8,113,1,1,8.26,0.10629067245119306,0.039045553145336226,1383,0.24150397686189443,334,188,1
73,8,118,1,1,19.46,0.01955671447196871,0.018252933507170794,767,0.14341590612777053,110,100,1
74,5,37,0,0,22.85,0.3229665071770335,0.0,418,0.08851674641148326,37,33,1
75,8,49,0,0,12.93,0.17235188509874327,0.10951526032315978,557,0.019748653500897665,11,62,1
76,9,58,0,0,19.97,0.05442176870748299,0.06235827664399093,882,0.0963718820861678,85,24,1
77,8,867,1,1,7.17,0.011442786069651741,0.2746268656716418,2010,0.0845771144278607,170,477,1
78,4,18,0,0,13.39,0.042328042328042326,0.0,189,0.005291005291005291,1,53,1
79,8,247,1,1,12.08,0.07939698492462312,0.10552763819095477,995,0.1658291457286432,165,159,1
80,5,109,0,1,14.38,0.152153987167736,0.015582034830430797,1091,0.0,0,58,1
81,6,48,1,0,20.14,0.16908212560386474,0.057971014492753624,414,0.11594202898550725,48,52,1
82,7,72,0,1,17.86,0.12682926829268293,0.22926829268292684,820,0.06341463414634146,52,112,1
83,8,64,1,1,18.21,0.05841121495327103,0.0035046728971962616,856,0.1425233644859813,122,124,1
84,9,147,0,1,14.55,0.13329646017699115,0.06803097345132743,1808,0.1338495575221239,242,105,1
85,7,71,0,1,13.21,0.09057971014492754,0.15942028985507245,552,0.005434782608695652,3,55,1
86,7,46,0,1,8.72,0.32413793103448274,0.06758620689655172,725,0.12551724137931033,91,89,1
87,9,342,0,1,21.26,0.151618398637138,0.0068143100511073255,587,0.15843270868824533,93,86,1
88,6,31,0,0,10.54,0.11697247706422019,0.0,436,0.0,0,50,1
89,8,94,0,1,22.24,0.15434083601286175,0.02009646302250804,1244,0.05144694533762058,64,0,1
90,8,191,0,1,18.15,0.2965779467680608,0.23574144486692014,263,0.12547528517110265,33,11,1
91,6,110,0,0,10.36,0.054820415879017016,0.13043478260869565,529,0.06994328922495274,37,158,1
92,6,41,0,0,8.32,0.05555555555555555,0.0,216,0.2824074074074074,61,0,1
93,6,74,0,1,12.6,0.014802631578947368,0.23026315789473684,608,0.0,0,81,1
94,8,62,1,1,13.13,0.133419689119171,0.03756476683937824,772,0.14507772020725387,112,61,1
95,8,168,0,0,20.97,0.13392857142857142,0.002976190476190476,336,0.0625,21,0,1
96,8,48,0,0,15.35,0.28448275862068967,0.034482758620689655,348,0.04310344827586207,15,19,1
97,8,53,0,1,18.09,0.06269925611052073,0.08076514346439957,941,0.04144527098831031,39,16,1
98,7,59,0,1,16.61,0.10718789407313997,0.07313997477931904,793,0.15258511979823455,121,107,1
99,9,91,0,1,16.38,0.15272373540856032,0.1303501945525292,1028,0.011673151750972763,12,63,1
100,6,31,0,0,28.32,0.3177257525083612,0.04013377926421405,299,0.020066889632107024,6,118,1
101,9,40,0,1,18.81,0.19230769230769232,0.022546419098143235,754,0.09283819628647215,70,32,1
102,9,125,0,1,17.62,0.1516626115166261,0.0908353609083536,1233,0.064882400648824,80,52,1
103,7,95,0,1,16.77,0.501466275659824,0.002932551319648094,341,0.002932551319648094,1,43,1
104,8,466,0,1,13.38,0.020518358531317494,0.004319654427645789,926,0.009719222462203024,9,222,1
105,6,39,0,0,13.98,0.05870841487279843,0.046966731898238745,511,0.0,0,28,1
106,8,44,0,1,16.12,0.053208137715179966,0.08450704225352113,639,0.03755868544600939,24,78,1
107,7,43,0,0,17.27,0.0,0.0231023102310231,303,0.056105610561056105,17,61,1
108,9,40,0,1,12.41,0.25977653631284914,0.05446927374301676,716,0.03910614525139665,28,190,1
109,7,64,0,1,18.46,0.09622302158273381,0.046762589928057555,1112,0.052158273381294966,58,202,1
110,7,56,1,1,11.49,0.0297029702970297,0.3085808580858086,606,0.08085808580858085,49,91,1
111,9,48,0,1,13.27,0.15608919382504288,0.015437392795883362,583,0.0274442538593482,16,69,1
112,7,43,0,1,13.95,0.0851305334846765,0.015891032917139614,881,0.13847900113507378,122,120,1
113,7,49,1,0,16.92,0.18014184397163122,0.3588652482269504,705,0.0070921985815602835,5,0,1
114,5,89,0,0,20.84,0.11494252873563218,0.1724137931034483,87,0.0,0,18,1
115,6,50,0,0,27.79,0.013215859030837005,0.0,454,0.21585903083700442,98,28,1
116,5,75,0,0,17.72,0.27785419532324623,0.22558459422283356,727,0.027510316368638238,20,0,1
117,5,67,0,0,23.26,0.23948811700182815,0.031078610603290677,547,0.16453382084095064,90,67,1
118,7,56,0,1,5.8,0.19095477386934673,0.01256281407035176,398,0.0,0,112,1
119,7,86,0,1,12.08,0.2602870813397129,0.1569377990430622,1045,0.07559808612440191,79,46,1
120,6,23,0,0,16.86,0.017482517482517484,0.0,286,0.0979020979020979,28,29,1
121,7,67,0,0,21.06,0.09622886866059818,0.0377113133940182,769,0.0,0,93,1
122,5,47,0,1,12.44,0.3887640449438202,0.0,445,0.12359550561797752,55,69,1
123,6,100,0,0,16.06,0.1522911051212938,0.0,742,0.07547169811320754,56,0,1
124,6,32,0,0,10.42,0.22250639386189258,0.23529411764705882,391,0.0,0,0,1
125,7,87,0,0,11.47,0.05263157894736842,0.05473684210526316,475,0.1368421052631579,65,161,1
126,7,38,0,0,22.8,0.05341246290801187,0.04747774480712166,337,0.09495548961424333,32,0,1
127,9,268,0,1,20.11,0.12853470437017994,0.007712082262210797,389,0.38046272493573263,148,76,1
128,4,43,0,0,15.49,0.0967238689547582,0.0,641,0.0,0,81,1
129,9,71,0,0,27.54,0.3554817275747508,0.023255813953488372,903,0.13067552602436322,118,72,1
130,7,24,0,0,13.8,0.05531914893617021,0.03404255319148936,235,0.03404255319148936,8,0,1
131,7,51,1,1,18.95,0.051248357424441525,0.0,761,0.3088042049934297,235,122,1
132,8,79,0,0,13.76,0.14991181657848324,0.11992945326278659,567,0.059964726631393295,34,16,1
133,8,41,1,0,20.08,0.035269709543568464,0.04564315352697095,482,0.05186721991701245,25,46,1
134,6,31,0,0,19.65,0.0410958904109589,0.07534246575342465,292,0.11301369863013698,33,33,1
135,8,190,0,1,19.02,0.12275179856115108,0.04316546762589928,2224,0.3547661870503597,789,0,1
136,7,66,0,0,18.35,0.1255539143279173,0.0,677,0.0827178729689808,56,140,1
137,6,58,1,0,15.89,0.21442885771543085,0.0,499,0.052104208416833664,26,35,1
138,9,154,0,1,20.64,0.06437768240343347,0.09012875536480687,233,0.017167381974248927,4,27,1
139,5,32,0,0,12.25,0.02857142857142857,0.5492063492063493,315,0.0,0,31,1
140,7,97,0,0,24.93,0.2894736842105263,0.21710526315789475,152,0.006578947368421052,1,31,1
141,9,71,0,1,25.05,0.016727272727272726,0.02690909090909091,1375,0.12436363636363636,171,42,1
142,7,133,0,0,17.41,0.10344827586206896,0.027586206896551724,145,0.2206896551724138,32,23,1
143,5,124,0,0,24.19,0.09090909090909091,0.2840909090909091,88,0.0,0,14,1
144,7,73,0,0,18.48,0.016,0.296,500,0.286,143,158,1
145,6,43,0,1,10.2,0.2323008849557522,0.21238938053097345,452,0.004424778761061947,2,57,1
146,9,117,1,1,20.49,0.12557077625570776,0.15296803652968036,876,0.033105022831050226,29,82,1
147,7,36,0,0,13.43,0.15955766192733017,0.0,633,0.11532385466034756,73,163,1
148,9,74,1,1,6.1,0.13186813186813187,0.03296703296703297,91,0.06593406593406594,6,23,1
149,7,66,0,0,14.27,0.2377521613832853,0.1440922190201729,694,0.040345821325648415,28,0,1
150,6,268,0,0,16.09,0.07954545454545454,0.0,616,0.1396103896103896,86,61,1
151,5,52,0,0,14.56,0.18601398601398603,0.023776223776223775,715,0.34545454545454546,247,0,1
152,5,55,0,0,18.61,0.14119922630560927,0.0,517,0.02127659574468085,11,35,1
153,8,31,0,0,20.59,0.10198300283286119,0.0,353,0.025495750708215296,9,25,1
154,8,90,0,1,9.1,0.07233502538071065,0.02284263959390863,788,0.09898477157360407,78,0,1
155,6,53,0,0,15.01,0.3448275862068966,0.027586206896551724,435,0.08735632183908046,38,82,1
156,7,90,0,1,11.07,0.2976190476190476,0.10034013605442177,588,0.003401360544217687,2,179,1
157,8,69,1,1,15.3,0.013468013468013467,0.2727272727272727,891,0.11335578002244669,101,68,1
158,9,28,0,0,23.56,0.09792284866468842,0.002967359050445104,337,0.02373887240356083,8,69,1
159,5,127,0,0,17.26,0.13142857142857142,0.12,175,0.0,0,12,1
160,4,23,0,0,22.23,0.3295774647887324,0.0,355,0.13802816901408452,49,26,1
161,10,138,0,1,23.0,0.07905337361530715,0.07603222557905337,1986,0.05387713997985901,107,42,1
162,10,30,0,1,13.22,0.07874015748031496,0.0610236220472441,508,0.2125984251968504,108,77,1
163,5,261,0,1,14.61,0.0,0.062135922330097085,515,0.23106796116504855,119,123,1
164,6,31,0,0,20.88,0.0,0.043478260869565216,276,0.11594202898550725,32,2,1
165,7,38,1,0,22.69,0.043596730245231606,0.0,367,0.04904632152588556,18,64,1
166,6,59,0,0,13.44,0.05823863636363636,0.019886363636363636,704,0.18892045454545456,133,106,1
167,9,157,0,1,16.54,0.09225092250922509,0.05387453874538745,1355,0.12472324723247233,169,80,1
168,6,57,1,1,11.74,0.1734860883797054,0.0,611,0.06710310965630115,41,43,1
169,7,51,0,1,11.97,0.14139110604332952,0.06271379703534778,877,0.02394526795895097,21,161,1
170,4,26,0,0,12.91,0.04659498207885305,0.0,279,0.5698924731182796,159,32,1
171,9,87,0,1,15.24,0.328804347826087,0.010869565217391304,736,0.18206521739130435,134,0,1
172,7,38,0,0,16.75,0.15551839464882944,0.07859531772575251,598,0.21739130434782608,130,6,1
173,7,89,0,0,31.51,0.3155893536121673,0.07224334600760456,263,0.06844106463878327,18,32,1
174,6,33,0,1,9.97,0.2850678733031674,0.0,442,0.07013574660633484,31,30,1
175,4,33,0,0,16.28,0.10441767068273092,0.18072289156626506,249,0.0,0,21,1
176,4,30,0,0,20.89,0.30869565217391304,0.030434782608695653,230,0.0,0,0,1
177,7,30,0,0,22.44,0.23588039867109634,0.036544850498338874,301,0.03986710963455149,12,25,1
178,5,70,1,0,14.27,0.02333931777378815,0.0,557,0.0017953321364452424,1,175,1
179,6,54,0,0,17.14,0.1524822695035461,0.1400709219858156,564,0.06560283687943262,37,122,1
180,4,54,1,0,18.43,0.0,0.16143497757847533,446,0.0,0,80,1
181,8,99,1,0,20.76,0.20224719101123595,0.0,89,0.033707865168539325,3,17,1
182,7,53,0,0,11.11,0.025793650793650792,0.047619047619047616,504,0.14285714285714285,72,67,1
183,7,84,0,1,11.57,0.14285714285714285,0.05357142857142857,168,0.0,0,25,1
184,6,91,0,1,14.74,0.1919463087248322,0.025503355704697986,745,0.09664429530201342,72,90,1
185,8,53,1,1,23.03,0.15339966832504145,0.1310116086235489,1206,0.1550580431177446,187,28,1
186,6,27,0,0,20.02,0.09248554913294797,0.0,346,0.049132947976878616,17,22,1
187,9,120,1,1,15.96,0.21232876712328766,0.021404109589041095,1168,0.07106164383561644,83,208,1
188,5,260,0,0,17.29,0.1685185185185185,0.0,540,0.1925925925925926,104,43,1
189,7,87,0,1,19.46,0.17839922854387658,0.09257473481195758,1037,0.15814850530376084,164,180,1
190,5,33,0,0,13.72,0.03365384615384615,0.0,208,0.038461538461538464,8,0,1
191,6,55,0,1,11.98,0.11854103343465046,0.0,658,0.00303951367781155,2,33,1
192,7,100,0,1,21.12,0.20597790773229369,0.022092267706302793,1539,0.009746588693957114,15,268,1
193,9,68,1,1,19.92,0.1807909604519774,0.00903954802259887,885,0.06666666666666667,59,0,1
194,9,167,1,1,18.13,0.07342657342657342,0.013986013986013986,858,0.11655011655011654,100,57,1
195,7,108,0,1,28.32,0.09663503019844694,0.026747195858498704,1159,0.2614322691975841,303,9,1
196,6,158,0,0,22.25,0.05319148936170213,0.1595744680851064,94,0.06382978723404255,6,54,1
197,7,321,0,0,24.48,0.20784883720930233,0.00872093023255814,688,0.024709302325581394,17,59,1
198,5,73,0,0,16.79,0.21505376344086022,0.0,186,0.23655913978494625,44,0,1
199,7,128,1,1,17.18,0.10059171597633136,0.05917159763313609,1690,0.2757396449704142,466,201,1
200,7,59,0,0,25.64,0.10684931506849316,0.08767123287671233,365,0.18082191780821918,66,71,1
201,7,170,1,1,11.46,0.07896995708154507,0.06437768240343347,1165,0.0592274678111588,69,166,1
202,9,146,1,1,14.62,0.0650319829424307,0.03411513859275053,938,0.006396588486140725,6,47,1
203,6,41,0,0,17.22,0.11313131313131314,0.0,495,0.17575757575757575,87,20,1
204,6,60,0,1,10.86,0.0310391363022942,0.06477732793522267,741,0.07152496626180836,53,59,1
205,5,230,1,0,23.34,0.2213209733487833,0.11123986095017381,1726,0.21552723059096177,372,0,1
206,7,18,0,0,17.45,0.09154929577464789,0.0,284,0.05985915492957746,17,35,1
207,5,36,0,0,17.68,0.10434782608695652,0.021739130434782608,460,0.15217391304347827,70,289,1
208,7,43,0,0,13.37,0.03512396694214876,0.06818181818181818,484,0.18181818181818182,88,27,1
209,8,167,0,0,17.11,0.0,0.05246913580246913,324,0.04938271604938271,16,66,1
210,7,106,0,1,23.48,0.058245083207261725,0.09606656580937972,1322,0.17700453857791226,234,106,1
211,6,41,0,1,8.03,0.1497695852534562,0.12672811059907835,434,0.07142857142857142,31,55,1
212,7,151,0,1,20.08,0.14563806777217014,0.2898341744772891,1387,0.04974765681326604,69,61,1
213,9,369,0,1,20.16,0.17983651226158037,0.23433242506811988,734,0.01907356948228883,14,92,1
214,7,65,1,0,14.27,0.0903954802259887,0.2222222222222222,531,0.015065913370998116,8,50,1
215,5,32,0,1,9.37,0.5319148936170213,0.0,376,0.018617021276595744,7,48,1
216,8,106,0,0,17.54,0.02857142857142857,0.03428571428571429,175,0.08,14,81,1
217,8,84,0,1,9.55,0.05014749262536873,0.0943952802359882,678,0.0014749262536873156,1,61,1
218,6,85,0,1,11.41,0.007797270955165692,0.0,513,0.06627680311890838,34,116,1
219,5,42,0,0,14.3,0.18577981651376146,0.0,436,0.22477064220183487,98,12,1
220,7,30,0,0,13.71,0.011560693641618497,0.05491329479768786,346,0.18497109826589594,64,41,1
221,7,67,0,0,15.58,0.18382352941176472,0.0,544,0.0,0,110,1
222,5,48,0,0,22.72,0.0,0.14482758620689656,145,0.006896551724137931,1,2,1
223,7,17,0,0,18.14,0.029585798816568046,0.0,169,0.0,0,34,1
224,4,136,0,0,95.21,0.6559139784946236,0.0,558,0.06093189964157706,34,22,1
225,5,36,0,0,15.91,0.07775377969762419,0.36285097192224625,463,0.0,0,84,1
226,8,55,0,1,14.37,0.0395010395010395,0.2182952182952183,481,0.035343035343035345,17,0,1
227,7,56,1,0,17.79,0.02877697841726619,0.25719424460431656,556,0.09532374100719425,53,50,1
228,9,75,0,1,21.42,0.1507293354943274,0.04700162074554295,617,0.1166936790923825,72,60,1
229,6,70,0,1,14.47,0.2657894736842105,0.15263157894736842,380,0.0,0,96,1
230,8,70,0,0,37.93,0.056790123456790124,0.022222222222222223,405,0.15308641975308643,62,69,1
231,10,160,0,1,20.76,0.13928182807399347,0.058759521218716,1838,0.029923830250272034,55,0,1
232,6,101,0,0,16.18,0.16260162601626016,0.0975609756097561,246,0.0,0,41,1
233,9,189,0,0,20.09,0.10112359550561797,0.056179775280898875,178,0.033707865168539325,6,70,1
234,9,40,0,1,12.41,0.25977653631284914,0.05446927374301676,716,0.03910614525139665,28,190,1
235,6,31,0,0,22.33,0.19184652278177458,0.004796163069544364,417,0.2158273381294964,90,14,1
236,8,402,0,1,22.65,0.14833127317676142,0.032138442521631644,809,0.1903584672435105,154,277,1
237,6,186,0,1,15.8,0.1277744451109778,0.0,1667,0.35272945410917816,588,233,1
238,4,61,0,0,21.24,0.011111111111111112,0.0,90,0.1,9,24,1
239,5,54,1,1,17.53,0.28178368121442127,0.32732447817836813,1054,0.11195445920303605,118,190,1
240,6,45,0,0,11.38,0.10074626865671642,0.05223880597014925,268,0.2126865671641791,57,59,1
241,7,87,0,1,11.99,0.23669467787114845,0.18347338935574228,714,0.02100840336134454,15,59,1
242,6,97,0,1,15.99,0.052801724137931036,0.05387931034482758,928,0.0,0,125,1
243,6,155,0,0,23.18,0.15384615384615385,0.04895104895104895,143,0.013986013986013986,2,36,1
244,7,32,0,0,18.08,0.14626865671641792,0.026865671641791045,335,0.14925373134328357,50,26,1
245,8,157,1,0,23.38,0.04343220338983051,0.09745762711864407,944,0.2065677966101695,195,35,1
246,6,37,0,0,15.75,0.1325581395348837,0.03488372093023256,430,0.10697674418604651,46,11,1
247,5,45,0,1,16.14,0.08468244084682441,0.0,803,0.0136986301369863,11,46,1
248,7,54,0,0,14.85,0.16692426584234932,0.021638330757341576,647,0.04482225656877898,29,0,1
249,6,39,0,0,9.33,0.20577617328519857,0.021660649819494584,277,0.1407942238267148,39,49,1
250,7,78,0,0,16.64,0.05504587155963303,0.07339449541284404,545,0.012844036697247707,7,80,1
251,10,133,0,1,9.75,0.35140018066847334,0.03432700993676603,1107,0.008130081300813009,9,66,1
252,5,648,0,1,18.4,0.1447067783701447,0.0,1313,0.0,0,39,1
253,5,117,0,0,21.33,0.03225806451612903,0.2217741935483871,248,0.0,0,0,1
254,6,95,0,1,15.69,0.19851380042462846,0.06475583864118896,942,0.058386411889596604,55,0,1
255,7,89,0,1,17.69,0.08870967741935484,0.11995967741935484,992,0.11189516129032258,111,33,1
256,8,27,0,0,25.13,0.027472527472527472,0.0989010989010989,364,0.07967032967032966,29,30,1
257,3,109,0,0,13.36,0.034220532319391636,0.0,263,0.0,0,0,1
258,8,76,1,1,19.13,0.03550295857988166,0.09664694280078895,1014,0.03944773175542406,40,265,1
259,9,59,0,0,24.43,0.10782865583456426,0.033973412112259974,677,0.0029542097488921715,2,0,1
260,8,94,1,1,13.51,0.03625815808556925,0.2661348803480783,1379,0.021754894851341553,30,342,1
261,7,124,1,0,8.91,0.11587982832618025,0.17024320457796852,699,0.15736766809728184,110,4,1
262,6,94,0,0,23.55,0.1038961038961039,0.012987012987012988,77,0.11688311688311688,9,32,1
263,8,101,1,0,17.54,0.17830609212481427,0.2139673105497771,673,0.0014858841010401188,1,199,1
264,8,189,1,0,15.52,0.2096317280453258,0.11543909348441926,1412,0.0169971671388102,24,47,1
265,7,183,0,1,17.81,0.309993201903467,0.2107409925220938,1471,0.14140040788579197,208,137,0
266,4,31,0,0,17.29,0.19626168224299065,0.0,321,0.0,0,70,0
267,6,80,0,1,16.08,0.06853582554517133,0.2585669781931464,642,0.18691588785046728,120,112,0
268,8,151,0,1,12.08,0.1952191235059761,0.13280212483399734,753,0.07702523240371846,58,357,0
269,6,187,0,0,21.7,0.13990825688073394,0.01834862385321101,436,0.22935779816513763,100,53,0
270,7,26,0,0,18.58,0.1328125,0.0,256,0.0,0,38,0
271,5,60,0,0,25.79,0.3069306930693069,0.0891089108910891,404,0.0,0,58,0
272,8,122,1,1,14.46,0.14700996677740863,0.03322259136212625,1204,0.0473421926910299,57,50,0
273,6,44,0,0,22.76,0.1349206349206349,0.0,630,0.12380952380952381,78,4,0
274,7,107,0,1,16.16,0.07032967032967033,0.008791208791208791,455,0.08791208791208792,40,41,0
275,8,51,0,0,17.05,0.07376058041112454,0.08585247883917775,827,0.060459492140266025,50,108,0
276,7,26,0,0,18.9,0.16,0.0,375,0.04,15,27,0
277,7,47,0,0,22.4,0.3009118541033435,0.02735562310030395,329,0.0121580547112462,4,6,0
278,7,239,0,1,16.02,0.12218649517684887,0.01607717041800643,311,0.08038585209003216,25,25,0
279,8,95,1,1,10.98,0.03982300884955752,0.07227138643067847,678,0.004424778761061947,3,140,0
280,6,109,0,0,19.79,0.12727272727272726,0.0,165,0.06666666666666667,11,47,0
281,7,31,0,0,17.93,0.16080402010050251,0.07035175879396985,597,0.24120603015075376,144,10,0
282,0,48,0,0,22.7,0.0,0.0,205,0.0,0,0,0
283,6,361,0,0,19.34,0.1377899045020464,0.058663028649386086,733,0.10368349249658936,76,172,0
284,6,32,0,0,11.89,0.15789473684210525,0.045454545454545456,418,0.03827751196172249,16,29,0
285,6,93,0,1,17.45,0.3139866793529971,0.23120837297811608,1051,0.016175071360608945,17,48,0
286,4,32,0,0,18.27,0.34915254237288135,0.03389830508474576,295,0.0,0,0,0
287,5,25,0,0,20.26,0.2675438596491228,0.039473684210526314,228,0.12719298245614036,29,17,0
288,5,86,0,1,11.93,0.03915171288743882,0.0,613,0.008156606851549755,5,4,0
289,8,70,0,1,7.74,0.12476007677543186,0.19193857965451055,521,0.2418426103646833,126,118,0
290,7,51,0,0,26.12,0.308529945553539,0.09074410163339383,551,0.0054446460980036296,3,131,0
291,5,106,1,1,10.18,0.3924812030075188,0.0,665,0.10075187969924812,67,67,0
292,6,266,0,0,12.75,0.02681992337164751,0.22796934865900384,522,0.05363984674329502,28,14,0
293,6,88,1,1,11.26,0.41904761904761906,0.0,630,0.047619047619047616,30,85,0
294,6,82,0,0,15.87,0.23289473684210527,0.02894736842105263,760,0.0,0,20,0
295,8,65,0,0,23.91,0.10830324909747292,0.0012033694344163659,831,0.13598074608904934,113,98,0
296,6,222,0,0,18.74,0.1634980988593156,0.03612167300380228,526,0.20532319391634982,108,181,0
297,6,77,0,0,15.77,0.1044776119402985,0.1044776119402985,67,0.029850746268656716,2,15,0
298,7,559,1,1,20.2,0.003561887800534283,0.0,1123,0.06322350845948353,71,154,0
299,7,83,0,1,20.98,0.2652838427947598,0.15065502183406113,916,0.04912663755458515,45,91,0
300,8,61,0,0,14.87,0.043333333333333335,0.01,300,0.04,12,7,0
301,8,86,0,1,7.53,0.05817610062893082,0.15566037735849056,636,0.28459119496855345,181,75,0
302,6,146,1,1,13.83,0.10813704496788008,0.07922912205567452,934,0.21841541755888652,204,116,0
303,6,55,0,1,21.86,0.15428033866415805,0.0,1063,0.12699905926622765,135,22,0
304,6,40,1,1,10.32,0.2,0.18959537572254334,865,0.16416184971098266,142,60,0
305,7,64,0,1,19.54,0.04716981132075472,0.015330188679245283,848,0.07075471698113207,60,81,0
306,7,40,0,0,21.5,0.14579439252336449,0.048598130841121495,535,0.020560747663551402,11,42,0
307,5,50,0,0,24.88,0.009419152276295133,0.0,637,0.06907378335949764,44,140,0
308,8,74,0,1,16.0,0.08532934131736528,0.17065868263473055,668,0.12574850299401197,84,84,0
309,8,38,0,0,10.12,0.03859649122807018,0.08421052631578947,285,0.014035087719298246,4,48,0
310,8,112,0,1,13.3,0.220404984423676,0.04672897196261682,1284,0.09345794392523364,120,85,0
311,8,68,0,1,20.82,0.16232771822358347,0.030627871362940276,653,0.05359877488514548,35,142,0
312,7,32,0,0,16.57,0.25733634311512416,0.045146726862302484,443,0.08577878103837472,38,108,0
313,7,71,0,0,26.78,0.14675767918088736,0.05688282138794084,879,0.026166097838452786,23,55,0
314,4,165,0,0,11.43,0.0,0.22562674094707522,359,0.0,0,65,0
315,7,147,0,1,15.31,0.0,0.16216216216216217,148,0.22972972972972974,34,45,0
316,5,50,0,0,11.47,0.04657534246575343,0.0,365,0.0,0,37,0
317,7,111,0,1,15.36,0.05396825396825397,0.06031746031746032,630,0.020634920634920634,13,0,0
318,5,30,0,0,17.33,0.03275529865125241,0.04816955684007707,519,0.2697495183044316,140,40,0
319,8,108,0,0,22.5,0.07920792079207921,0.009900990099009901,101,0.039603960396039604,4,12,0
320,5,68,1,0,20.72,0.47810858143607704,0.0893169877408056,571,0.0,0,76,0
321,6,78,0,1,13.6,0.03723404255319149,0.0,564,0.014184397163120567,8,247,0
322,6,65,0,0,18.87,0.03375527426160337,0.012658227848101266,474,0.18143459915611815,86,61,0
323,6,78,0,1,14.77,0.037267080745341616,0.40372670807453415,644,0.0,0,120,0
324,5,26,0,0,13.45,0.09364548494983277,0.24414715719063546,299,0.0,0,208,0
325,7,40,0,0,15.69,0.22591362126245848,0.0664451827242525,301,0.059800664451827246,18,50,0
326,6,142,0,0,20.35,0.22727272727272727,0.01948051948051948,308,0.1266233766233766,39,32,0
327,7,49,0,1,12.27,0.35316946959896506,0.08279430789133248,773,0.01164294954721863,9,106,0
328,8,152,0,1,13.05,0.1268882175226586,0.1107754279959718,993,0.21148036253776434,210,193,0
329,9,78,1,1,18.34,0.10503472222222222,0.058159722222222224,1152,0.025173611111111112,29,152,0
330,6,112,1,1,17.14,0.3464658169177289,0.06025492468134415,863,0.14716106604866744,127,86,0
331,5,35,0,0,12.92,0.11057692307692307,0.0,416,0.0985576923076923,41,44,0
332,5,35,0,0,12.56,0.007079646017699115,0.0,565,0.0,0,43,0
333,6,104,0,0,30.76,0.17664376840039253,0.05299313052011776,1019,0.04808635917566242,49,49,0
334,8,112,0,1,15.48,0.19329896907216496,0.07474226804123711,776,0.10438144329896908,81,12,0
335,8,115,0,1,15.25,0.15559246954595793,0.039313399778516056,1806,0.09191583610188261,166,120,0
336,7,60,0,1,13.64,0.09716599190283401,0.0708502024291498,494,0.016194331983805668,8,98,0
337,9,49,1,0,17.8,0.14772727272727273,0.006818181818181818,440,0.17727272727272728,78,20,0
338,5,41,0,0,18.24,0.07667731629392971,0.027156549520766772,626,0.23162939297124602,145,52,0
339,7,32,0,0,14.15,0.09927360774818401,0.10411622276029056,413,0.2711864406779661,112,80,0
340,8,75,0,1,17.44,0.08221993833504625,0.0010277492291880781,973,0.249743062692703,243,88,0
341,7,32,0,0,21.45,0.05970149253731343,0.08059701492537313,335,0.17313432835820897,58,15,0
342,9,135,0,1,20.44,0.03997194950911641,0.033660589060308554,1426,0.2138849929873773,305,120,0
343,5,46,0,0,16.07,0.27049180327868855,0.10109289617486339,366,0.07923497267759563,29,37,0
344,3,20,0,0,9.22,0.08759124087591241,0.0,137,0.0,0,20,0
345,9,31,0,0,25.94,0.32592592592592595,0.0,405,0.07407407407407407,30,21,0
346,5,46,0,0,27.18,0.2777777777777778,0.0,342,0.2894736842105263,99,112,0
347,5,101,0,0,11.93,0.1956521739130435,0.11956521739130435,92,0.0,0,25,0
348,4,120,0,0,19.01,0.0,0.08530805687203792,211,0.08056872037914692,17,21,0
349,7,67,0,1,12.86,0.07301587301587302,0.08148148148148149,945,0.03597883597883598,34,99,0
350,7,81,0,0,15.62,0.036613272311212815,0.0,437,0.0,0,195,0
351,7,18,0,0,16.13,0.17424242424242425,0.026515151515151516,264,0.015151515151515152,4,22,0
352,9,72,0,0,21.83,0.10657894736842105,0.034210526315789476,760,0.16973684210526316,129,150,0
353,5,43,0,0,18.16,0.0691699604743083,0.0,506,0.0,0,0,0
354,8,164,0,1,7.46,0.3111111111111111,0.10048309178743961,1035,0.10434782608695652,108,21,0
355,8,103,0,1,17.73,0.14499121265377857,0.030755711775043937,1138,0.01757469244288225,20,83,0
356,5,125,1,0,24.71,0.38461538461538464,0.0,104,0.07692307692307693,8,19,0
357,8,89,0,0,33.24,0.12389380530973451,0.047787610619469026,565,0.03008849557522124,17,73,0
358,6,142,0,0,30.3,0.15463917525773196,0.14432989690721648,97,0.061855670103092786,6,49,0
359,5,37,0,0,22.85,0.3229665071770335,0.0,418,0.08851674641148326,37,33,0
360,6,39,0,0,14.96,0.013186813186813187,0.0,455,0.04395604395604396,20,45,0
361,7,23,0,0,13.24,0.023148148148148147,0.125,432,0.09722222222222222,42,29,0
362,7,81,0,0,16.1,0.1088929219600726,0.17785843920145192,551,0.0,0,46,0
363,4,18,0,0,13.39,0.042328042328042326,0.0,189,0.005291005291005291,1,53,0
364,6,62,0,0,18.55,0.08682634730538923,0.13622754491017963,668,0.023952095808383235,16,0,0
365,7,131,0,1,12.78,0.4316109422492401,0.20871327254305977,987,0.004052684903748734,4,129,0
366,6,329,0,0,18.74,0.0867579908675799,0.1445966514459665,657,0.0593607305936073,39,48,0
367,7,72,0,1,17.86,0.12682926829268293,0.22926829268292684,820,0.06341463414634146,52,112,0
368,5,26,0,0,16.34,0.0,0.13924050632911392,237,0.10970464135021098,26,36,0
369,8,98,0,1,16.21,0.32883317261330763,0.0703953712632594,1037,0.020250723240115717,21,94,0
370,9,63,0,0,14.77,0.04590818363273453,0.12375249500998003,501,0.15169660678642716,76,50,0
371,7,46,0,0,22.23,0.1375,0.029166666666666667,480,0.029166666666666667,14,93,0
372,7,57,0,0,12.17,0.06756756756756757,0.023166023166023165,518,0.1718146718146718,89,62,0
373,10,101,0,1,8.3,0.314070351758794,0.010050251256281407,398,0.0728643216080402,29,82,0
374,1,17,0,0,1.39,0.0,0.0,72,0.0,0,7,0
375,6,46,0,0,16.7,0.18541996830427893,0.2091917591125198,631,0.02377179080824089,15,71,0
376,6,66,0,0,9.93,0.3218390804597701,0.08045977011494253,87,0.011494252873563218,1,14,0
377,8,278,0,0,35.62,0.21313766596785463,0.05450733752620545,1431,0.007686932215234102,11,256,0
378,8,137,0,1,17.13,0.010089686098654708,0.21300448430493274,892,0.13789237668161436,123,128,0
379,7,332,0,1,18.6,0.13386880856760375,0.20883534136546184,747,0.19009370816599733,142,70,0
380,5,41,0,0,28.68,0.15844155844155844,0.11688311688311688,385,0.0,0,41,0
381,8,77,0,0,19.97,0.025885558583106268,0.11580381471389646,734,0.09128065395095368,67,99,0
382,8,104,1,1,10.1,0.15895610913404506,0.0,843,0.19454329774614473,164,64,0
383,6,52,0,1,15.93,0.04086265607264472,0.1872871736662883,881,0.12258796821793416,108,33,0
384,4,26,0,0,16.02,0.06748466257668712,0.0,326,0.046012269938650305,15,27,0
385,8,100,0,1,12.79,0.17667844522968199,0.04711425206124853,849,0.06713780918727916,57,143,0
386,8,94,0,1,22.24,0.15434083601286175,0.02009646302250804,1244,0.05144694533762058,64,0,0
387,6,77,0,0,13.39,0.43566176470588236,0.07720588235294118,544,0.0,0,67,0
388,6,34,0,0,9.74,0.24573378839590443,0.006825938566552901,293,0.0,0,41,0
389,9,77,1,1,11.39,0.21314102564102563,0.07532051282051282,624,0.22115384615384615,138,141,0
390,8,44,0,0,15.4,0.05194805194805195,0.11168831168831168,385,0.023376623376623377,9,0,0
391,5,34,0,0,17.31,0.27488151658767773,0.06398104265402843,422,0.0971563981042654,41,0,0
392,6,62,1,0,17.63,0.020754716981132074,0.0018867924528301887,530,0.3283018867924528,174,145,0
393,7,109,0,1,13.74,0.39215686274509803,0.08496732026143791,153,0.0,0,19,0
394,7,83,0,1,14.32,0.12710566615620214,0.11179173047473201,653,0.042879019908116385,28,0,0
395,9,40,0,0,26.07,0.04044943820224719,0.015730337078651686,445,0.03146067415730337,14,30,0
396,6,48,0,0,10.1,0.2361963190184049,0.08895705521472393,326,0.03067484662576687,10,33,0
397,8,142,0,1,23.97,0.03496503496503497,0.002331002331002331,429,0.016317016317016316,7,56,0
398,9,185,1,1,11.45,0.23265073947667805,0.02901023890784983,1758,0.080773606370876,142,451,0
399,5,31,0,0,11.71,0.27548209366391185,0.0,363,0.1790633608815427,65,104,0
400,5,20,0,0,21.25,0.1464968152866242,0.0,314,0.0031847133757961785,1,11,0
401,8,73,0,0,18.34,0.02109704641350211,0.03375527426160337,474,0.2721518987341772,129,44,0
402,5,45,0,1,17.86,0.037383177570093455,0.07476635514018691,749,0.0,0,43,0
403,7,271,0,1,15.75,0.1290983606557377,0.0,488,0.05942622950819672,29,28,0
404,8,93,0,1,13.75,0.034623217922606926,0.021384928716904276,982,0.06313645621181263,62,93,0
405,7,35,0,0,16.01,0.04985337243401759,0.22287390029325513,682,0.060117302052785926,41,33,0
406,4,63,0,0,14.81,0.20909090909090908,0.045454545454545456,220,0.14545454545454545,32,52,0
407,6,136,0,0,21.15,0.2598870056497175,0.07909604519774012,354,0.0423728813559322,15,62,0
408,8,72,0,0,15.03,0.07268722466960352,0.07048458149779736,454,0.04185022026431718,19,15,0
409,4,46,0,0,14.98,0.3732394366197183,0.18309859154929578,568,0.0,0,66,0
410,5,44,0,0,24.28,0.04659949622166247,0.07934508816120907,794,0.0982367758186398,78,72,0
411,6,98,0,0,29.03,0.17462932454695224,0.0,607,0.04612850082372323,28,226,0
412,7,88,1,0,26.25,0.03680981595092025,0.012269938650306749,163,0.06134969325153374,10,0,0
413,4,22,0,0,18.3,0.43258426966292135,0.0,356,0.019662921348314606,7,0,0
414,8,69,0,1,12.89,0.21721311475409835,0.05737704918032787,732,0.06557377049180328,48,83,0
415,8,58,0,0,13.87,0.11138613861386139,0.019801980198019802,404,0.2202970297029703,89,0,0
416,7,74,0,0,21.39,0.07883211678832117,0.013138686131386862,685,0.1854014598540146,127,68,0
417,8,100,0,1,20.13,0.03459637561779242,0.07742998352553541,1214,0.09719934102141681,118,10,0
418,7,64,0,1,18.46,0.09622302158273381,0.046762589928057555,1112,0.052158273381294966,58,202,0
419,6,75,0,0,12.09,0.2079207920792079,0.06930693069306931,101,0.0,0,20,0
420,7,141,0,0,24.27,0.3385714285714286,0.09714285714285714,700,0.02,14,0,0
421,6,150,0,1,18.24,0.3619676945668135,0.18061674008810572,1362,0.06167400881057269,84,106,0
422,5,75,1,1,12.55,0.24751066856330015,0.06401137980085349,703,0.13513513513513514,95,123,0
423,6,22,0,0,16.4,0.2033898305084746,0.08050847457627118,236,0.029661016949152543,7,89,0
424,5,87,0,0,14.41,0.10471204188481675,0.0,191,0.0,0,22,0
425,7,37,0,0,19.88,0.06746031746031746,0.0873015873015873,252,0.015873015873015872,4,23,0
426,6,69,0,0,13.48,0.021447721179624665,0.12332439678284182,373,0.07238605898123325,27,0,0
427,6,165,0,1,14.43,0.12716763005780346,0.1329479768786127,346,0.1994219653179191,69,47,0
428,6,214,0,0,24.45,0.10633946830265849,0.0,489,0.09406952965235174,46,46,0
429,4,33,0,0,22.49,0.15123456790123457,0.0,324,0.0,0,0,0
430,7,123,0,1,16.23,0.12155591572123177,0.0864397622906537,1851,0.10696920583468396,198,48,0
431,5,66,0,0,22.97,0.05040650406504065,0.11544715447154472,615,0.04390243902439024,27,0,0
432,5,154,0,0,26.81,0.21635094715852443,0.07577268195413758,1003,0.0,0,0,0
433,5,32,0,0,15.71,0.16363636363636364,0.10303030303030303,330,0.0,0,48,0
434,7,40,0,0,25.53,0.014326647564469915,0.008595988538681949,349,0.3438395415472779,120,113,0
435,8,56,0,0,14.44,0.3605072463768116,0.034420289855072464,552,0.07246376811594203,40,118,0
436,8,47,0,0,12.52,0.052742616033755275,0.2320675105485232,474,0.08860759493670886,42,48,0
437,4,65,0,0,19.08,0.0712979890310786,0.012797074954296161,547,0.0,0,25,0
438,6,25,0,0,19.76,0.14450867052023122,0.1676300578034682,173,0.005780346820809248,1,27,0
439,6,45,0,0,11.46,0.14492753623188406,0.09782608695652174,276,0.35144927536231885,97,69,0
440,7,74,0,1,15.91,0.23853211009174313,0.001310615989515072,763,0.08256880733944955,63,14,0
441,5,55,0,0,7.52,0.12571428571428572,0.0,175,0.05714285714285714,10,0,0
442,7,70,0,0,20.06,0.17153996101364521,0.003898635477582846,513,0.031189083820662766,16,49,0
443,8,79,0,1,13.21,0.08392857142857142,0.060714285714285714,560,0.22142857142857142,124,107,0
444,8,53,0,1,20.86,0.05685279187817259,0.1634517766497462,985,0.10050761421319797,99,0,0
445,5,87,0,0,12.93,0.17708333333333334,0.0,288,0.2152777777777778,62,109,0
446,7,18,0,0,23.05,0.20493827160493827,0.21975308641975308,405,0.11851851851851852,48,43,0
447,8,112,0,1,9.27,0.12172442941673711,0.0676246830092984,1183,0.03634826711749789,43,69,0
448,8,80,0,1,14.96,0.06376811594202898,0.1391304347826087,690,0.06231884057971015,43,0,0
449,7,77,0,1,14.25,0.24153005464480876,0.16721311475409836,915,0.10491803278688525,96,0,0
450,6,34,0,0,12.81,0.0,0.0,337,0.14540059347181009,49,11,0
451,7,172,0,0,16.86,0.16898148148148148,0.24074074074074073,432,0.023148148148148147,10,4,0
452,4,63,0,0,14.84,0.0,0.0,752,0.2074468085106383,156,0,0
453,8,190,0,1,19.02,0.12275179856115108,0.04316546762589928,2224,0.3547661870503597,789,0,0
454,6,44,0,0,22.35,0.19637883008356546,0.08913649025069638,718,0.04178272980501393,30,78,0
455,5,33,0,0,14.37,0.36127167630057805,0.0,346,0.05202312138728324,18,4,0
456,7,55,0,0,26.37,0.07142857142857142,0.20168067226890757,476,0.05672268907563025,27,120,0
457,8,101,0,1,20.15,0.0,0.04338153503893215,899,0.21468298109010012,193,79,0
458,8,67,1,1,14.3,0.11813643926788686,0.06156405990016639,601,0.011647254575707155,7,38,0
459,6,50,0,0,34.61,0.19584569732937684,0.06528189910979229,337,0.0771513353115727,26,83,0
460,5,102,1,1,17.7,0.072992700729927,0.06715328467153285,685,0.0,0,141,0
461,10,105,0,0,21.56,0.2,0.02643171806167401,1135,0.02907488986784141,33,83,0
462,5,31,0,0,11.71,0.27548209366391185,0.0,363,0.1790633608815427,65,104,0
463,5,35,0,0,24.59,0.6361185983827493,0.0,371,0.026954177897574125,10,27,0
464,8,288,1,1,15.77,0.07375886524822695,0.10921985815602837,705,0.06950354609929078,49,106,0
465,7,58,0,0,24.61,0.003795066413662239,0.0,527,0.3681214421252372,194,43,0
466,6,53,0,1,12.31,0.037940379403794036,0.0,369,0.02710027100271003,10,37,0
467,7,68,0,1,13.63,0.018218623481781375,0.010121457489878543,494,0.03643724696356275,18,31,0
468,5,30,0,1,7.6,0.21933962264150944,0.0,424,0.0,0,29,0
469,6,356,0,1,10.99,0.14419225634178906,0.021361815754339118,749,0.07610146862483311,57,112,0
470,6,61,0,0,32.56,0.2222222222222222,0.1388888888888889,252,0.0,0,23,0
471,6,60,0,1,10.5,0.19571865443425077,0.012232415902140673,654,0.0764525993883792,50,9,0
472,7,49,0,0,19.34,0.06578947368421052,0.0,380,0.060526315789473685,23,54,0
473,5,42,0,0,16.79,0.34782608695652173,0.043478260869565216,69,0.14492753623188406,10,21,0
474,5,47,1,0,21.13,0.3597972972972973,0.0,592,0.12837837837837837,76,58,0
475,7,25,0,0,25.79,0.03254437869822485,0.05621301775147929,338,0.11538461538461539,39,3,0
476,5,54,0,0,21.4,0.0,0.020785219399538105,433,0.16166281755196305,70,8,0
477,6,74,0,1,31.86,0.3104972375690608,0.05414364640883978,905,0.08066298342541436,73,65,0
478,3,139,0,1,9.31,0.5182724252491694,0.0,301,0.08305647840531562,25,83,0
479,8,157,1,1,19.87,0.2692307692307692,0.042582417582417584,728,0.0260989010989011,19,149,0
480,6,52,0,1,15.93,0.04086265607264472,0.1872871736662883,881,0.12258796821793416,108,33,0
481,5,52,0,0,16.75,0.2017353579175705,0.0,461,0.18655097613882862,86,0,0
482,9,158,0,0,23.4,0.004405286343612335,0.022026431718061675,227,0.11894273127753303,27,49,0
483,4,23,0,0,22.23,0.3295774647887324,0.0,355,0.13802816901408452,49,26,0
484,6,28,0,0,19.53,0.06352459016393443,0.040983606557377046,488,0.22950819672131148,112,98,0
485,7,28,0,1,12.46,0.5467625899280576,0.039568345323741004,556,0.007194244604316547,4,71,0
486,5,126,0,0,26.9,0.12698412698412698,0.06349206349206349,252,0.19047619047619047,48,107,0
487,8,198,0,1,24.97,0.3160415003990423,0.05426975259377494,1253,0.05027932960893855,63,213,0
488,6,43,0,0,16.28,0.40337711069418386,0.043151969981238276,533,0.15196998123827393,81,84,0
489,6,59,0,1,13.81,0.023972602739726026,0.032534246575342464,584,0.2243150684931507,131,68,0
490,6,52,0,0,18.1,0.09696969696969697,0.055757575757575756,825,0.013333333333333334,11,88,0
491,5,74,0,0,31.08,0.18,0.22,50,0.02,1,8,0
492,7,114,1,1,14.82,0.09926470588235294,0.10784313725490197,816,0.08455882352941177,69,106,0
493,5,33,0,0,17.04,0.15776699029126215,0.0,412,0.13106796116504854,54,54,0
494,6,47,0,0,14.52,0.09135802469135802,0.0049382716049382715,405,0.19753086419753085,80,51,0
495,7,69,1,1,9.27,0.14518002322880372,0.12311265969802555,861,0.032520325203252036,28,60,0
496,5,17,0,0,8.82,0.04878048780487805,0.0,123,0.21138211382113822,26,55,0
497,4,26,0,0,24.22,0.05917159763313609,0.0,338,0.3668639053254438,124,45,0
498,8,313,0,0,18.58,0.04229607250755287,0.0,662,0.09365558912386707,62,30,0
499,7,38,0,0,17.78,0.11517615176151762,0.08401084010840108,738,0.05962059620596206,44,93,0
500,5,31,0,0,10.49,0.060126582278481014,0.022151898734177215,316,0.33544303797468356,106,55,0
501,6,90,1,0,18.39,0.08385481852315395,0.0,799,0.0425531914893617,34,129,0
502,3,0,0,1,0.58,0.09523809523809523,0.0,21,0.0,0,3,0
503,5,165,0,1,5.46,0.21532846715328466,0.354014598540146,274,0.0,0,67,0
504,9,190,0,1,26.52,0.16206762534006997,0.12436844150796736,2573,0.04469490866692577,115,189,0
505,6,58,0,1,11.18,0.17012448132780084,0.006224066390041493,482,0.022821576763485476,11,42,0
506,8,98,0,0,35.59,0.21604938271604937,0.030864197530864196,162,0.05555555555555555,9,6,0
507,6,41,0,0,12.67,0.46174863387978143,0.08469945355191257,366,0.01092896174863388,4,126,0
508,8,119,0,1,11.65,0.03784219001610306,0.3389694041867955,1242,0.06602254428341385,82,149,0
509,6,32,0,0,16.87,0.04491017964071856,0.041916167664670656,334,0.04790419161676647,16,39,0
510,7,24,0,0,21.75,0.054187192118226604,0.0049261083743842365,406,0.1921182266009852,78,0,0
511,9,143,1,0,16.69,0.06382978723404255,0.1099290780141844,282,0.10638297872340426,30,77,0
512,6,202,1,1,10.16,0.3110761979575805,0.0,1273,0.0,0,104,0
513,10,88,1,1,20.79,0.21149674620390455,0.13123644251626898,922,0.05422993492407809,50,91,0
514,6,47,0,0,21.79,0.017045454545454544,0.26136363636363635,528,0.10416666666666667,55,149,0
515,7,171,0,1,16.06,0.1118421052631579,0.07894736842105263,152,0.02631578947368421,4,32,0
516,5,53,0,0,14.03,0.09251101321585903,0.004405286343612335,454,0.0,0,53,0
517,5,39,0,0,12.56,0.16666666666666666,0.0,456,0.0021929824561403508,1,0,0
518,6,63,0,0,19.13,0.23278688524590163,0.05901639344262295,610,0.02459016393442623,15,53,0
519,6,83,0,1,20.05,0.04005524861878453,0.1671270718232044,724,0.4157458563535912,301,120,0
520,7,81,0,1,17.24,0.03696682464454976,0.04454976303317536,1055,0.26919431279620853,284,107,0
521,9,212,0,0,27.71,0.05641025641025641,0.09487179487179487,390,0.07948717948717948,31,102,0
522,4,26,0,0,14.89,0.18359375,0.1328125,256,0.0546875,14,49,0
523,4,31,1,0,13.11,0.14345991561181434,0.0,474,0.16244725738396623,77,22,0
524,8,35,0,0,27.55,0.08941176470588236,0.04,425,0.13411764705882354,57,41,0
525,5,33,0,0,13.72,0.03365384615384615,0.0,208,0.038461538461538464,8,0,0
526,6,80,0,1,13.93,0.10674157303370786,0.05056179775280899,712,0.10112359550561797,72,35,0
527,3,73,0,0,19.11,0.06,0.0,100,0.0,0,22,0
528,5,49,0,0,28.91,0.3229665071770335,0.07655502392344497,418,0.20334928229665072,85,50,0
529,7,26,0,1,18.51,0.08998732572877059,0.11026615969581749,789,0.015209125475285171,12,117,0
530,8,122,0,1,18.22,0.3208092485549133,0.056647398843930635,1730,0.030635838150289016,53,38,0
531,3,16,0,0,15.21,0.21171171171171171,0.0,222,0.0,0,39,0
532,7,47,0,1,12.24,0.044745057232049947,0.09989594172736732,961,0.008324661810613945,8,131,0
533,5,32,0,0,10.36,0.2741514360313316,0.0,383,0.0,0,18,0
534,7,69,0,0,24.02,0.11621621621621622,0.01891891891891892,740,0.014864864864864866,11,10,0
535,6,70,0,0,14.44,0.03943217665615142,0.050473186119873815,634,0.18138801261829654,115,36,0
536,4,45,0,0,33.61,0.27111111111111114,0.1288888888888889,450,0.0,0,30,0
537,9,159,0,1,28.93,0.1429105873550318,0.10475121586232697,2673,0.186307519640853,498,229,0
538,7,185,0,0,35.5,0.24192059095106186,0.08125577100646353,1083,0.040627885503231764,44,175,0
539,6,358,0,0,24.33,0.1267605633802817,0.07887323943661972,710,0.0647887323943662,46,37,0
540,8,69,0,1,16.16,0.08614668218859138,0.01629802095459837,859,0.0710128055878929,61,56,0
541,6,52,0,0,31.7,0.0291005291005291,0.09788359788359788,756,0.0,0,36,0
542,4,40,1,0,25.36,0.0,0.26591760299625467,267,0.1797752808988764,48,58,0
543,7,76,0,1,17.31,0.022813688212927757,0.11026615969581749,789,0.05576679340937896,44,133,0
544,3,94,0,0,13.28,0.3220338983050847,0.0,59,0.3559322033898305,21,8,0
545,10,46,0,1,11.92,0.027946537059538274,0.11786148238153099,823,0.10814094775212636,89,158,0
546,8,226,1,1,13.93,0.04849726775956284,0.16188524590163936,1464,0.09153005464480875,134,80,0
547,6,51,0,0,12.58,0.019855595667870037,0.0,554,0.032490974729241874,18,26,0
548,7,242,0,1,16.37,0.01331967213114754,0.1557377049180328,976,0.14959016393442623,146,125,0
549,7,85,0,1,14.16,0.05272108843537415,0.10204081632653061,588,0.0,0,16,0
550,7,102,0,1,21.96,0.14540816326530612,0.06717687074829932,1176,0.06292517006802721,74,285,0
551,8,45,0,0,13.47,0.045454545454545456,0.043478260869565216,506,0.12845849802371542,65,35,0
552,8,146,0,1,21.91,0.21207729468599035,0.07198067632850241,2070,0.021739130434782608,45,61,0
553,7,45,1,1,14.49,0.125,0.02142857142857143,560,0.3875,217,46,0
554,5,36,0,0,25.82,0.17914438502673796,0.00267379679144385,374,0.0053475935828877,2,40,0
555,6,42,1,0,11.55,0.19613259668508287,0.0027624309392265192,362,0.03314917127071823,12,0,0
556,10,152,0,1,19.79,0.1264031234748658,0.05222059541239629,2049,0.06051732552464617,124,129,0
557,6,26,0,0,18.34,0.3432343234323432,0.052805280528052806,303,0.036303630363036306,11,25,0
558,9,87,0,1,13.23,0.09106239460370995,0.13490725126475547,593,0.09443507588532883,56,58,0
559,9,246,0,1,18.9,0.22027027027027027,0.10045045045045045,2220,0.05405405405405406,120,410,0
560,7,89,1,0,12.27,0.047619047619047616,0.0761904761904762,105,0.05714285714285714,6,42,0
561,6,31,0,0,21.87,0.2385542168674699,0.0,415,0.033734939759036145,14,65,0
562,6,79,1,0,20.25,0.39263803680981596,0.0,163,0.024539877300613498,4,13,0
563,6,39,0,0,15.43,0.1518324607329843,0.0,573,0.16404886561954624,94,48,0
564,8,123,0,1,19.9,0.1531791907514451,0.16329479768786126,1384,0.09248554913294797,128,120,0
565,6,133,0,0,23.73,0.04878048780487805,0.13414634146341464,82,0.12195121951219512,10,104,0
566,5,36,0,0,15.91,0.07775377969762419,0.36285097192224625,463,0.0,0,84,0
567,8,55,0,1,14.37,0.0395010395010395,0.2182952182952183,481,0.035343035343035345,17,0,0
568,6,71,0,0,17.87,0.0071174377224199285,0.17437722419928825,562,0.04804270462633452,27,105,0
569,7,34,0,0,16.95,0.16326530612244897,0.0,392,0.22448979591836735,88,30,0
570,7,132,0,1,10.81,0.17562724014336917,0.005973715651135006,837,0.4743130227001195,397,122,0
571,8,68,0,1,13.17,0.196113074204947,0.00530035335689046,566,0.0,0,162,0
572,9,93,0,0,25.15,0.0860655737704918,0.014344262295081968,488,0.20081967213114754,98,36,0
573,8,104,0,1,14.28,0.14106583072100312,0.06165099268547544,957,0.14315569487983282,137,181,0
574,9,107,0,1,14.86,0.05872756933115824,0.17128874388254486,613,0.13213703099510604,81,214,0
575,8,70,0,0,37.93,0.056790123456790124,0.022222222222222223,405,0.15308641975308643,62,69,0
576,7,38,0,1,12.62,0.16845329249617153,0.0,653,0.09341500765696784,61,58,0
577,9,65,0,1,14.55,0.07573632538569425,0.02664796633941094,713,0.12903225806451613,92,70,0
578,8,142,0,1,22.35,0.14258188824662812,0.10789980732177264,1557,0.005138086062941554,8,136,0
579,8,68,0,0,14.87,0.07852564102564102,0.21794871794871795,624,0.027243589743589744,17,108,0
580,6,68,0,0,18.39,0.04219409282700422,0.13924050632911392,474,0.14767932489451477,70,23,0
581,6,45,0,0,13.57,0.02810304449648712,0.2107728337236534,427,0.0,0,28,0
582,9,46,0,0,19.17,0.08333333333333333,0.016666666666666666,60,0.03333333333333333,2,19,0
583,6,51,0,0,23.63,0.1821705426356589,0.00904392764857881,774,0.0,0,37,0
584,6,48,0,0,13.47,0.41739130434782606,0.015217391304347827,460,0.0,0,31,0
585,6,119,1,0,27.73,0.01098901098901099,0.06593406593406594,91,0.01098901098901099,1,44,0
586,5,47,1,0,14.43,0.015555555555555555,0.0,450,0.18444444444444444,83,97,0
587,8,146,0,1,23.05,0.13327289211242066,0.12239347234814144,1103,0.0770625566636446,85,311,0
588,4,38,0,0,20.07,0.15734265734265734,0.17832167832167833,572,0.1993006993006993,114,0,0
589,9,190,0,1,26.52,0.16206762534006997,0.12436844150796736,2573,0.04469490866692577,115,189,0
590,6,50,0,0,20.35,0.14042553191489363,0.02127659574468085,470,0.0,0,0,0
591,4,82,0,0,26.32,0.046511627906976744,0.0,86,0.12790697674418605,11,22,0
592,8,143,0,1,15.21,0.03961136023916293,0.15844544095665172,1338,0.005979073243647235,8,142,0
593,6,59,0,0,15.81,0.17083333333333334,0.05416666666666667,480,0.0,0,0,0
594,5,39,0,0,15.14,0.15581854043392504,0.11045364891518737,507,0.26232741617357,133,56,0
595,5,40,0,0,26.17,0.07317073170731707,0.42005420054200543,369,0.10569105691056911,39,5,0
596,4,17,0,0,11.92,0.20853080568720378,0.0,211,0.0,0,18,0
597,5,104,0,1,16.88,0.5081227436823105,0.0,1108,0.1055956678700361,117,98,0
598,6,70,0,0,16.11,0.22448979591836735,0.061224489795918366,98,0.061224489795918366,6,14,0
599,7,82,0,1,16.4,0.13048933500627352,0.18193224592220827,797,0.12045169385194479,96,88,0
600,4,24,0,0,19.36,0.0,0.10069444444444445,288,0.1423611111111111,41,68,0
601,5,37,0,0,13.48,0.17110266159695817,0.0,263,0.19771863117870722,52,35,0
602,5,66,0,0,28.53,0.11483253588516747,0.145933014354067,418,0.14114832535885166,59,64,0
603,9,36,0,0,22.95,0.06451612903225806,0.10436432637571158,527,0.1461100569259962,77,64,0
604,9,66,0,1,19.56,0.11977401129943503,0.04406779661016949,885,0.08700564971751412,77,236,0
605,6,73,0,0,22.68,0.0729483282674772,0.037993920972644375,658,0.06534954407294832,43,101,0
606,4,36,0,0,14.24,0.03582089552238806,0.15223880597014924,335,0.41492537313432837,139,0,0
607,6,29,0,0,20.59,0.28213166144200624,0.0,319,0.07210031347962383,23,64,0
608,4,86,0,0,14.93,0.057803468208092484,0.0,519,0.0,0,26,0
609,5,23,0,0,21.11,0.02358490566037736,0.19339622641509435,212,0.07547169811320754,16,68,0
610,8,74,0,0,15.04,0.1774193548387097,0.05241935483870968,496,0.012096774193548387,6,121,0
611,3,167,0,0,29.32,0.1804733727810651,0.0,338,0.0621301775147929,21,71,0
612,5,44,0,0,9.14,0.1263537906137184,0.0,277,0.061371841155234655,17,70,0
613,4,56,0,0,12.56,0.13163972286374134,0.0,433,0.046189376443418015,20,36,0
614,8,156,0,1,22.51,0.17058823529411765,0.058823529411764705,340,0.06470588235294118,22,20,0
615,6,24,0,0,14.13,0.03550295857988166,0.0,169,0.0,0,4,0
616,4,68,0,0,27.01,0.28346456692913385,0.0,508,0.0,0,0,0
617,8,94,1,1,13.51,0.03625815808556925,0.2661348803480783,1379,0.021754894851341553,30,342,0
618,8,247,0,1,22.5,0.0882274068114776,0.07481898632341111,3729,0.03378921962992759,126,147,0
619,8,72,0,1,17.79,0.020491803278688523,0.036885245901639344,732,0.01639344262295082,12,200,0
620,6,20,0,0,13.04,0.11891891891891893,0.07567567567567568,185,0.10810810810810811,20,0,0
621,6,630,0,1,22.97,0.038803556992724336,0.004042037186742118,1237,0.01131770412287793,14,143,0
