Education_Level_associate,Education_Level_bachelor,Education_Level_diploma,Education_Level_master,Education_Level_phd,Education_Level_unknown,Job_Title_architect,Job_Title_developer,Job_Title_engineer,Job_Title_manager,Job_Title_unknown,Total_Word_Count,Has_Photo,Has_Colors,Pages,Keyword_Count,Keyword_Ratio,Education_Exists,Education_Word_Count,Work_Experience_Exists,Work_Experience_Word_Count,Skills_Exists,Skills_Word_Count,Certifications_Exists,Certifications_Word_Count,Achievements_Exists,Achievements_Word_Count,Professional_Profile_Exists,Professional_Profile_Word_Count,Projects_Exists,projects_Word_Count,volunteer_work_Exists,volunteer_work_Word_Count,Passed,english,french,spanish
0.0,0.0,0.0,0.0,0.0,1.0,0.0,0.0,1.0,0.0,0.0,451,1,1,2,15,0.03325942350332594,1,124,1,265,0,0,0,0,0,0,0,0,0,0,0,0,0,1,0,0
0.0,1.0,0.0,0.0,0.0,0.0,0.0,1.0,0.0,0.0,0.0,1080,1,1,5,42,0.03888888888888889,1,44,1,25,1,3,0,0,0,0,1,4,1,101,0,0,0,1,0,0
0.0,0.0,0.0,0.0,0.0,1.0,0.0,0.0,1.0,0.0,0.0,675,1,1,2,4,0.005925925925925926,0,0,1,380,1,60,0,0,0,0,0,0,0,0,0,0,1,0,0,0
0.0,1.0,0.0,0.0,0.0,0.0,0.0,0.0,1.0,0.0,0.0,503,0,0,2,21,0.041749502982107355,1,15,1,381,1,32,0,0,0,0,1,29,0,0,0,0,0,1,0,0
0.0,1.0,0.0,0.0,0.0,0.0,0.0,1.0,0.0,0.0,0.0,473,0,1,2,11,0.023255813953488372,1,39,1,351,1,71,0,0,0,0,0,0,0,0,0,0,1,1,0,0
0.0,0.0,0.0,0.0,0.0,1.0,0.0,0.0,1.0,0.0,0.0,430,0,0,2,10,0.023255813953488372,1,111,1,10,1,1,0,0,0,0,1,7,1,20,0,0,1,1,0,0
0.0,0.0,0.0,1.0,0.0,0.0,0.0,0.0,1.0,0.0,0.0,760,0,0,2,23,0.030263157894736843,1,35,1,5,1,70,0,0,0,0,1,25,1,191,0,0,0,0,0,0
0.0,0.0,0.0,0.0,0.0,1.0,0.0,0.0,1.0,0.0,0.0,1381,0,0,6,111,0.04152637485970819,1,170,1,254,1,21,0,0,1,41,1,7,1,551,0,0,0,0,0,0
0.0,0.0,0.0,1.0,0.0,0.0,0.0,0.0,1.0,0.0,0.0,544,0,0,2,16,0.029411764705882353,1,132,1,378,1,13,0,0,0,0,0,0,0,0,0,0,0,0,0,0
0.0,0.0,0.0,0.0,0.0,1.0,0.0,0.0,1.0,0.0,0.0,499,1,1,2,26,0.052104208416833664,1,40,1,384,1,2,0,0,0,0,1,57,0,0,0,0,1,0,0,0
0.0,0.0,0.0,0.0,0.0,1.0,0.0,0.0,1.0,0.0,0.0,697,1,1,4,20,0.028694404591104734,0,0,1,42,0,0,0,0,0,0,0,0,0,0,0,0,1,1,0,0
0.0,1.0,0.0,0.0,0.0,0.0,0.0,0.0,1.0,0.0,0.0,378,0,0,1,14,0.037037037037037035,1,19,1,18,1,262,0,0,0,0,1,8,1,50,0,0,1,1,0,0
0.0,0.0,0.0,0.0,0.0,1.0,0.0,0.0,1.0,0.0,0.0,532,1,1,1,14,0.02631578947368421,1,208,1,68,0,0,0,0,0,0,1,4,0,0,0,0,1,1,0,1
0.0,0.0,0.0,0.0,0.0,1.0,0.0,1.0,0.0,0.0,0.0,909,1,1,5,14,0.015401540154015401,1,9,1,19,1,8,0,0,0,0,1,28,1,127,0,0,0,1,0,0
0.0,1.0,0.0,0.0,0.0,0.0,0.0,0.0,1.0,0.0,0.0,1381,1,1,6,62,0.04223433242506812,1,111,1,23,1,356,0,0,0,0,1,4,1,31,0,0,0,0,0,0
1.0,0.0,0.0,0.0,0.0,0.0,0.0,0.0,1.0,0.0,0.0,639,0,0,3,15,0.023474178403755867,1,72,1,59,1,2,1,19,0,0,0,0,1,403,0,0,1,0,0,0
0.0,0.0,0.0,0.0,0.0,1.0,0.0,0.0,1.0,0.0,0.0,512,1,1,1,26,0.05078125,0,0,1,302,0,0,0,0,0,0,0,0,1,24,0,0,0,0,0,0
0.0,0.0,0.0,0.0,0.0,1.0,0.0,1.0,0.0,0.0,0.0,1381,1,1,7,33,0.022540983606557378,1,54,1,324,0,0,0,0,0,0,0,0,1,347,0,0,0,1,0,0
0.0,0.0,0.0,0.0,0.0,1.0,0.0,0.0,1.0,0.0,0.0,383,1,1,2,24,0.06266318537859007,1,32,1,14,0,0,0,0,0,0,0,0,0,0,0,0,0,1,0,0
0.0,1.0,0.0,0.0,0.0,0.0,0.0,0.0,1.0,0.0,0.0,279,1,0,2,22,0.07885304659498207,1,20,1,234,0,0,0,0,0,0,0,0,0,0,0,0,0,0,0,0
0.0,0.0,0.0,1.0,0.0,0.0,0.0,0.0,1.0,0.0,0.0,1177,1,1,3,17,0.014443500424808835,1,208,1,41,1,82,0,0,0,0,1,50,1,103,0,0,0,0,0,0
0.0,0.0,0.0,1.0,0.0,0.0,0.0,0.0,1.0,0.0,0.0,727,1,1,2,14,0.01925722145804677,1,91,1,10,0,0,0,0,1,41,1,18,1,324,0,0,0,1,0,0
0.0,0.0,0.0,1.0,0.0,0.0,0.0,0.0,1.0,0.0,0.0,1125,1,1,9,39,0.034666666666666665,1,112,1,56,1,10,0,0,0,0,1,4,1,551,0,0,0,1,0,0
0.0,0.0,0.0,0.0,0.0,1.0,0.0,1.0,0.0,0.0,0.0,1381,1,1,10,20,0.014326647564469915,1,63,1,26,0,0,0,0,1,41,0,0,1,38,0,0,1,1,0,0
0.0,0.0,0.0,1.0,0.0,0.0,0.0,0.0,1.0,0.0,0.0,511,1,1,1,12,0.023483365949119372,0,0,1,280,0,0,0,0,1,41,0,0,0,0,0,0,0,1,0,0
0.0,1.0,0.0,0.0,0.0,0.0,0.0,0.0,1.0,0.0,0.0,343,0,1,2,3,0.008746355685131196,1,73,1,191,1,1,0,0,0,0,0,0,1,77,0,0,0,0,0,0
0.0,0.0,0.0,1.0,0.0,0.0,0.0,0.0,1.0,0.0,0.0,1055,0,0,4,54,0.05118483412322275,1,27,1,112,1,356,0,0,0,0,0,0,0,0,0,0,0,0,0,0
0.0,0.0,0.0,0.0,0.0,1.0,0.0,0.0,1.0,0.0,0.0,865,1,1,3,36,0.04161849710982659,1,55,1,12,1,13,0,0,0,0,1,84,1,175,0,0,1,1,0,0
0.0,1.0,0.0,0.0,0.0,0.0,0.0,1.0,0.0,0.0,0.0,474,0,0,2,44,0.09282700421940929,1,13,1,30,1,356,0,0,0,0,0,0,1,17,0,0,0,0,0,0
0.0,0.0,0.0,1.0,0.0,0.0,0.0,0.0,1.0,0.0,0.0,1381,1,1,5,26,0.017127799736495388,1,47,1,6,1,137,1,65,0,0,0,0,1,97,0,0,1,1,0,0
0.0,0.0,0.0,1.0,0.0,0.0,0.0,1.0,0.0,0.0,0.0,655,0,0,3,39,0.059541984732824425,1,27,1,407,1,4,1,2,0,0,1,31,0,0,0,0,0,0,0,0
0.0,1.0,0.0,0.0,0.0,0.0,0.0,0.0,1.0,0.0,0.0,690,0,0,3,16,0.02318840579710145,1,78,1,57,1,17,1,45,1,41,0,0,0,0,0,0,0,1,0,0
0.0,0.0,0.0,1.0,0.0,0.0,0.0,0.0,1.0,0.0,0.0,647,0,0,1,11,0.017001545595054096,0,0,1,46,1,356,0,0,1,13,0,0,1,129,0,0,0,1,0,0
0.0,0.0,0.0,0.0,0.0,1.0,0.0,0.0,1.0,0.0,0.0,559,0,0,4,35,0.0626118067978533,1,28,1,7,0,0,1,22,0,0,1,1,1,11,0,0,1,1,0,0
0.0,0.0,0.0,0.0,0.0,1.0,0.0,0.0,1.0,0.0,0.0,269,0,1,1,12,0.04460966542750929,1,56,1,76,1,113,0,0,0,0,0,0,0,0,0,0,1,1,0,0
0.0,0.0,0.0,0.0,0.0,1.0,0.0,0.0,1.0,0.0,0.0,593,1,1,2,14,0.023608768971332208,1,208,1,7,1,145,1,32,0,0,1,7,0,0,0,0,0,0,0,0
0.0,1.0,0.0,0.0,0.0,0.0,0.0,0.0,1.0,0.0,0.0,736,0,0,2,27,0.036684782608695655,1,42,1,407,0,0,0,0,0,0,1,84,0,0,0,0,1,1,0,0
1.0,0.0,0.0,0.0,0.0,0.0,0.0,0.0,1.0,0.0,0.0,414,0,0,1,17,0.04106280193236715,1,78,1,30,1,2,1,19,0,0,0,0,1,120,0,0,1,1,0,0
0.0,0.0,0.0,1.0,0.0,0.0,0.0,0.0,1.0,0.0,0.0,651,1,1,2,16,0.02457757296466974,1,141,1,15,1,165,1,65,0,0,1,11,0,0,0,0,1,0,0,0
0.0,0.0,0.0,1.0,0.0,0.0,0.0,0.0,1.0,0.0,0.0,1256,1,1,4,36,0.028662420382165606,1,2,1,109,1,190,0,0,0,0,1,7,0,0,0,0,1,1,0,0
0.0,1.0,0.0,0.0,0.0,0.0,0.0,0.0,1.0,0.0,0.0,1381,1,1,6,121,0.05740037950664137,1,34,1,72,0,0,0,0,0,0,0,0,1,39,0,0,1,1,0,0
0.0,0.0,0.0,0.0,0.0,1.0,0.0,0.0,1.0,0.0,0.0,1084,1,1,4,9,0.008302583025830259,1,31,1,22,1,356,1,65,0,0,1,84,0,0,0,0,1,1,0,0
0.0,0.0,0.0,1.0,0.0,0.0,0.0,0.0,1.0,0.0,0.0,481,1,1,3,16,0.033264033264033266,1,17,1,45,1,19,1,65,0,0,1,5,1,227,0,0,0,1,0,0
1.0,0.0,0.0,0.0,0.0,0.0,0.0,0.0,1.0,0.0,0.0,388,1,1,1,8,0.020618556701030927,1,53,1,65,1,38,0,0,0,0,1,30,1,152,0,0,0,1,0,0
0.0,0.0,0.0,0.0,0.0,1.0,0.0,0.0,1.0,0.0,0.0,517,0,1,1,13,0.025145067698259187,1,19,1,155,1,191,0,0,0,0,1,14,0,0,0,0,1,1,0,0
0.0,0.0,0.0,0.0,0.0,1.0,0.0,0.0,1.0,0.0,0.0,267,1,1,8,6,0.02247191011235955,1,208,1,31,1,8,0,0,0,0,0,0,0,0,0,0,0,0,0,0
0.0,0.0,0.0,0.0,0.0,1.0,0.0,0.0,1.0,0.0,0.0,1381,1,1,10,67,0.01796728345400912,1,3,1,67,1,14,0,0,0,0,1,18,1,551,0,0,0,0,0,0
0.0,0.0,0.0,1.0,0.0,0.0,0.0,0.0,1.0,0.0,0.0,566,0,0,3,26,0.045936395759717315,1,49,1,407,1,3,1,2,0,0,0,0,0,0,0,0,1,1,0,0
0.0,0.0,0.0,0.0,0.0,1.0,0.0,0.0,1.0,0.0,0.0,740,0,0,2,47,0.06351351351351352,1,27,1,100,1,56,0,0,0,0,0,0,1,369,0,0,0,1,0,0
0.0,0.0,0.0,1.0,0.0,0.0,0.0,0.0,1.0,0.0,0.0,1098,0,1,3,45,0.040983606557377046,1,134,1,131,1,100,1,48,0,0,1,84,1,31,1,485,0,0,0,0
0.0,0.0,0.0,0.0,0.0,1.0,0.0,0.0,0.0,0.0,1.0,733,1,1,2,25,0.034106412005457026,0,0,1,407,0,0,0,0,0,0,0,0,0,0,0,0,0,0,0,0
0.0,0.0,0.0,0.0,0.0,1.0,0.0,0.0,1.0,0.0,0.0,401,1,1,2,4,0.00997506234413965,1,33,1,37,1,40,0,0,0,0,1,84,0,0,0,0,0,0,0,0
0.0,0.0,0.0,1.0,0.0,0.0,0.0,0.0,1.0,0.0,0.0,1098,0,1,3,45,0.040983606557377046,1,134,1,131,1,100,1,48,0,0,1,84,1,31,1,485,1,0,0,0
0.0,0.0,0.0,0.0,0.0,1.0,0.0,0.0,1.0,0.0,0.0,438,1,1,1,5,0.01141552511415525,1,208,1,32,0,0,0,0,1,32,1,19,1,89,0,0,1,1,0,0
1.0,0.0,0.0,0.0,0.0,0.0,0.0,1.0,0.0,0.0,0.0,1381,0,0,6,30,0.017341040462427744,1,208,1,395,1,15,1,12,1,6,1,43,1,551,0,0,0,0,0,0
0.0,0.0,0.0,0.0,0.0,1.0,0.0,1.0,0.0,0.0,0.0,955,0,1,4,38,0.039790575916230364,0,0,1,124,1,68,1,65,0,0,0,0,1,148,0,0,0,0,0,0
0.0,0.0,0.0,0.0,0.0,1.0,0.0,0.0,1.0,0.0,0.0,222,1,1,1,15,0.06756756756756757,1,16,1,82,0,0,0,0,0,0,1,84,1,16,0,0,0,0,0,0
0.0,0.0,0.0,1.0,0.0,0.0,0.0,0.0,1.0,0.0,0.0,847,0,1,4,29,0.03423848878394333,1,29,1,21,1,93,1,65,0,0,1,19,1,532,0,0,1,0,0,0
0.0,0.0,0.0,0.0,0.0,1.0,0.0,0.0,1.0,0.0,0.0,1381,1,1,6,21,0.013257575757575758,0,0,1,407,1,356,0,0,0,0,1,84,0,0,1,72,0,0,0,0
0.0,0.0,0.0,0.0,0.0,1.0,0.0,0.0,1.0,0.0,0.0,990,1,1,3,35,0.03535353535353535,1,142,1,113,0,0,0,0,0,0,0,0,1,290,0,0,0,0,0,0
0.0,0.0,0.0,1.0,0.0,0.0,0.0,0.0,1.0,0.0,0.0,1381,0,0,5,39,0.015157403808783521,1,140,1,226,0,0,0,0,0,0,0,0,1,551,0,0,0,0,0,0
0.0,0.0,0.0,1.0,0.0,0.0,0.0,0.0,1.0,0.0,0.0,848,1,1,3,10,0.01179245283018868,0,0,1,40,1,112,0,0,0,0,1,36,1,544,0,0,0,0,0,0
0.0,0.0,0.0,0.0,0.0,1.0,0.0,0.0,1.0,0.0,0.0,494,1,1,3,18,0.03643724696356275,1,27,1,132,0,0,0,0,0,0,1,8,0,0,0,0,0,1,0,0
0.0,0.0,0.0,1.0,0.0,0.0,0.0,0.0,1.0,0.0,0.0,668,0,0,3,26,0.038922155688622756,1,16,1,48,1,356,1,4,0,0,1,11,1,44,0,0,0,1,0,0
0.0,0.0,0.0,0.0,0.0,1.0,0.0,0.0,1.0,0.0,0.0,1135,0,0,4,11,0.009691629955947136,1,208,1,86,0,0,0,0,1,26,1,5,1,551,0,0,1,1,0,0
0.0,0.0,0.0,1.0,0.0,0.0,0.0,0.0,1.0,0.0,0.0,1381,1,1,6,74,0.040748898678414094,1,208,1,17,1,356,0,0,0,0,1,84,1,132,0,0,0,0,0,0
0.0,0.0,0.0,1.0,0.0,0.0,0.0,0.0,1.0,0.0,0.0,728,0,1,3,51,0.07005494505494506,1,10,1,69,1,4,1,28,0,0,1,11,0,0,0,0,1,0,0,0
1.0,0.0,0.0,0.0,0.0,0.0,0.0,0.0,1.0,0.0,0.0,752,1,1,2,27,0.03590425531914894,0,0,1,407,0,0,0,0,0,0,0,0,0,0,0,0,1,0,0,0
0.0,0.0,0.0,0.0,0.0,1.0,0.0,0.0,0.0,0.0,1.0,1313,0,0,6,25,0.01904036557501904,0,0,1,236,0,0,0,0,0,0,0,0,0,0,0,0,1,0,0,0
0.0,0.0,0.0,0.0,0.0,1.0,0.0,0.0,1.0,0.0,0.0,1381,1,1,19,11,0.0035772357723577236,1,68,1,11,1,94,0,0,0,0,1,3,1,551,0,0,0,1,0,0
0.0,1.0,0.0,0.0,0.0,0.0,0.0,0.0,1.0,0.0,0.0,742,0,0,2,23,0.03099730458221024,1,208,1,127,0,0,0,0,0,0,0,0,1,295,0,0,1,1,0,0
0.0,0.0,0.0,0.0,0.0,1.0,0.0,1.0,0.0,0.0,0.0,793,1,1,3,31,0.03909205548549811,1,2,1,4,1,46,1,65,1,41,1,8,1,31,0,0,1,1,0,0
0.0,1.0,0.0,0.0,0.0,0.0,0.0,0.0,1.0,0.0,0.0,328,1,1,1,8,0.024390243902439025,1,21,1,20,1,269,0,0,0,0,1,12,0,0,0,0,0,1,0,1
0.0,1.0,0.0,0.0,0.0,0.0,0.0,1.0,0.0,0.0,0.0,683,0,1,3,19,0.027818448023426062,1,24,1,87,1,10,1,45,0,0,1,5,0,0,0,0,1,0,0,0
0.0,0.0,0.0,0.0,0.0,1.0,0.0,1.0,0.0,0.0,0.0,799,0,0,2,14,0.017521902377972465,1,40,1,407,1,15,0,0,0,0,1,4,0,0,0,0,0,1,0,0
0.0,0.0,0.0,0.0,0.0,1.0,0.0,1.0,0.0,0.0,0.0,1284,0,0,6,45,0.035046728971962614,1,208,1,16,1,53,0,0,0,0,1,51,1,116,0,0,0,0,0,0
0.0,1.0,0.0,0.0,0.0,0.0,0.0,0.0,1.0,0.0,0.0,1381,0,0,8,60,0.029282576866764276,1,24,1,46,1,1,1,59,1,41,1,10,1,551,0,0,0,0,0,0
0.0,0.0,0.0,1.0,0.0,0.0,0.0,1.0,0.0,0.0,0.0,1237,1,1,4,19,0.015359741309620048,0,0,0,0,0,0,0,0,0,0,0,0,0,0,0,0,0,0,0,0
0.0,0.0,1.0,0.0,0.0,0.0,0.0,1.0,0.0,0.0,0.0,1070,1,1,3,55,0.0514018691588785,0,0,1,60,0,0,0,0,0,0,0,0,1,551,0,0,0,1,0,1
0.0,0.0,0.0,0.0,0.0,1.0,0.0,1.0,0.0,0.0,0.0,340,0,0,1,7,0.020588235294117647,0,0,0,0,0,0,0,0,0,0,0,0,0,0,0,0,0,0,0,0
0.0,0.0,0.0,1.0,0.0,0.0,0.0,0.0,1.0,0.0,0.0,1381,0,0,5,35,0.016908212560386472,1,28,1,152,1,2,1,65,0,0,1,21,1,264,0,0,0,1,0,0
0.0,0.0,0.0,0.0,0.0,1.0,0.0,0.0,1.0,0.0,0.0,438,1,1,1,5,0.01141552511415525,1,208,1,32,0,0,0,0,1,32,1,19,1,89,0,0,0,1,0,0
0.0,0.0,0.0,0.0,0.0,1.0,0.0,0.0,1.0,0.0,0.0,623,1,1,3,25,0.04012841091492777,1,121,1,64,1,241,0,0,0,0,0,0,1,140,0,0,1,1,0,0
0.0,0.0,0.0,1.0,0.0,0.0,0.0,0.0,1.0,0.0,0.0,382,1,1,1,13,0.034031413612565446,1,26,1,269,1,28,0,0,1,38,1,1,0,0,0,0,1,1,0,0
0.0,0.0,0.0,0.0,0.0,1.0,0.0,0.0,0.0,0.0,1.0,1189,1,1,7,32,0.02691337258200168,0,0,1,407,0,0,0,0,0,0,0,0,0,0,0,0,0,0,0,0
0.0,0.0,0.0,0.0,0.0,1.0,0.0,1.0,0.0,0.0,0.0,551,0,0,2,14,0.025408348457350273,1,62,1,9,1,56,0,0,0,0,1,4,1,21,0,0,0,1,0,0
0.0,0.0,0.0,0.0,0.0,1.0,0.0,0.0,1.0,0.0,0.0,676,1,1,3,15,0.022189349112426034,0,0,1,15,1,356,0,0,0,0,0,0,1,33,0,0,0,0,0,0
0.0,0.0,0.0,1.0,0.0,0.0,0.0,0.0,1.0,0.0,0.0,930,1,1,3,24,0.025806451612903226,1,2,1,17,1,126,0,0,0,0,1,10,1,551,0,0,1,1,0,1
0.0,0.0,1.0,0.0,0.0,0.0,0.0,1.0,0.0,0.0,0.0,845,1,1,8,13,0.015384615384615385,0,0,1,407,0,0,0,0,0,0,0,0,0,0,0,0,0,0,0,0
0.0,1.0,0.0,0.0,0.0,0.0,0.0,1.0,0.0,0.0,0.0,436,0,0,2,16,0.03669724770642202,1,21,1,26,1,108,0,0,0,0,1,74,1,6,0,0,1,1,0,0
0.0,0.0,0.0,0.0,0.0,1.0,0.0,1.0,0.0,0.0,0.0,72,0,0,3,8,0.1111111111111111,0,0,1,37,0,0,0,0,0,0,0,0,0,0,0,0,0,0,0,0
0.0,0.0,0.0,1.0,0.0,0.0,0.0,1.0,0.0,0.0,0.0,925,1,1,5,43,0.046486486486486484,1,208,1,347,1,301,0,0,0,0,0,0,0,0,0,0,0,0,0,0
0.0,0.0,0.0,0.0,0.0,1.0,0.0,0.0,1.0,0.0,0.0,865,1,1,3,36,0.04161849710982659,1,55,1,12,1,13,0,0,0,0,1,84,1,175,0,0,1,1,0,0
0.0,0.0,0.0,1.0,0.0,0.0,0.0,0.0,1.0,0.0,0.0,1381,1,1,10,50,0.02765486725663717,1,30,1,18,0,0,0,0,0,0,1,84,1,551,0,0,1,1,0,0
0.0,0.0,0.0,1.0,0.0,0.0,0.0,0.0,1.0,0.0,0.0,368,0,1,1,12,0.03260869565217391,1,94,1,11,1,6,0,0,0,0,1,36,1,40,0,0,1,0,0,0
0.0,0.0,0.0,0.0,0.0,1.0,0.0,0.0,1.0,0.0,0.0,349,1,1,1,14,0.04011461318051576,1,114,1,47,1,17,0,0,1,41,1,2,1,79,0,0,0,0,0,0
0.0,1.0,0.0,0.0,0.0,0.0,0.0,0.0,1.0,0.0,0.0,312,0,0,2,14,0.04487179487179487,0,0,1,149,1,68,0,0,0,0,0,0,0,0,0,0,0,1,0,1
0.0,0.0,0.0,1.0,0.0,0.0,0.0,0.0,1.0,0.0,0.0,569,1,0,4,14,0.02460456942003515,1,121,1,258,0,0,0,0,0,0,0,0,1,80,0,0,1,0,0,0
0.0,0.0,0.0,0.0,0.0,1.0,0.0,0.0,1.0,0.0,0.0,867,1,1,3,7,0.008073817762399077,1,41,1,7,1,356,0,0,0,0,1,16,1,27,0,0,1,0,0,0
0.0,0.0,0.0,0.0,0.0,1.0,0.0,0.0,1.0,0.0,0.0,794,1,1,2,25,0.031486146095717885,0,0,1,4,0,0,0,0,0,0,1,9,1,551,0,0,0,0,0,0
0.0,0.0,0.0,0.0,0.0,1.0,0.0,0.0,1.0,0.0,0.0,944,0,0,2,18,0.019067796610169493,1,2,1,27,1,356,0,0,0,0,1,84,1,240,0,0,1,0,0,0
0.0,0.0,0.0,0.0,0.0,1.0,0.0,0.0,1.0,0.0,0.0,406,0,0,1,24,0.059113300492610835,0,0,1,321,0,0,0,0,0,0,0,0,0,0,0,0,1,1,0,0
0.0,1.0,0.0,0.0,0.0,0.0,0.0,0.0,1.0,0.0,0.0,881,1,1,4,24,0.02724177071509648,1,44,1,50,1,356,0,0,1,41,0,0,1,176,0,0,0,0,0,0
0.0,0.0,0.0,0.0,0.0,1.0,0.0,0.0,1.0,0.0,0.0,985,1,1,4,24,0.024365482233502538,1,208,1,37,0,0,0,0,0,0,1,69,1,104,0,0,0,1,0,0
0.0,1.0,0.0,0.0,0.0,0.0,0.0,1.0,0.0,0.0,0.0,796,0,0,3,41,0.05150753768844221,1,16,1,23,1,12,0,0,0,0,1,13,1,3,0,0,0,1,0,0
0.0,0.0,0.0,0.0,0.0,1.0,0.0,0.0,1.0,0.0,0.0,603,0,0,2,6,0.009950248756218905,1,29,1,90,1,18,0,0,0,0,0,0,1,211,0,0,1,0,0,0
0.0,0.0,0.0,0.0,0.0,1.0,0.0,0.0,1.0,0.0,0.0,1177,0,1,4,66,0.056074766355140186,1,13,1,20,1,3,0,0,0,0,1,84,1,551,0,0,1,0,0,0
0.0,0.0,0.0,1.0,0.0,0.0,0.0,0.0,1.0,0.0,0.0,901,0,1,3,10,0.011098779134295227,1,72,1,68,0,0,0,0,1,41,1,84,1,242,0,0,1,0,0,0
0.0,0.0,0.0,1.0,0.0,0.0,0.0,0.0,1.0,0.0,0.0,859,1,1,5,14,0.01629802095459837,1,26,1,5,1,21,0,0,0,0,1,9,1,56,0,0,1,0,0,0
0.0,0.0,0.0,0.0,0.0,1.0,0.0,1.0,0.0,0.0,0.0,1381,0,1,4,39,0.028240405503258507,0,0,1,177,1,3,0,0,0,0,1,3,0,0,0,0,0,0,0,0
0.0,1.0,0.0,0.0,0.0,0.0,0.0,0.0,1.0,0.0,0.0,462,1,1,2,14,0.030303030303030304,1,68,1,204,1,24,0,0,1,41,0,0,1,58,0,0,0,1,0,0
0.0,0.0,0.0,0.0,0.0,1.0,0.0,0.0,1.0,0.0,0.0,256,1,1,1,6,0.0234375,0,0,1,13,1,140,0,0,1,41,0,0,0,0,0,0,0,1,0,0
1.0,0.0,0.0,0.0,0.0,0.0,0.0,0.0,1.0,0.0,0.0,721,0,1,2,24,0.033287101248266296,1,170,1,32,1,195,0,0,0,0,0,0,1,108,0,0,0,0,0,0
0.0,0.0,0.0,1.0,0.0,0.0,0.0,0.0,1.0,0.0,0.0,930,1,1,3,24,0.025806451612903226,1,2,1,17,1,126,0,0,0,0,1,10,1,551,0,0,1,1,0,1
0.0,0.0,0.0,1.0,0.0,0.0,0.0,0.0,1.0,0.0,0.0,1381,0,0,5,39,0.015157403808783521,1,140,1,226,0,0,0,0,0,0,0,0,1,551,0,0,0,0,0,0
0.0,0.0,0.0,1.0,0.0,0.0,0.0,0.0,1.0,0.0,0.0,633,0,0,4,21,0.03317535545023697,1,16,1,3,0,0,1,65,0,0,1,11,1,90,0,0,1,1,0,0
0.0,0.0,0.0,1.0,0.0,0.0,0.0,0.0,1.0,0.0,0.0,558,1,1,2,19,0.034050179211469536,1,97,1,238,1,34,0,0,0,0,1,9,1,154,0,0,0,1,0,0
0.0,0.0,0.0,0.0,0.0,1.0,0.0,0.0,1.0,0.0,0.0,356,0,0,1,9,0.025280898876404494,1,145,1,178,1,1,0,0,0,0,1,4,0,0,0,0,0,0,0,0
0.0,0.0,0.0,0.0,0.0,1.0,0.0,0.0,1.0,0.0,0.0,370,1,1,1,20,0.05405405405405406,0,0,1,318,0,0,0,0,0,0,0,0,0,0,0,0,1,0,0,0
0.0,1.0,0.0,0.0,0.0,0.0,0.0,0.0,1.0,0.0,0.0,1029,1,1,9,15,0.014577259475218658,1,208,1,42,0,0,0,0,0,0,1,12,0,0,0,0,0,0,0,0
1.0,0.0,0.0,0.0,0.0,0.0,0.0,0.0,1.0,0.0,0.0,405,0,0,1,11,0.027160493827160494,1,17,1,168,1,63,0,0,0,0,0,0,1,141,0,0,0,0,0,0
0.0,1.0,0.0,0.0,0.0,0.0,0.0,0.0,1.0,0.0,0.0,825,1,1,2,7,0.008484848484848486,0,0,1,94,1,20,0,0,0,0,0,0,1,54,0,0,0,1,0,1
0.0,0.0,0.0,0.0,0.0,1.0,0.0,0.0,1.0,0.0,0.0,705,0,0,3,23,0.032624113475177303,1,91,1,10,1,341,0,0,0,0,1,10,1,63,0,0,0,1,0,0
0.0,0.0,0.0,1.0,0.0,0.0,0.0,0.0,1.0,0.0,0.0,1108,1,1,3,41,0.03700361010830325,1,3,1,58,1,356,0,0,0,0,0,0,0,0,0,0,0,0,0,0
1.0,0.0,0.0,0.0,0.0,0.0,0.0,0.0,1.0,0.0,0.0,506,1,1,3,25,0.04940711462450593,1,208,1,27,1,10,1,65,1,41,1,12,1,30,0,0,0,0,0,0
0.0,0.0,0.0,0.0,0.0,1.0,0.0,1.0,0.0,0.0,0.0,823,0,1,5,27,0.032806804374240585,1,208,1,5,1,33,0,0,0,0,1,5,1,47,0,0,0,1,0,1
0.0,0.0,0.0,1.0,0.0,0.0,0.0,0.0,1.0,0.0,0.0,1381,0,0,7,20,0.010070493454179255,1,13,1,24,1,356,1,65,1,41,1,1,1,120,0,0,1,0,0,0
0.0,0.0,0.0,0.0,0.0,1.0,0.0,1.0,0.0,0.0,0.0,613,1,1,3,15,0.024469820554649267,1,25,1,407,1,98,0,0,0,0,0,0,0,0,0,0,0,1,0,0
0.0,0.0,0.0,0.0,0.0,1.0,0.0,0.0,1.0,0.0,0.0,959,1,1,4,23,0.023983315954118872,1,1,1,87,1,356,0,0,0,0,1,18,1,22,0,0,0,1,0,0
0.0,0.0,0.0,1.0,0.0,0.0,0.0,0.0,1.0,0.0,0.0,650,0,0,1,13,0.02,1,58,1,34,1,356,0,0,0,0,0,0,1,13,0,0,0,0,0,0
0.0,0.0,0.0,0.0,0.0,1.0,0.0,0.0,1.0,0.0,0.0,905,1,1,3,46,0.05082872928176796,1,198,1,323,0,0,0,0,0,0,0,0,1,350,0,0,0,0,0,0
0.0,0.0,0.0,0.0,0.0,1.0,0.0,0.0,1.0,0.0,0.0,556,0,0,3,16,0.02877697841726619,1,10,1,13,1,138,1,65,0,0,1,7,0,0,0,0,0,0,0,0
0.0,0.0,0.0,1.0,0.0,0.0,0.0,0.0,1.0,0.0,0.0,681,1,1,2,35,0.0513950073421439,1,37,1,230,0,0,1,65,0,0,1,56,0,0,0,0,1,0,0,0
0.0,0.0,0.0,0.0,0.0,1.0,0.0,0.0,0.0,0.0,1.0,710,0,0,2,7,0.009859154929577466,0,0,1,407,0,0,0,0,0,0,0,0,0,0,0,0,0,0,0,0
0.0,0.0,0.0,0.0,0.0,1.0,0.0,0.0,1.0,0.0,0.0,630,0,0,4,25,0.03968253968253968,1,5,1,407,1,3,0,0,0,0,1,16,0,0,0,0,0,0,0,0
0.0,0.0,0.0,0.0,0.0,1.0,0.0,0.0,1.0,0.0,0.0,716,0,1,3,27,0.03770949720670391,1,32,1,30,1,356,0,0,0,0,1,6,0,0,0,0,0,0,0,0
0.0,0.0,0.0,0.0,0.0,1.0,0.0,0.0,1.0,0.0,0.0,1087,0,0,3,62,0.05703771849126035,1,14,1,53,1,121,1,65,0,0,1,8,1,306,0,0,1,0,0,0
0.0,0.0,0.0,1.0,0.0,0.0,0.0,0.0,1.0,0.0,0.0,1381,0,0,2,41,0.023754345307068367,1,35,1,407,0,0,1,65,0,0,1,41,1,160,0,0,0,0,0,0
0.0,0.0,0.0,0.0,1.0,0.0,0.0,0.0,1.0,0.0,0.0,1047,0,0,9,21,0.02005730659025788,1,117,1,4,0,0,1,15,0,0,1,84,0,0,0,0,0,0,0,0
0.0,1.0,0.0,0.0,0.0,0.0,0.0,1.0,0.0,0.0,0.0,915,0,0,3,22,0.024043715846994537,1,1,1,407,1,108,0,0,0,0,1,47,1,75,0,0,0,0,0,0
0.0,0.0,0.0,1.0,0.0,0.0,0.0,1.0,0.0,0.0,0.0,392,1,1,1,28,0.07142857142857142,1,1,1,1,1,228,0,0,0,0,0,0,1,138,0,0,0,1,0,0
1.0,0.0,0.0,0.0,0.0,0.0,0.0,0.0,1.0,0.0,0.0,295,0,0,1,9,0.030508474576271188,1,18,1,53,1,3,0,0,0,0,0,0,0,0,0,0,0,0,0,0
0.0,0.0,0.0,0.0,0.0,1.0,0.0,1.0,0.0,0.0,0.0,406,1,1,2,28,0.06896551724137931,0,0,1,182,1,3,0,0,0,0,0,0,1,49,0,0,0,0,0,0
0.0,0.0,0.0,0.0,0.0,1.0,0.0,0.0,1.0,0.0,0.0,501,1,1,2,9,0.017964071856287425,1,87,1,37,1,53,0,0,1,41,1,25,1,18,0,0,0,1,0,0
0.0,0.0,0.0,1.0,0.0,0.0,0.0,0.0,1.0,0.0,0.0,760,0,0,2,23,0.030263157894736843,1,35,1,5,1,70,0,0,0,0,1,25,1,191,0,0,1,0,0,0
0.0,0.0,0.0,0.0,0.0,1.0,0.0,0.0,1.0,0.0,0.0,281,0,0,1,6,0.021352313167259787,0,0,1,73,0,0,0,0,1,41,0,0,1,138,0,0,0,1,0,0
0.0,0.0,0.0,0.0,0.0,1.0,0.0,1.0,0.0,0.0,0.0,374,0,0,1,7,0.01871657754010695,1,44,1,155,1,2,0,0,0,0,0,0,1,52,0,0,0,0,0,0
0.0,0.0,0.0,1.0,0.0,0.0,0.0,1.0,0.0,0.0,0.0,770,1,1,2,10,0.012987012987012988,0,0,1,130,1,223,0,0,0,0,1,84,0,0,0,0,0,1,0,0
0.0,0.0,0.0,0.0,1.0,0.0,0.0,0.0,1.0,0.0,0.0,834,1,1,6,11,0.013189448441247002,1,208,1,367,0,0,0,0,0,0,1,84,1,3,0,0,0,0,0,0
1.0,0.0,0.0,0.0,0.0,0.0,0.0,0.0,1.0,0.0,0.0,1381,1,0,8,49,0.03540462427745665,1,25,1,27,1,23,1,65,0,0,1,6,1,101,0,0,0,1,0,0
1.0,0.0,0.0,0.0,0.0,0.0,0.0,0.0,1.0,0.0,0.0,918,1,1,4,18,0.0196078431372549,1,149,1,14,1,103,0,0,0,0,0,0,0,0,0,0,0,0,0,0
1.0,0.0,0.0,0.0,0.0,0.0,0.0,0.0,1.0,0.0,0.0,1111,1,1,3,26,0.023402340234023402,1,208,1,7,1,94,1,65,1,41,1,26,1,4,1,463,0,1,0,1
0.0,0.0,0.0,1.0,0.0,0.0,0.0,0.0,1.0,0.0,0.0,1016,1,1,3,16,0.015748031496062992,1,199,1,19,1,83,0,0,1,41,1,20,1,266,1,129,1,1,0,0
0.0,0.0,0.0,0.0,0.0,1.0,0.0,0.0,1.0,0.0,0.0,303,1,1,1,15,0.04950495049504951,1,12,1,26,1,28,0,0,0,0,1,59,1,178,0,0,1,0,0,0
0.0,0.0,0.0,0.0,0.0,1.0,0.0,1.0,0.0,0.0,0.0,515,1,1,3,6,0.011650485436893204,0,0,0,0,0,0,0,0,0,0,0,0,0,0,0,0,1,0,0,0
0.0,0.0,0.0,0.0,0.0,1.0,0.0,1.0,0.0,0.0,0.0,701,1,1,3,23,0.03281027104136947,0,0,1,407,0,0,0,0,0,0,0,0,0,0,0,0,0,1,0,0
0.0,0.0,0.0,0.0,0.0,1.0,0.0,0.0,1.0,0.0,0.0,1177,0,1,4,66,0.056074766355140186,1,13,1,20,1,3,0,0,0,0,1,84,1,551,0,0,1,0,0,0
0.0,0.0,0.0,0.0,0.0,1.0,0.0,0.0,1.0,0.0,0.0,629,1,0,2,12,0.019077901430842606,1,31,1,27,1,34,0,0,0,0,1,9,1,43,0,0,0,1,0,0
0.0,0.0,0.0,1.0,0.0,0.0,0.0,1.0,0.0,0.0,0.0,433,1,1,2,22,0.050808314087759814,0,0,0,0,0,0,0,0,0,0,0,0,0,0,0,0,0,0,0,0
0.0,0.0,0.0,0.0,0.0,1.0,0.0,0.0,1.0,0.0,0.0,628,1,0,2,27,0.042993630573248405,1,122,1,5,1,60,0,0,0,0,1,2,1,396,0,0,0,0,0,0
0.0,0.0,0.0,1.0,0.0,0.0,0.0,0.0,1.0,0.0,0.0,892,1,1,4,68,0.07623318385650224,1,13,1,4,0,0,0,0,0,0,0,0,1,49,0,0,0,1,0,0
1.0,0.0,0.0,0.0,0.0,0.0,0.0,0.0,1.0,0.0,0.0,428,1,1,2,20,0.04672897196261682,1,22,1,110,1,44,0,0,0,0,1,6,1,110,0,0,0,1,0,0
0.0,0.0,0.0,0.0,0.0,1.0,0.0,0.0,1.0,0.0,0.0,959,1,1,4,23,0.023983315954118872,1,1,1,87,1,356,0,0,0,0,1,18,1,22,0,0,1,1,0,0
0.0,0.0,0.0,0.0,0.0,1.0,0.0,0.0,1.0,0.0,0.0,657,1,0,3,46,0.0700152207001522,1,46,1,53,1,33,0,0,0,0,1,4,1,8,0,0,0,1,0,0
0.0,1.0,0.0,0.0,0.0,0.0,0.0,0.0,1.0,0.0,0.0,588,1,1,4,1,0.0017006802721088435,1,41,1,335,0,0,0,0,0,0,0,0,1,140,0,0,1,1,0,0
0.0,0.0,0.0,1.0,0.0,0.0,0.0,0.0,1.0,0.0,0.0,966,1,1,9,33,0.034161490683229816,1,46,1,42,1,356,1,15,1,30,0,0,0,0,0,0,0,1,0,1
0.0,0.0,0.0,0.0,0.0,1.0,0.0,0.0,1.0,0.0,0.0,454,0,0,1,23,0.05066079295154185,1,17,1,44,1,39,0,0,0,0,0,0,1,334,0,0,0,0,0,0
0.0,0.0,0.0,0.0,0.0,1.0,0.0,0.0,1.0,0.0,0.0,1381,1,1,6,42,0.029661016949152543,1,17,1,168,1,1,0,0,0,0,0,0,1,551,0,0,1,0,0,0
0.0,0.0,0.0,1.0,0.0,0.0,0.0,0.0,1.0,0.0,0.0,744,0,0,3,25,0.033602150537634407,1,14,1,177,1,10,0,0,0,0,1,25,1,457,0,0,1,0,0,0
0.0,0.0,0.0,1.0,0.0,0.0,0.0,0.0,1.0,0.0,0.0,943,1,1,7,23,0.024390243902439025,0,0,1,407,0,0,0,0,0,0,0,0,0,0,0,0,1,0,0,0
0.0,0.0,1.0,0.0,0.0,0.0,0.0,0.0,1.0,0.0,0.0,591,1,1,5,13,0.021996615905245348,1,24,1,93,1,59,1,65,0,0,0,0,1,114,0,0,0,1,0,0
1.0,0.0,0.0,0.0,0.0,0.0,0.0,1.0,0.0,0.0,0.0,442,0,0,1,9,0.020361990950226245,1,64,1,29,1,44,1,33,0,0,1,78,1,194,0,0,0,1,0,0
1.0,0.0,0.0,0.0,0.0,0.0,0.0,0.0,1.0,0.0,0.0,658,0,0,2,34,0.05167173252279635,1,21,1,407,1,124,0,0,0,0,0,0,0,0,0,0,0,0,0,0
0.0,0.0,0.0,1.0,0.0,0.0,0.0,0.0,1.0,0.0,0.0,503,1,1,1,18,0.03578528827037773,1,6,1,167,0,0,0,0,0,0,0,0,1,208,0,0,0,0,0,0
0.0,1.0,0.0,0.0,0.0,0.0,0.0,0.0,1.0,0.0,0.0,1381,0,0,6,32,0.017410228509249184,1,129,1,144,1,3,0,0,1,41,1,5,1,13,0,0,1,1,1,0
0.0,1.0,0.0,0.0,0.0,0.0,0.0,0.0,1.0,0.0,0.0,432,0,1,2,5,0.011574074074074073,1,31,1,1,1,39,0,0,0,0,1,84,0,0,1,171,1,1,0,0
0.0,0.0,0.0,0.0,0.0,1.0,0.0,0.0,1.0,0.0,0.0,560,0,1,4,13,0.023214285714285715,1,22,1,45,1,356,0,0,0,0,1,24,1,14,0,0,0,0,0,0
0.0,0.0,0.0,0.0,0.0,1.0,0.0,1.0,0.0,0.0,0.0,521,1,1,6,25,0.04798464491362764,1,208,1,9,1,5,0,0,0,0,1,1,1,82,0,0,0,1,0,0
0.0,0.0,0.0,1.0,0.0,0.0,0.0,0.0,1.0,0.0,0.0,1037,1,1,5,11,0.010607521697203472,0,0,1,12,1,57,0,0,0,0,1,50,1,549,0,0,1,1,0,0
0.0,0.0,0.0,0.0,0.0,1.0,0.0,0.0,1.0,0.0,0.0,820,0,0,4,73,0.08902439024390243,1,39,1,79,1,356,0,0,0,0,1,9,0,0,0,0,1,1,0,0
0.0,0.0,0.0,1.0,0.0,0.0,0.0,0.0,1.0,0.0,0.0,399,1,1,2,3,0.007518796992481203,1,23,1,37,1,49,1,65,0,0,1,3,0,0,0,0,0,1,0,0
0.0,0.0,0.0,0.0,0.0,1.0,0.0,0.0,1.0,0.0,0.0,1381,1,1,6,42,0.029661016949152543,1,17,1,168,1,1,0,0,0,0,0,0,1,551,0,0,0,0,0,0
0.0,1.0,0.0,0.0,0.0,0.0,0.0,0.0,1.0,0.0,0.0,562,1,1,3,11,0.019572953736654804,1,116,1,18,1,42,0,0,0,0,1,32,1,305,0,0,1,1,0,0
0.0,0.0,0.0,0.0,0.0,1.0,0.0,1.0,0.0,0.0,0.0,175,0,1,2,5,0.02857142857142857,1,34,1,12,1,6,0,0,0,0,1,84,0,0,0,0,0,0,0,0
0.0,0.0,0.0,0.0,0.0,1.0,0.0,0.0,1.0,0.0,0.0,651,1,1,3,10,0.015360983102918587,1,73,1,407,0,0,0,0,0,0,1,24,0,0,0,0,0,0,0,0
0.0,0.0,0.0,0.0,0.0,1.0,0.0,0.0,1.0,0.0,0.0,756,0,1,2,33,0.04365079365079365,1,8,1,63,1,356,1,11,0,0,0,0,0,0,0,0,0,1,0,0
0.0,0.0,0.0,0.0,0.0,1.0,0.0,0.0,1.0,0.0,0.0,281,0,0,1,6,0.021352313167259787,0,0,1,73,0,0,0,0,1,41,0,0,1,138,0,0,1,1,0,0
0.0,0.0,0.0,0.0,0.0,1.0,0.0,1.0,0.0,0.0,0.0,560,0,0,2,13,0.023214285714285715,1,14,1,407,1,2,0,0,0,0,0,0,0,0,0,0,0,0,0,0
0.0,0.0,0.0,0.0,0.0,1.0,0.0,0.0,1.0,0.0,0.0,1381,0,0,5,48,0.02593192868719611,1,208,1,133,1,237,0,0,0,0,0,0,0,0,0,0,0,0,0,0
0.0,0.0,0.0,0.0,0.0,1.0,0.0,0.0,1.0,0.0,0.0,337,1,1,1,13,0.03857566765578635,1,150,1,3,1,145,0,0,0,0,1,36,0,0,0,0,1,1,0,0
0.0,0.0,0.0,0.0,0.0,1.0,0.0,0.0,1.0,0.0,0.0,507,1,1,2,25,0.04930966469428008,1,25,1,296,1,41,0,0,0,0,1,20,1,121,0,0,0,0,0,0
0.0,1.0,0.0,0.0,0.0,0.0,0.0,0.0,1.0,0.0,0.0,598,1,1,3,23,0.038461538461538464,1,21,1,407,1,103,1,11,0,0,1,18,0,0,0,0,1,1,0,0
0.0,0.0,0.0,0.0,0.0,1.0,0.0,1.0,0.0,0.0,0.0,416,0,0,2,14,0.03365384615384615,1,20,1,16,1,2,0,0,1,41,1,54,1,77,0,0,0,1,0,0
0.0,0.0,0.0,0.0,0.0,1.0,0.0,0.0,1.0,0.0,0.0,1009,1,1,3,41,0.040634291377601585,0,0,1,1,1,292,0,0,0,0,1,7,1,44,0,0,1,1,0,0
0.0,0.0,0.0,0.0,0.0,1.0,0.0,0.0,1.0,0.0,0.0,742,0,0,4,16,0.0215633423180593,1,30,1,52,1,356,0,0,0,0,1,3,1,88,0,0,1,0,0,0
0.0,0.0,0.0,1.0,0.0,0.0,0.0,0.0,1.0,0.0,0.0,788,0,0,4,13,0.01649746192893401,1,9,1,407,1,51,0,0,0,0,0,0,0,0,0,0,1,1,0,0
0.0,0.0,0.0,1.0,0.0,0.0,0.0,0.0,1.0,0.0,0.0,568,0,0,2,16,0.028169014084507043,1,27,1,407,1,3,0,0,0,0,0,0,0,0,0,0,0,1,0,1
0.0,0.0,0.0,0.0,0.0,1.0,0.0,0.0,1.0,0.0,0.0,356,1,1,2,4,0.011235955056179775,1,2,1,11,1,3,1,48,0,0,0,0,0,0,0,0,0,0,0,0
0.0,0.0,0.0,0.0,0.0,1.0,0.0,0.0,1.0,0.0,0.0,659,1,1,3,18,0.027314112291350532,1,176,1,12,1,45,0,0,0,0,1,9,0,0,0,0,0,1,0,0
0.0,0.0,0.0,0.0,0.0,1.0,0.0,0.0,0.0,0.0,1.0,598,1,1,2,6,0.010033444816053512,0,0,0,0,0,0,0,0,0,0,0,0,0,0,0,0,0,0,0,0
0.0,0.0,0.0,1.0,0.0,0.0,0.0,1.0,0.0,0.0,0.0,1381,1,1,4,65,0.03367875647668394,0,0,1,28,1,2,1,65,0,0,1,84,1,551,0,0,1,0,0,0
0.0,0.0,0.0,0.0,0.0,1.0,0.0,1.0,0.0,0.0,0.0,763,1,1,3,29,0.03800786369593709,0,0,1,407,0,0,0,0,0,0,0,0,0,0,0,0,0,0,0,0
0.0,0.0,0.0,0.0,0.0,1.0,0.0,0.0,1.0,0.0,0.0,440,1,1,2,14,0.031818181818181815,1,1,1,272,1,110,0,0,0,0,0,0,0,0,0,0,0,0,0,0
0.0,1.0,0.0,0.0,0.0,0.0,0.0,0.0,1.0,0.0,0.0,831,0,0,3,27,0.032490974729241874,1,1,1,45,1,14,0,0,0,0,1,84,1,306,0,0,0,1,0,0
0.0,0.0,0.0,0.0,0.0,1.0,0.0,0.0,1.0,0.0,0.0,508,0,1,3,12,0.023622047244094488,1,50,1,81,1,73,0,0,0,0,1,84,0,0,0,0,1,0,0,0
0.0,0.0,0.0,0.0,0.0,1.0,0.0,0.0,1.0,0.0,0.0,1138,0,0,4,40,0.0351493848857645,1,15,1,61,1,50,0,0,0,0,1,22,1,342,0,0,0,1,0,0
1.0,0.0,0.0,0.0,0.0,0.0,0.0,0.0,1.0,0.0,0.0,482,0,0,2,3,0.006224066390041493,0,0,1,38,0,0,0,0,1,41,0,0,0,0,0,0,1,1,0,0
0.0,1.0,0.0,0.0,0.0,0.0,0.0,0.0,1.0,0.0,0.0,1303,1,1,8,58,0.044512663085188024,1,106,1,5,1,115,0,0,0,0,1,9,1,551,0,0,0,1,0,0
0.0,0.0,0.0,0.0,0.0,1.0,0.0,0.0,1.0,0.0,0.0,769,1,1,2,34,0.044213263979193757,1,50,1,407,1,74,0,0,0,0,1,12,0,0,0,0,1,1,0,0
0.0,0.0,0.0,1.0,0.0,0.0,0.0,0.0,1.0,0.0,0.0,780,1,1,5,14,0.017948717948717947,1,19,1,3,0,0,1,7,1,41,1,18,1,40,0,0,0,0,0,0
0.0,0.0,0.0,0.0,0.0,1.0,0.0,0.0,1.0,0.0,0.0,337,1,1,2,17,0.050445103857566766,1,1,1,3,1,176,0,0,0,0,1,2,1,116,0,0,0,0,0,0
1.0,0.0,0.0,0.0,0.0,0.0,0.0,0.0,1.0,0.0,0.0,1381,1,1,5,94,0.053469852104664393,1,12,1,407,1,15,1,7,0,0,1,37,1,61,0,0,0,0,0,0
0.0,0.0,0.0,0.0,0.0,1.0,0.0,0.0,1.0,0.0,0.0,879,0,0,2,25,0.02844141069397042,1,30,1,4,1,101,0,0,0,0,0,0,1,551,0,0,0,0,0,0
0.0,0.0,0.0,1.0,0.0,0.0,0.0,0.0,1.0,0.0,0.0,426,0,1,1,16,0.03755868544600939,1,22,1,43,1,5,0,0,0,0,1,84,1,28,0,0,0,1,0,1
0.0,0.0,0.0,1.0,0.0,0.0,0.0,0.0,1.0,0.0,0.0,507,0,0,1,27,0.05325443786982249,1,36,1,11,1,214,0,0,0,0,1,29,1,134,0,0,1,0,0,0
0.0,1.0,0.0,0.0,0.0,0.0,0.0,0.0,1.0,0.0,0.0,249,1,1,1,7,0.028112449799196786,1,24,1,202,0,0,0,0,0,0,0,0,1,4,0,0,0,1,0,0
0.0,0.0,0.0,0.0,0.0,1.0,0.0,0.0,1.0,0.0,0.0,445,0,0,1,19,0.04269662921348315,1,50,1,18,1,56,0,0,1,4,0,0,1,296,0,0,0,0,0,0
0.0,0.0,0.0,0.0,0.0,1.0,0.0,0.0,1.0,0.0,0.0,535,0,0,2,18,0.03364485981308411,1,55,1,407,1,58,0,0,0,0,0,0,0,0,0,0,0,0,0,0
1.0,0.0,0.0,0.0,0.0,0.0,0.0,0.0,1.0,0.0,0.0,453,1,0,1,12,0.026490066225165563,1,80,1,4,1,91,0,0,0,0,1,31,1,130,0,0,1,1,0,0
0.0,1.0,0.0,0.0,0.0,0.0,0.0,0.0,1.0,0.0,0.0,1129,0,0,4,59,0.05225863596102746,1,13,1,71,1,356,0,0,0,0,1,39,0,0,0,0,1,0,0,0
0.0,0.0,0.0,1.0,0.0,0.0,0.0,0.0,1.0,0.0,0.0,573,0,0,2,28,0.04886561954624782,1,29,1,70,0,0,0,0,0,0,1,3,0,0,0,0,0,1,0,0
0.0,1.0,0.0,0.0,0.0,0.0,0.0,0.0,1.0,0.0,0.0,557,0,0,2,18,0.03231597845601436,1,22,1,1,1,2,1,21,0,0,1,84,1,308,0,0,1,1,0,0
0.0,0.0,0.0,1.0,0.0,0.0,0.0,0.0,1.0,0.0,0.0,597,0,0,2,25,0.04187604690117253,1,208,1,95,0,0,0,0,0,0,1,5,0,0,0,0,1,0,0,0
0.0,1.0,0.0,0.0,0.0,0.0,0.0,0.0,1.0,0.0,0.0,621,1,1,2,24,0.03864734299516908,1,130,1,45,1,16,0,0,0,0,1,1,1,398,0,0,0,1,0,0
0.0,0.0,0.0,0.0,0.0,1.0,0.0,0.0,1.0,0.0,0.0,503,1,1,2,12,0.02385685884691849,1,208,1,163,1,2,0,0,0,0,0,0,1,41,0,0,0,0,0,0
1.0,0.0,0.0,0.0,0.0,0.0,0.0,0.0,0.0,0.0,1.0,978,1,1,6,26,0.026584867075664622,0,0,0,0,0,0,0,0,0,0,1,84,0,0,0,0,1,0,0,0
0.0,0.0,0.0,0.0,0.0,1.0,0.0,0.0,1.0,0.0,0.0,524,0,0,1,7,0.013358778625954198,1,43,1,205,1,1,0,0,0,0,1,3,1,191,1,29,0,0,0,0
0.0,0.0,0.0,0.0,0.0,1.0,0.0,0.0,1.0,0.0,0.0,633,0,0,2,11,0.017377567140600316,0,0,1,13,1,35,0,0,0,0,0,0,1,279,0,0,0,0,0,0
0.0,0.0,0.0,0.0,0.0,1.0,0.0,0.0,1.0,0.0,0.0,796,0,1,3,36,0.04522613065326633,1,27,1,48,1,145,0,0,0,0,1,8,1,94,0,0,0,0,0,0
0.0,1.0,0.0,0.0,0.0,0.0,0.0,0.0,1.0,0.0,0.0,865,0,0,4,37,0.04277456647398844,1,43,1,29,1,3,0,0,0,0,1,14,0,0,0,0,0,0,0,0
0.0,0.0,0.0,0.0,0.0,1.0,0.0,0.0,1.0,0.0,0.0,442,1,1,3,15,0.033936651583710405,1,14,1,290,1,2,0,0,0,0,0,0,1,111,0,0,1,1,0,0
0.0,0.0,0.0,0.0,0.0,1.0,0.0,0.0,1.0,0.0,0.0,881,0,0,3,20,0.022701475595913734,1,2,1,7,1,140,1,65,0,0,0,0,1,15,0,0,0,0,0,0
1.0,0.0,0.0,0.0,0.0,0.0,1.0,0.0,0.0,0.0,0.0,432,1,1,1,7,0.016203703703703703,0,0,1,384,0,0,0,0,0,0,0,0,0,0,0,0,1,0,0,0
0.0,0.0,0.0,0.0,0.0,1.0,0.0,1.0,0.0,0.0,0.0,773,1,1,5,12,0.015523932729624839,0,0,1,283,0,0,0,0,0,0,0,0,0,0,0,0,1,0,0,0
0.0,0.0,0.0,0.0,0.0,1.0,0.0,1.0,0.0,0.0,0.0,335,0,0,2,14,0.041791044776119404,1,13,1,67,0,0,0,0,0,0,0,0,0,0,0,0,0,0,0,0
0.0,0.0,0.0,0.0,0.0,1.0,0.0,0.0,1.0,0.0,0.0,1051,0,0,4,21,0.019980970504281638,0,0,1,25,1,4,1,65,0,0,1,84,1,78,0,0,0,1,0,0
0.0,0.0,0.0,0.0,0.0,1.0,0.0,0.0,1.0,0.0,0.0,925,1,0,4,28,0.03027027027027027,1,47,1,19,1,58,1,65,1,41,0,0,1,31,0,0,1,1,0,0
0.0,0.0,0.0,1.0,0.0,0.0,0.0,0.0,1.0,0.0,0.0,1285,1,1,10,36,0.02801556420233463,1,26,1,174,1,10,0,0,0,0,1,20,1,551,0,0,0,1,0,0
0.0,0.0,0.0,0.0,0.0,1.0,0.0,0.0,1.0,0.0,0.0,1381,0,0,4,31,0.01991008349389852,1,46,1,12,1,131,1,24,1,41,1,5,1,175,0,0,0,1,0,0
0.0,0.0,0.0,1.0,0.0,0.0,0.0,1.0,0.0,0.0,0.0,420,1,1,1,21,0.05,1,208,1,37,1,17,0,0,0,0,0,0,1,16,0,0,0,0,0,0
0.0,0.0,0.0,0.0,0.0,1.0,0.0,0.0,0.0,0.0,1.0,1028,1,1,3,0,0.0,0,0,0,0,0,0,0,0,0,0,0,0,0,0,0,0,0,0,0,0
0.0,0.0,0.0,0.0,0.0,1.0,0.0,0.0,1.0,0.0,0.0,395,0,0,1,9,0.02278481012658228,1,25,1,128,1,119,0,0,0,0,1,65,1,1,0,0,1,1,0,1
0.0,0.0,0.0,1.0,0.0,0.0,0.0,0.0,1.0,0.0,0.0,668,0,0,3,26,0.038922155688622756,1,16,1,48,1,356,1,4,0,0,1,11,1,44,0,0,1,1,0,0
0.0,1.0,0.0,0.0,0.0,0.0,0.0,0.0,1.0,0.0,0.0,1381,0,0,10,63,0.0267515923566879,1,119,1,43,1,106,0,0,0,0,1,17,1,551,0,0,1,0,0,0
0.0,0.0,0.0,1.0,0.0,0.0,0.0,0.0,1.0,0.0,0.0,579,0,0,3,28,0.04835924006908463,1,30,1,8,1,58,0,0,0,0,1,12,1,30,0,0,0,1,0,1
0.0,0.0,0.0,0.0,0.0,1.0,0.0,0.0,1.0,0.0,0.0,353,1,1,2,8,0.0226628895184136,1,37,1,199,1,5,0,0,0,0,0,0,0,0,0,0,0,0,0,0
1.0,0.0,0.0,0.0,0.0,0.0,0.0,0.0,1.0,0.0,0.0,229,0,1,1,7,0.03056768558951965,1,41,1,136,1,15,0,0,0,0,1,24,0,0,0,0,0,1,0,0
0.0,1.0,0.0,0.0,0.0,0.0,0.0,1.0,0.0,0.0,0.0,979,0,0,3,50,0.05107252298263534,1,208,1,19,1,43,0,0,0,0,1,51,0,0,0,0,0,0,0,0
0.0,0.0,0.0,0.0,0.0,1.0,0.0,0.0,1.0,0.0,0.0,301,0,0,1,11,0.036544850498338874,1,14,1,26,0,0,0,0,0,0,1,84,1,100,0,0,0,0,0,0
0.0,1.0,0.0,0.0,0.0,0.0,0.0,1.0,0.0,0.0,0.0,772,0,0,4,36,0.046632124352331605,1,70,1,116,0,0,0,0,0,0,1,2,1,551,0,0,1,0,0,0
0.0,0.0,0.0,0.0,0.0,1.0,0.0,0.0,1.0,0.0,0.0,685,1,1,3,21,0.030656934306569343,1,13,1,407,1,1,0,0,0,0,0,0,1,67,0,0,0,1,0,1
1.0,0.0,0.0,0.0,0.0,0.0,0.0,0.0,1.0,0.0,0.0,424,0,0,4,25,0.0589622641509434,1,15,1,73,1,34,0,0,0,0,1,8,0,0,0,0,0,0,0,0
0.0,0.0,0.0,0.0,0.0,1.0,0.0,0.0,1.0,0.0,0.0,656,0,1,2,35,0.053353658536585365,0,0,1,22,1,356,0,0,0,0,1,9,1,234,0,0,0,0,0,0
1.0,0.0,0.0,0.0,0.0,0.0,0.0,0.0,1.0,0.0,0.0,1083,0,0,2,25,0.023084025854108958,1,28,1,34,1,13,1,65,0,0,1,19,0,0,0,0,0,1,0,0
0.0,0.0,0.0,1.0,0.0,0.0,0.0,0.0,1.0,0.0,0.0,898,1,1,3,33,0.036748329621380846,1,33,1,30,1,47,1,31,0,0,1,8,1,551,0,0,0,0,0,0
0.0,0.0,0.0,1.0,0.0,0.0,0.0,1.0,0.0,0.0,0.0,767,1,1,3,19,0.024771838331160364,1,33,1,110,0,0,0,0,1,12,1,29,0,0,0,0,1,0,0,0
0.0,1.0,0.0,0.0,0.0,0.0,0.0,0.0,1.0,0.0,0.0,1381,1,1,7,68,0.031121281464530894,1,15,1,98,1,40,0,0,0,0,1,5,1,551,0,0,1,0,0,0
0.0,0.0,0.0,0.0,0.0,1.0,0.0,0.0,1.0,0.0,0.0,550,1,1,2,16,0.02909090909090909,1,41,1,24,1,29,1,65,0,0,1,3,0,0,0,0,1,0,0,0
0.0,0.0,0.0,1.0,0.0,0.0,0.0,0.0,1.0,0.0,0.0,336,0,1,2,11,0.03273809523809524,1,15,1,50,1,230,0,0,0,0,1,1,0,0,0,0,1,0,0,0
0.0,1.0,0.0,0.0,0.0,0.0,0.0,0.0,1.0,0.0,0.0,656,1,0,3,22,0.03353658536585366,1,29,1,17,1,94,0,0,0,0,1,84,0,0,0,0,1,1,0,0
0.0,1.0,0.0,0.0,0.0,0.0,0.0,1.0,0.0,0.0,0.0,522,0,0,2,28,0.05363984674329502,1,16,1,407,1,2,0,0,0,0,0,0,0,0,0,0,1,0,0,0
0.0,0.0,0.0,0.0,0.0,1.0,0.0,0.0,1.0,0.0,0.0,560,1,1,2,20,0.03571428571428571,1,22,1,24,1,47,0,0,1,41,0,0,1,52,0,0,0,1,0,0
0.0,0.0,0.0,1.0,0.0,0.0,0.0,0.0,0.0,1.0,0.0,1261,1,1,4,29,0.022997620935765267,1,74,1,407,1,12,0,0,0,0,1,29,1,15,0,0,1,0,0,0
0.0,0.0,0.0,0.0,0.0,1.0,0.0,1.0,0.0,0.0,0.0,677,0,0,2,27,0.03988183161004431,0,0,1,6,1,356,0,0,0,0,0,0,0,0,0,0,1,0,0,0
0.0,0.0,0.0,1.0,0.0,0.0,0.0,0.0,1.0,0.0,0.0,938,1,1,4,43,0.04584221748400853,1,76,1,13,1,11,0,0,0,0,0,0,1,551,0,0,1,1,0,0
0.0,0.0,0.0,0.0,0.0,1.0,0.0,0.0,1.0,0.0,0.0,820,0,0,4,73,0.08902439024390243,1,39,1,79,1,356,0,0,0,0,1,9,0,0,0,0,0,1,0,0
1.0,0.0,0.0,0.0,0.0,0.0,0.0,1.0,0.0,0.0,0.0,450,0,0,1,14,0.03111111111111111,0,0,1,4,0,0,0,0,0,0,0,0,1,404,0,0,0,1,0,0
0.0,0.0,0.0,1.0,0.0,0.0,0.0,0.0,1.0,0.0,0.0,1054,1,1,3,51,0.04838709677419355,1,208,1,9,0,0,0,0,0,0,1,84,0,0,0,0,1,0,0,0
0.0,0.0,0.0,0.0,0.0,1.0,0.0,0.0,1.0,0.0,0.0,1368,0,0,3,18,0.013157894736842105,1,26,1,8,0,0,0,0,1,41,1,5,1,37,0,0,1,0,0,0
0.0,0.0,0.0,0.0,0.0,1.0,0.0,1.0,0.0,0.0,0.0,277,0,0,2,16,0.05776173285198556,1,22,1,183,0,0,0,0,0,0,0,0,0,0,0,0,0,0,0,1
0.0,0.0,0.0,0.0,0.0,1.0,0.0,0.0,1.0,0.0,0.0,973,1,1,3,35,0.03597122302158273,1,21,1,407,0,0,0,0,1,41,1,65,0,0,0,0,0,1,0,0
0.0,1.0,0.0,0.0,0.0,0.0,0.0,0.0,1.0,0.0,0.0,338,0,0,1,10,0.029585798816568046,1,14,1,101,1,2,0,0,0,0,0,0,1,174,0,0,0,0,0,0
0.0,1.0,0.0,0.0,0.0,0.0,0.0,0.0,1.0,0.0,0.0,728,0,0,3,4,0.005494505494505495,1,42,1,66,1,3,1,65,0,0,1,82,0,0,0,0,0,1,0,0
0.0,0.0,0.0,0.0,0.0,1.0,0.0,0.0,1.0,0.0,0.0,724,0,0,3,20,0.027624309392265192,0,0,1,35,1,6,0,0,0,0,0,0,1,17,0,0,0,0,0,0
0.0,0.0,0.0,1.0,0.0,0.0,0.0,0.0,1.0,0.0,0.0,481,1,1,3,16,0.033264033264033266,1,17,1,45,1,19,1,65,0,0,1,5,1,227,0,0,1,1,0,0
0.0,0.0,0.0,0.0,0.0,1.0,0.0,0.0,1.0,0.0,0.0,941,0,0,3,28,0.02975557917109458,1,62,1,33,1,356,0,0,0,0,1,22,1,17,0,0,1,0,0,0
0.0,1.0,0.0,0.0,0.0,0.0,0.0,0.0,1.0,0.0,0.0,899,0,0,3,57,0.06340378197997776,1,14,1,19,0,0,1,65,0,0,1,14,1,236,0,0,0,0,0,0
0.0,1.0,0.0,0.0,0.0,0.0,0.0,0.0,1.0,0.0,0.0,1052,1,0,4,29,0.027566539923954372,1,2,1,69,1,155,0,0,1,41,1,1,0,0,0,0,0,1,0,0
0.0,0.0,0.0,0.0,0.0,1.0,0.0,0.0,1.0,0.0,0.0,372,0,0,2,5,0.013440860215053764,1,1,1,100,1,125,0,0,0,0,0,0,0,0,0,0,0,1,0,0
0.0,0.0,0.0,0.0,0.0,1.0,0.0,0.0,1.0,0.0,0.0,1381,0,0,7,88,0.036243822075782535,1,208,1,407,0,0,0,0,0,0,0,0,1,551,0,0,0,0,0,0
0.0,0.0,0.0,0.0,0.0,1.0,0.0,0.0,1.0,0.0,0.0,432,1,1,2,24,0.05555555555555555,1,14,1,33,1,39,0,0,0,0,1,1,1,270,0,0,0,1,0,0
0.0,0.0,0.0,0.0,0.0,1.0,0.0,0.0,1.0,0.0,0.0,1355,0,1,5,32,0.023616236162361623,1,10,1,93,1,6,0,0,0,0,1,8,1,551,0,0,1,0,0,0
0.0,0.0,0.0,0.0,0.0,1.0,0.0,0.0,1.0,0.0,0.0,1028,1,1,3,22,0.021400778210116732,0,0,1,223,1,7,0,0,0,0,1,21,1,551,0,0,1,0,0,0
0.0,0.0,0.0,0.0,0.0,1.0,0.0,0.0,1.0,0.0,0.0,337,1,1,1,29,0.08605341246290801,1,29,1,29,1,36,0,0,0,0,1,84,0,0,0,0,0,1,0,0
0.0,0.0,0.0,1.0,0.0,0.0,0.0,0.0,1.0,0.0,0.0,433,0,0,2,30,0.06928406466512702,1,60,1,2,1,160,1,65,0,0,0,0,1,40,0,0,0,1,0,0
0.0,1.0,0.0,0.0,0.0,0.0,0.0,1.0,0.0,0.0,0.0,348,1,1,2,26,0.07471264367816093,1,45,1,12,1,4,0,0,0,0,0,0,1,80,0,0,1,1,0,0
0.0,0.0,0.0,1.0,0.0,0.0,0.0,1.0,0.0,0.0,0.0,380,0,0,1,12,0.031578947368421054,1,45,1,9,0,0,0,0,0,0,1,28,1,32,0,0,0,0,0,0
0.0,0.0,0.0,1.0,0.0,0.0,0.0,0.0,1.0,0.0,0.0,1152,0,0,4,46,0.03993055555555555,1,168,1,55,1,35,0,0,1,41,1,1,1,95,0,0,0,1,0,1
0.0,0.0,0.0,1.0,0.0,0.0,0.0,0.0,1.0,0.0,0.0,597,0,0,2,25,0.04187604690117253,1,208,1,95,0,0,0,0,0,0,1,5,0,0,0,0,0,0,0,0
0.0,0.0,0.0,0.0,0.0,1.0,0.0,0.0,1.0,0.0,0.0,366,0,0,2,13,0.03551912568306011,1,66,1,44,1,1,0,0,0,0,1,1,1,230,0,0,0,0,0,0
0.0,1.0,0.0,0.0,0.0,0.0,0.0,0.0,1.0,0.0,0.0,365,0,0,2,19,0.052054794520547946,0,0,1,43,1,8,1,7,0,0,1,84,0,0,0,0,0,1,0,0
0.0,0.0,0.0,0.0,0.0,1.0,0.0,0.0,1.0,0.0,0.0,458,0,0,2,27,0.05895196506550218,1,13,1,292,1,4,1,65,0,0,0,0,0,0,0,0,0,0,0,0
0.0,0.0,0.0,0.0,0.0,1.0,0.0,0.0,1.0,0.0,0.0,827,1,1,2,33,0.03990326481257558,0,0,1,72,0,0,0,0,0,0,0,0,1,271,0,0,0,1,0,0
0.0,0.0,0.0,0.0,0.0,1.0,0.0,0.0,1.0,0.0,0.0,1159,0,0,3,34,0.029335634167385678,1,10,1,31,1,356,0,0,0,0,1,52,0,0,0,0,1,1,0,0
0.0,0.0,0.0,0.0,0.0,1.0,0.0,0.0,1.0,0.0,0.0,355,1,1,1,24,0.0676056338028169,1,28,1,16,1,17,0,0,1,6,0,0,0,0,0,0,1,0,0,0
0.0,0.0,0.0,1.0,0.0,0.0,0.0,0.0,1.0,0.0,0.0,1174,1,1,3,46,0.039182282793867124,1,208,1,39,0,0,1,65,1,41,1,71,1,3,0,0,0,1,0,0
0.0,0.0,0.0,0.0,0.0,1.0,0.0,0.0,1.0,0.0,0.0,413,0,0,1,35,0.0847457627118644,1,208,1,41,1,1,0,0,0,0,1,28,0,0,0,0,0,1,0,0
0.0,0.0,0.0,1.0,0.0,0.0,0.0,0.0,1.0,0.0,0.0,820,0,0,2,32,0.03902439024390244,1,16,1,397,1,28,1,11,0,0,0,0,1,188,0,0,0,1,0,0
0.0,0.0,0.0,0.0,0.0,1.0,0.0,1.0,0.0,0.0,0.0,417,0,0,1,14,0.03357314148681055,0,0,1,230,1,109,0,0,0,0,0,0,0,0,0,0,1,0,0,0
0.0,0.0,0.0,0.0,0.0,1.0,0.0,0.0,1.0,0.0,0.0,400,1,1,1,35,0.0875,0,0,1,10,0,0,0,0,0,0,0,0,1,354,0,0,0,1,0,0
0.0,0.0,0.0,1.0,0.0,0.0,0.0,0.0,1.0,0.0,0.0,715,1,1,3,24,0.033566433566433566,1,63,1,69,1,12,1,17,0,0,1,10,0,0,0,0,1,0,0,0
0.0,0.0,0.0,0.0,0.0,1.0,0.0,0.0,1.0,0.0,0.0,1381,0,0,7,109,0.05235350624399616,1,208,1,28,1,356,0,0,0,0,1,7,1,551,0,0,1,0,0,0
0.0,0.0,0.0,0.0,0.0,1.0,0.0,0.0,1.0,0.0,0.0,899,0,0,3,18,0.020022246941045607,1,208,1,26,1,305,0,0,0,0,1,47,1,12,0,0,0,0,0,0
0.0,0.0,0.0,1.0,0.0,0.0,0.0,0.0,1.0,0.0,0.0,856,0,0,3,11,0.012850467289719626,1,47,1,10,1,160,0,0,0,0,0,0,0,0,0,0,1,1,0,0
