Passed,secciones_completas,texto_extraido_len,Porcentaje Lenguaje Técnico,Uso de negritas (estimado %),Ratio_Lineas_Experiencia_len,Promedio tamaño fuente,Densidad Informacion (%),Lineas_training_courses,Numero de Paginas,Variedad de tamaños,Variedad de fuentes,Uso de cursivas (estimado %),Cantidad de imágenes,Fechas Detectadas (Count),Website/Otro,Seccion_training_courses,Uso de colores (texto)_Sí,Orden Temporal_Orden Temporal Detectado,Legibilidad general_Buena,Consistencia tamaños fuente_Consistente,Consistencia márgenes (aprox)_Consistente,Deteccion Foto Perfil_Posible Foto Detectada,Formato Texto (Lineas)_Párrafos,Formato Texto (Lineas)_Viñetas,Fuente principal_Tahoma,Fuente principal_Otra,Formato Fecha Más Común_MM/YYYY,Formato Fecha Más Común_YYYY,Tiene Elementos Graficos,LinkedIn,GitHub,Seccion_languages,Seccion_publications
1,7,3692,3.72,34.4,0.0005417118093174431,16.0,5.71,0,2,5,7,91.7,0,3,1,1,1,1,1,1,1,0,0,1,0,1,0,0,0,1,0,0,1
1,8,2703,9.61,0.0,0.004439511653718091,9.0,8.09,0,1,1,1,100.0,9,1,1,1,0,0,0,1,1,1,0,1,0,1,1,0,1,0,0,1,1
1,9,2761,8.58,21.8,0.013763129300977906,13.0,8.27,0,1,4,3,100.0,0,0,0,1,1,0,1,1,1,0,0,0,0,0,0,0,1,0,0,1,1
1,7,4732,6.67,16.2,0.0016906170752324597,14.916666666666666,3.54,18,4,12,4,100.0,3,2,0,1,0,1,1,0,0,1,0,1,0,1,0,0,1,0,0,1,1
1,10,4562,11.29,31.2,0.0015344147303814116,13.714285714285714,4.71,1,3,7,6,5.2,5,0,0,1,1,0,1,0,1,1,0,1,0,0,0,1,1,1,1,1,1
1,8,16844,4.75,16.4,0.0004749465685110425,12.0,5.21,3,10,7,8,6.9,0,3,0,1,0,1,1,0,0,0,0,1,0,1,0,1,1,0,0,1,1
1,9,7659,8.05,5.8,0.0002611306959133046,19.25,5.93,1,4,4,7,100.0,0,0,0,1,0,0,1,1,1,0,0,1,0,0,0,0,1,0,0,1,1
1,7,4309,13.82,16.7,0.0,12.0,3.22,0,4,4,5,26.9,0,2,0,1,1,1,1,1,1,0,0,1,0,1,0,1,0,0,0,1,1
1,9,5106,18.3,33.7,0.0007833920877399138,12.75,5.09,1,3,4,6,15.8,0,0,0,1,1,0,1,1,1,0,0,1,0,0,0,1,1,0,0,1,1
1,8,4835,8.85,13.9,0.00020682523267838676,11.2,4.99,2,3,5,6,5.1,0,0,1,1,1,0,1,1,1,0,0,1,0,1,0,0,1,0,0,1,1
1,8,7375,3.11,13.4,0.0,11.75,5.71,0,4,4,12,69.4,0,0,0,1,1,0,1,1,0,0,0,1,0,1,0,1,0,1,0,1,1
1,8,9810,9.23,13.3,0.0019367991845056064,11.75,5.06,28,6,4,6,100.0,0,0,0,1,1,0,1,1,0,0,0,1,0,1,0,0,0,0,0,1,1
1,9,3518,11.23,21.0,0.004263786242183059,15.666666666666666,3.63,0,3,3,2,100.0,0,0,0,1,0,0,1,1,1,0,0,0,0,1,0,1,1,0,0,1,1
1,10,3731,9.32,11.8,0.0021441972661484857,14.75,5.58,0,2,4,2,0.0,0,0,1,1,1,0,1,1,1,0,0,1,0,0,0,1,0,1,1,1,1
1,10,6126,12.31,41.2,0.000652954619653934,10.666666666666666,9.48,0,2,6,2,100.0,0,0,1,1,1,0,1,0,1,0,0,1,0,0,1,0,0,1,1,1,1
1,8,3884,3.48,49.4,0.0012873326467559218,11.285714285714286,11.62,0,1,7,7,100.0,0,4,1,1,0,1,0,0,1,0,0,1,0,0,0,0,0,0,0,1,1
1,6,3243,7.9,12.3,0.0074005550416281225,14.2,5.02,0,2,5,3,100.0,0,0,1,1,0,0,1,1,1,0,1,0,0,1,0,1,0,0,0,0,1
1,10,3156,10.5,8.0,0.0009505703422053232,15.2,5.8,5,1,5,3,0.0,31,0,0,1,1,0,0,1,1,1,0,1,0,0,0,1,0,1,0,1,1
1,7,3427,6.65,21.7,0.0008754012255617158,15.666666666666666,10.25,18,1,9,4,100.0,0,0,0,1,1,0,0,0,1,0,0,0,0,1,0,1,1,1,0,1,1
1,8,7378,3.87,25.7,0.0012198427758200055,11.0,5.71,0,4,5,6,2.3,8,0,0,1,1,0,1,1,0,1,0,1,1,0,0,0,0,0,0,1,1
1,10,1666,3.79,16.2,0.003001200480192077,16.2,4.98,1,1,5,5,25.0,0,1,0,1,1,0,1,1,1,0,0,1,0,1,0,1,1,0,0,1,1
1,7,4150,2.33,37.0,0.0014457831325301205,16.25,6.21,0,2,4,2,100.0,0,1,0,0,0,0,1,1,1,0,1,0,0,1,0,0,1,0,0,1,1
1,8,8438,12.71,40.4,0.001066603460535672,11.0,8.42,7,3,3,6,11.8,0,1,0,1,1,0,1,1,1,0,0,1,0,0,0,0,1,0,0,1,1
1,9,5315,4.12,13.2,0.009971777986829727,14.75,7.95,0,2,4,3,100.0,0,6,0,1,1,1,0,1,1,0,0,0,0,1,0,0,0,0,0,1,1
1,8,2492,9.49,23.8,0.001203852327447833,13.666666666666666,3.86,0,2,6,5,100.0,0,0,1,1,1,0,0,0,1,0,0,1,0,1,0,1,0,1,1,1,1
1,10,10811,2.49,17.5,0.00046249190639163816,15.333333333333334,6.69,0,5,12,10,100.0,5,0,0,1,1,0,1,0,0,0,1,0,0,1,0,0,1,0,0,1,1
1,6,4803,10.25,17.7,0.006037892983551947,13.666666666666666,3.72,17,4,3,2,0.0,0,0,1,1,1,0,1,1,0,0,0,0,0,0,0,0,1,1,0,0,1
1,9,6155,3.65,28.0,0.0,15.833333333333334,6.14,0,3,6,9,3.6,0,1,1,1,1,0,1,0,1,0,0,1,0,1,1,0,0,0,0,1,1
1,10,11226,2.39,0.8,0.0007126313914127917,9.666666666666666,6.72,7,5,6,4,0.0,11,1,0,1,1,0,0,0,1,1,0,1,0,1,0,0,1,0,0,1,1
1,9,11702,8.67,13.9,8.545547769612032e-05,23.25,4.78,0,3,4,6,92.3,3,0,0,1,1,0,1,1,1,0,0,1,0,1,0,1,1,0,0,1,1
1,8,3932,4.06,3.0,0.000254323499491353,11.647058823529411,1.46,1,8,17,5,93.6,27,1,1,1,1,0,0,0,1,1,0,1,0,1,0,1,1,0,0,1,1
1,10,4683,8.81,15.0,0.00021353833013025838,21.5,4.67,0,3,6,3,100.0,0,0,0,1,1,0,1,0,1,0,0,1,0,1,0,0,1,0,0,1,1
1,9,3474,3.17,15.7,0.0005757052389176742,11.833333333333334,5.19,21,2,6,5,100.0,0,0,1,1,1,0,0,0,1,0,0,1,0,1,1,0,1,1,0,1,1
1,9,7461,6.66,24.5,0.00013403029084573114,14.857142857142858,3.72,0,6,7,4,100.0,9,1,1,1,0,0,1,0,0,1,0,0,0,1,0,0,1,0,0,1,1
1,7,6727,17.89,42.7,0.0005946187007581388,12.8,6.7,4,3,5,3,87.8,1,2,1,1,1,1,1,1,1,1,0,0,0,0,1,0,1,1,1,1,1
1,7,3525,15.2,32.8,0.001702127659574468,16.714285714285715,10.54,0,1,7,4,100.0,0,0,0,0,1,0,0,0,1,0,0,1,0,1,0,0,1,1,0,1,1
1,8,5184,14.91,7.2,0.016203703703703703,11.25,5.35,1,3,4,5,0.0,0,1,0,1,1,0,1,1,1,0,0,1,0,1,0,0,0,0,0,1,1
1,9,5041,6.31,29.6,0.00039674667724657806,12.5,5.02,0,3,4,2,0.0,0,0,0,1,1,0,1,1,1,0,0,1,0,0,0,1,1,1,1,1,1
1,8,5615,5.29,0.0,0.006233303650934996,9.666666666666666,8.69,0,2,6,11,81.2,0,1,0,1,1,0,1,0,1,0,1,0,0,1,0,1,1,0,0,0,1
1,8,2810,9.24,0.0,0.0007117437722419929,13.857142857142858,8.7,0,1,7,3,100.0,0,5,0,0,0,1,1,0,1,0,0,1,0,1,0,0,0,0,0,1,1
1,9,3957,4.57,0.0,0.000758150113722517,10.166666666666666,5.92,3,2,6,1,100.0,6,0,1,1,1,0,0,0,1,0,0,1,0,1,0,1,0,1,1,1,1
1,9,3173,7.03,12.4,0.005357705641348881,12.0,4.91,1,2,4,6,80.3,0,0,0,1,1,0,0,1,1,0,0,1,0,1,0,1,0,0,0,1,1
1,9,7086,9.72,25.6,0.0002822466836014677,14.75,5.48,0,4,4,4,0.0,0,0,0,1,1,0,1,1,1,0,0,1,0,0,0,1,1,0,0,1,1
1,9,6104,9.38,6.4,0.004423328964613368,14.8,3.66,3,5,5,4,100.0,0,0,0,1,1,0,1,1,0,0,0,1,0,0,0,0,1,0,0,1,1
1,8,1154,5.33,66.0,0.0017331022530329288,12.25,3.45,0,1,8,8,86.8,0,1,0,1,0,0,1,0,1,0,0,1,0,1,0,0,1,0,0,1,1
1,10,5862,6.67,27.4,0.007676560900716479,11.333333333333334,6.05,5,3,3,2,0.0,0,0,0,1,0,0,1,1,1,0,1,0,0,0,0,1,1,0,0,1,1
1,6,7487,4.01,27.7,0.010284493121410445,8.636363636363637,3.73,0,6,11,3,1.9,1,1,0,0,0,0,1,0,0,1,0,0,1,0,0,0,0,0,0,0,1
1,6,4183,8.39,21.4,0.0004781257470714798,13.25,6.25,0,2,4,6,95.2,0,3,0,1,0,1,1,1,1,0,0,0,0,1,0,0,0,0,0,1,1
1,10,4435,7.73,0.0,0.0,19.666666666666668,4.42,0,3,9,3,100.0,9,5,0,1,0,1,0,0,1,1,0,1,0,0,0,1,1,0,0,1,1
1,9,7644,5.12,27.1,0.0003924646781789639,12.25,4.19,4,6,8,3,3.6,0,8,0,1,1,1,1,0,0,0,0,0,0,0,0,1,1,0,0,1,1
1,10,5167,8.42,11.1,0.0003870718018192375,16.5,5.33,0,3,4,5,100.0,0,0,0,1,1,0,0,1,1,0,0,1,0,1,0,1,1,1,1,1,1
1,9,5936,9.27,2.0,0.00033692722371967657,15.666666666666666,8.87,2,2,6,3,0.0,0,2,1,1,1,1,1,0,1,0,0,0,0,0,0,1,1,1,0,1,1
1,9,4139,2.82,20.9,0.00024160425223483932,12.333333333333334,4.13,1,3,3,4,1.6,1,2,0,1,0,1,1,1,1,0,0,1,0,0,0,0,1,0,0,1,1
1,9,6726,4.83,26.5,0.0,11.0,6.72,49,3,7,7,100.0,1,0,0,1,1,0,0,0,1,0,0,1,0,0,1,0,1,1,0,1,1
1,8,2641,16.23,21.3,0.0,12.8,8.17,6,1,5,7,100.0,0,0,0,1,1,0,1,1,1,0,0,1,0,1,0,1,0,1,1,1,1
1,9,6168,7.65,12.2,0.002269779507133593,12.1,9.54,17,2,10,6,87.0,2,0,0,1,1,0,0,0,1,1,0,1,0,1,0,1,0,1,0,1,1
1,8,4899,5.31,25.0,0.000612369871402327,15.8,2.93,4,5,5,6,7.9,2,0,0,1,1,0,1,1,0,1,0,1,0,0,0,0,1,0,0,1,1
1,9,3556,6.59,22.6,0.0171541057367829,15.5,5.5,0,2,6,6,2.8,0,5,0,1,1,1,1,0,1,0,0,1,0,0,0,1,0,0,0,1,1
1,8,4861,6.93,17.2,0.0002057189878625797,12.333333333333334,3.63,5,4,6,11,72.2,4,1,1,1,1,0,1,0,0,1,0,1,0,0,0,1,1,0,0,1,1
1,9,14706,7.15,27.0,0.0012919896640826874,8.5,11.38,1,4,10,10,100.0,5,6,0,1,1,1,0,0,0,0,0,1,0,1,0,1,1,0,0,1,1
1,9,3106,3.86,7.8,0.0019317450096587251,13.0,4.81,8,2,8,4,100.0,0,4,0,1,0,1,1,0,1,0,0,1,0,1,0,0,1,0,0,1,1
1,6,3657,8.48,17.2,0.01175827180749248,11.2,5.66,0,2,5,5,82.8,0,1,0,0,1,0,1,1,1,0,0,0,0,1,0,0,0,0,0,1,1
1,8,4206,3.61,26.0,0.008559201141226819,11.5,4.34,1,3,12,5,13.9,4,0,0,1,0,0,1,0,1,0,0,1,0,0,0,0,0,0,0,1,1
1,8,1359,4.66,14.7,0.0007358351729212656,12.333333333333334,4.21,0,1,3,5,100.0,0,4,0,0,1,1,1,1,1,0,0,0,0,0,0,0,0,0,0,1,1
1,10,6384,4.57,22.7,0.0,9.333333333333334,4.78,0,4,6,4,100.0,1,0,0,1,1,0,1,0,0,1,0,1,0,0,0,0,1,0,0,1,1
1,10,2266,9.51,24.2,0.00088261253309797,17.333333333333332,3.51,9,2,3,4,90.5,0,1,0,1,1,0,1,1,1,0,0,1,0,1,0,1,0,1,0,1,1
1,10,6807,6.55,42.6,0.00014690759512266783,12.75,10.16,0,2,4,5,12.4,0,1,1,1,1,0,0,1,1,0,0,1,0,1,1,0,1,0,0,1,1
1,9,6529,3.11,3.4,0.00015316281206922958,12.0,9.77,0,2,4,3,100.0,15,0,0,1,1,0,0,1,1,0,1,0,0,1,0,1,0,0,0,1,1
1,8,7386,5.28,9.8,0.0,13.571428571428571,11.04,0,2,7,5,100.0,1,2,0,1,1,1,0,0,1,1,0,0,0,1,0,1,1,0,0,1,1
1,8,2743,3.37,22.6,0.005468465184104995,11.6,9.26,3,1,5,4,100.0,0,0,0,1,1,0,1,1,1,0,0,1,0,1,0,1,0,0,0,1,1
1,10,9822,3.59,19.6,0.00040724903278354713,10.666666666666666,3.04,0,10,6,8,92.4,13,1,1,1,1,0,1,0,0,0,0,1,0,1,0,0,1,0,0,1,1
1,8,5685,6.3,22.5,0.005452946350043976,11.5,5.86,6,3,2,5,16.9,1,2,1,1,1,1,1,1,1,1,0,0,0,1,0,0,0,0,1,1,1
1,6,3261,9.53,17.5,0.0,13.75,9.75,0,1,4,3,100.0,1,1,0,0,0,0,0,1,1,1,0,1,0,1,0,0,1,1,1,1,1
1,10,3815,5.51,12.0,0.0002621231979030144,11.5,5.71,0,2,6,3,100.0,1,0,0,1,1,0,0,0,1,0,0,1,0,0,0,0,0,1,0,1,1
1,8,5453,3.51,9.2,0.004217861727489456,11.5,8.44,0,2,4,5,90.1,0,0,0,0,1,0,0,1,1,0,0,1,0,0,0,0,0,0,0,1,1
1,9,14013,2.27,24.2,0.00035681153214871903,15.466666666666667,1.06,69,38,15,17,47.2,73,0,1,1,1,0,1,0,0,1,0,1,0,1,0,0,1,1,0,1,1
1,7,1312,2.23,34.8,0.0007621951219512195,13.4,3.93,0,1,5,2,100.0,3,0,0,0,1,0,1,1,1,0,0,1,0,1,0,0,0,0,0,1,1
1,10,6722,7.16,11.7,0.0,15.714285714285714,3.35,7,6,7,10,100.0,1,4,0,1,1,1,1,0,0,0,0,1,0,1,0,1,0,0,0,1,1
1,8,6652,4.89,9.9,0.0001503307276007216,15.2,5.15,3,4,5,7,11.1,4,5,1,1,1,1,1,1,0,1,0,1,0,0,0,1,1,0,0,1,1
1,7,2936,4.1,34.4,0.006811989100817439,10.666666666666666,8.79,0,1,6,4,9.4,0,1,0,1,1,0,0,0,1,0,0,0,0,1,0,1,0,0,0,1,1
1,10,6033,2.27,28.7,0.000994530084535057,11.5,6.02,0,3,4,8,4.6,1,1,0,1,1,0,1,1,1,1,0,0,0,1,0,0,0,0,0,1,1
1,10,13079,5.79,11.6,0.0003058337793409282,16.5,4.05,2,10,6,4,100.0,1,0,0,1,1,0,1,0,0,1,0,1,0,0,0,0,1,0,0,1,1
1,9,4336,8.35,13.4,0.0,13.333333333333334,4.47,0,3,6,5,75.8,1,6,1,1,1,1,1,0,1,1,0,1,0,0,0,0,1,1,1,1,1
1,9,5468,5.99,24.9,0.000365764447695684,8.8,2.42,0,7,5,5,1.1,10,0,0,1,1,0,1,1,0,1,0,1,0,0,0,0,0,0,0,1,1
1,9,12109,12.91,18.3,8.258320257659592e-05,13.25,6.03,1,6,4,6,42.0,2,2,1,1,1,1,1,1,0,0,0,1,0,1,1,0,1,0,0,1,1
1,9,2941,2.43,19.6,0.00034002040122407346,9.8,4.4,0,2,5,2,100.0,0,0,0,1,0,0,0,1,1,0,0,1,0,1,0,0,1,0,0,1,1
1,8,9222,6.69,2.0,0.0008674907829104315,11.666666666666666,4.76,0,6,3,4,100.0,1,2,0,1,1,1,1,1,0,0,0,1,0,1,0,0,0,0,0,1,1
1,9,6023,15.26,0.0,0.0006641208699983397,15.4,4.66,25,4,5,4,82.7,6,4,1,1,1,1,1,1,0,1,0,1,0,1,0,1,1,1,1,1,1
1,7,3883,10.11,33.2,0.0010301313417460727,13.4,2.91,0,4,5,5,100.0,1,1,0,1,1,0,1,1,1,0,0,1,0,1,0,1,1,0,0,0,1
1,8,1567,6.02,0.0,0.00574345883854499,12.0,2.35,0,2,4,1,0.0,0,4,1,1,1,1,1,1,1,0,0,1,0,1,0,1,1,1,1,0,1
1,10,4187,5.25,28.0,0.004537855266300453,12.4,4.18,0,3,5,4,100.0,4,0,1,1,1,0,1,1,1,1,0,0,0,1,0,0,0,1,1,1,1
1,9,6139,7.77,9.4,0.0024433946896888744,11.0,4.75,3,4,3,7,11.3,0,0,1,1,1,0,1,1,1,0,0,1,1,0,0,0,1,0,0,1,1
1,9,4710,8.0,0.0,0.0006369426751592356,10.857142857142858,7.05,3,2,7,4,100.0,1,4,1,1,1,1,1,0,1,0,0,1,0,1,0,1,0,1,1,1,1
1,8,2724,16.35,11.6,0.0007342143906020558,14.875,4.08,13,2,8,5,100.0,2,8,0,1,1,1,1,0,1,1,0,1,0,1,0,1,1,0,0,1,1
1,9,6357,8.85,0.0,0.0034607519270095956,11.0,6.56,0,3,3,3,18.8,0,1,0,1,1,0,0,1,1,0,0,0,0,1,0,0,1,0,0,1,1
1,8,5724,6.99,26.1,0.01013277428371768,10.2,5.71,2,3,5,8,8.4,1,1,1,1,1,0,1,1,1,1,0,0,0,0,0,0,0,0,0,0,1
1,10,7411,4.95,11.5,0.004182971258939415,13.333333333333334,7.39,1,3,6,5,100.0,3,0,0,1,1,0,0,0,1,0,0,1,0,1,0,0,0,0,0,1,1
1,8,2194,9.87,39.8,0.0,17.166666666666668,6.56,4,1,6,4,98.8,0,0,0,1,0,0,1,0,1,0,0,1,0,1,1,0,1,0,0,1,1
1,10,5742,3.73,5.4,0.0017415534656913968,10.5,5.92,0,3,2,4,58.7,0,1,0,1,1,0,1,1,1,0,0,1,0,1,0,1,0,1,0,1,1
1,8,7940,7.48,9.3,0.012468513853904283,15.0,6.14,9,4,4,2,0.0,40,1,0,1,1,0,1,1,1,0,0,1,0,1,0,0,0,1,0,1,1
1,7,3873,7.35,31.2,0.0,14.75,4.0,0,3,4,5,96.4,9,0,0,1,0,0,1,1,1,0,0,1,0,1,0,1,1,0,0,1,1
1,9,7686,4.31,60.3,0.0,11.25,3.4,0,7,4,6,46.0,1,0,0,1,0,0,1,1,0,1,0,1,0,1,0,0,1,0,0,1,1
1,8,3422,2.88,14.9,0.0002922267679719462,16.0,5.11,0,2,4,6,90.1,0,2,0,1,1,1,0,1,1,0,0,0,0,1,0,0,1,0,0,1,1
1,8,4432,6.54,21.0,0.006994584837545126,12.75,4.57,0,3,4,8,2.5,0,0,0,1,1,0,1,1,1,0,0,0,0,0,0,0,0,1,0,1,1
1,10,2516,8.78,25.0,0.000794912559618442,12.0,7.53,0,1,6,4,100.0,3,1,1,1,1,0,0,0,1,0,0,1,0,0,1,0,1,1,0,1,1
1,10,5348,9.27,37.6,0.0,10.285714285714286,5.34,9,3,7,3,100.0,1,0,0,1,1,0,0,0,1,0,0,1,0,0,0,0,1,1,1,1,1
1,9,8207,4.82,23.8,0.0009747776288534178,15.625,8.47,32,3,8,6,0.0,0,0,0,1,1,0,0,0,1,0,0,1,0,0,0,0,1,0,0,1,1
1,10,4333,10.23,25.0,0.0006923609508423724,16.833333333333332,4.47,0,3,6,4,87.5,2,1,0,1,1,0,0,0,1,1,0,1,0,1,0,1,1,0,0,1,1
1,9,4112,6.68,21.1,0.003404669260700389,15.0,4.24,0,3,4,2,0.0,21,3,0,1,1,1,1,1,1,0,0,0,0,1,0,0,0,1,0,1,1
1,9,6523,2.73,21.0,0.00030660738923808065,12.6,5.05,1,4,5,9,35.3,0,0,0,1,1,0,1,1,0,0,0,1,1,0,0,0,1,0,0,1,1
1,9,4926,7.24,0.0,0.00020300446609825416,10.285714285714286,7.37,15,2,7,1,100.0,11,0,0,1,1,0,0,0,1,0,0,0,0,1,0,0,0,1,0,1,1
1,8,2711,7.95,30.1,0.0022132054592401327,11.666666666666666,8.11,7,1,6,9,100.0,0,0,0,1,0,0,0,0,1,0,0,1,0,1,1,0,0,1,0,1,1
1,8,3342,10.13,6.7,0.005984440454817474,11.8,10.34,0,1,5,8,57.1,0,1,0,0,1,0,0,1,1,0,0,1,0,1,0,1,0,0,1,1,1
1,9,5654,7.75,0.0,0.00035373187124159886,11.0,8.47,37,2,6,2,2.5,0,0,0,1,1,0,0,0,1,0,0,1,0,1,0,0,1,1,0,1,1
1,8,3890,8.86,10.4,0.0002570694087403599,14.571428571428571,9.46,0,1,7,4,54.0,2,1,0,1,1,0,0,0,1,1,0,0,0,1,0,0,0,0,0,1,1
1,8,3067,10.32,34.1,0.00097815454841865,11.857142857142858,1.58,2,6,7,5,2.9,1,0,1,1,0,0,1,0,0,0,0,1,0,1,0,1,1,0,0,1,1
1,8,6699,5.08,8.4,0.004329004329004329,15.0,4.15,10,5,4,2,0.0,40,4,0,1,1,1,1,1,0,0,0,1,0,1,0,0,0,1,0,1,1
1,7,2118,5.23,23.7,0.002360717658168083,14.75,6.33,0,1,4,4,100.0,0,0,0,1,0,0,0,1,1,0,0,1,0,0,0,0,1,0,0,1,1
1,10,5644,12.37,12.4,0.009922041105598866,11.0,8.45,4,2,7,10,2.9,84,2,0,1,0,1,0,0,1,0,0,1,0,0,0,0,1,0,0,1,1
1,7,3332,5.69,24.4,0.01050420168067227,15.25,3.44,0,3,4,4,14.4,0,2,0,1,1,1,1,1,1,0,0,0,0,0,0,0,1,1,0,1,1
1,6,5629,4.99,19.5,0.0005329543435779002,11.0,8.42,0,2,3,4,0.0,0,7,0,0,1,1,0,1,1,0,0,1,0,1,0,1,1,0,0,0,1
1,7,2710,5.33,0.0,0.0014760147601476014,14.0,1.77,0,1,1,1,0.0,8,2,0,0,0,1,1,1,1,0,0,1,0,1,0,0,1,0,0,1,1
1,8,3824,6.16,38.8,0.0002615062761506276,13.0,4.65,0,2,3,6,100.0,0,0,0,1,1,0,1,1,1,0,0,0,0,0,1,0,0,0,0,1,1
1,8,2278,10.12,0.0,0.0,12.0,6.82,0,1,6,4,100.0,4,0,0,0,1,0,1,0,1,1,0,1,0,1,0,0,0,0,0,1,1
1,9,7086,9.72,25.6,0.0002822466836014677,14.75,5.48,0,4,4,4,0.0,0,0,0,1,1,0,1,1,1,0,0,1,0,0,0,1,1,0,0,1,1
1,9,4369,8.89,34.7,0.013046463721675441,11.4,6.54,0,2,5,8,10.2,0,1,0,1,1,0,0,1,1,0,0,0,0,1,0,0,0,0,0,1,1
1,9,7809,9.19,15.2,0.00012805736970162632,13.571428571428571,12.08,11,2,7,3,100.0,0,4,0,1,1,1,0,0,1,0,0,0,0,1,0,0,1,0,0,1,1
1,8,1708,3.9,0.0,0.006440281030444965,12.6,5.1,4,1,5,1,0.0,0,1,0,1,0,0,0,1,1,0,0,1,0,1,0,0,0,0,0,1,1
1,10,4869,6.73,21.5,0.0,11.75,5.02,3,3,4,6,3.2,0,0,0,1,1,0,1,1,1,0,0,1,0,1,0,1,1,0,0,1,1
1,8,4321,6.86,8.8,0.0006942837306179125,14.5,6.46,6,2,4,3,100.0,1,2,0,1,1,1,0,1,1,1,0,1,0,1,0,1,1,0,0,0,1
1,9,3336,15.14,7.6,0.0,13.75,5.16,1,2,4,3,1.0,0,2,0,1,1,1,1,1,1,0,0,1,0,0,1,0,1,0,0,1,1
1,8,2103,5.46,0.0,0.0,18.333333333333332,6.29,0,1,3,1,0.0,0,3,0,0,1,1,1,1,1,0,0,1,0,1,0,0,0,0,0,1,1
1,9,14858,8.48,9.0,0.012922331403957463,13.5,6.35,0,7,8,7,11.3,115,0,0,1,1,0,1,0,0,1,0,1,0,1,0,0,1,0,0,1,1
1,9,4993,8.24,27.5,0.0002002803925495694,9.285714285714286,7.73,0,2,7,3,100.0,0,1,0,1,1,0,0,0,1,0,0,0,0,0,0,0,0,0,0,1,1
1,7,3686,6.47,7.1,0.00027129679869777537,13.4,5.45,0,2,5,6,100.0,0,4,1,0,1,1,1,1,1,0,0,0,0,0,0,0,1,0,0,1,1
1,9,5206,14.02,13.0,0.001536688436419516,14.25,5.37,1,3,4,5,0.6,0,1,0,1,0,0,1,1,1,0,0,1,0,0,0,1,1,0,0,1,1
1,7,2457,3.83,19.2,0.001221001221001221,10.285714285714286,3.8,11,2,7,8,81.7,0,1,0,1,1,0,1,0,1,0,0,1,0,1,0,0,0,1,0,0,1
1,10,2272,17.82,33.3,0.0,13.571428571428571,6.8,0,1,7,3,100.0,3,0,1,1,1,0,0,0,1,0,0,1,0,1,0,1,0,1,1,1,1
1,10,8065,2.52,7.6,0.0006199628022318661,10.0,8.32,4,3,1,3,0.0,0,1,0,1,0,0,1,1,1,0,0,1,1,0,0,0,1,0,0,1,1
1,8,4341,16.6,24.8,0.001151808339092375,13.666666666666666,6.5,5,2,6,9,100.0,0,0,0,1,1,0,0,0,1,0,0,1,0,1,0,1,0,1,0,1,1
1,7,3103,12.04,20.7,0.0016113438607798904,13.666666666666666,9.29,2,1,6,10,100.0,0,0,1,1,1,0,0,0,1,0,0,1,0,1,0,1,0,1,1,1,1
1,8,3274,6.95,34.1,0.011606597434331093,15.0,4.89,8,2,6,4,84.6,0,0,0,1,1,0,1,0,1,0,0,1,0,1,0,0,0,1,0,1,1
1,9,3019,9.14,16.0,0.0003312355084465055,14.25,3.11,0,3,4,3,0.0,0,1,0,0,1,0,1,1,1,0,0,1,0,0,0,0,1,0,0,1,1
1,10,6991,6.43,18.2,0.0007152052639107423,11.5,6.99,4,3,4,4,100.0,2,0,1,1,1,0,1,1,1,1,0,1,0,0,0,0,1,1,1,1,1
1,9,5753,6.26,46.1,0.0005214670606640013,14.285714285714286,4.45,1,4,7,5,1.2,0,4,0,1,1,1,1,0,1,0,0,1,0,1,0,1,1,0,0,1,1
1,10,1930,3.39,23.0,0.002072538860103627,17.5,1.49,3,4,2,2,100.0,7,3,1,1,1,1,1,1,0,1,0,1,0,1,0,1,1,0,0,1,1
1,9,4574,4.93,0.0,0.003279405334499344,8.0,6.85,0,2,1,1,0.0,9,2,0,1,0,1,0,1,1,1,0,1,0,1,0,1,1,0,0,1,1
1,8,4166,7.54,15.4,0.0,13.4,6.24,3,2,5,6,99.1,6,0,0,1,0,0,0,1,1,0,0,0,0,1,0,0,1,0,0,1,1
1,7,5217,8.76,11.3,0.01437607820586544,11.25,5.38,0,3,4,5,0.0,2,4,0,0,1,1,1,1,1,0,0,1,0,1,0,1,0,0,0,1,1
1,7,4544,4.81,13.7,0.0044014084507042256,14.0,7.03,0,2,7,3,100.0,0,2,0,0,1,1,0,0,1,0,0,1,0,1,0,0,1,1,0,1,1
1,8,2694,9.75,10.5,0.0066815144766146995,13.2,8.07,0,1,5,3,100.0,1,1,0,0,1,0,0,1,1,0,0,1,0,1,1,0,1,1,0,1,1
1,8,6263,2.76,18.5,0.002714354143381766,13.2,4.69,0,4,5,8,0.8,0,0,0,1,1,0,0,1,0,0,0,1,0,1,1,0,0,0,0,1,1
1,9,3261,7.52,37.0,0.0006133088009812941,13.25,4.87,0,2,4,4,32.1,0,1,0,1,1,0,1,1,1,0,0,1,0,1,0,0,1,1,1,1,1
1,7,4280,2.09,53.4,0.014953271028037384,11.75,3.18,0,4,4,2,0.0,9,0,0,1,1,0,1,1,0,1,0,0,0,1,0,1,1,0,0,1,1
1,9,7200,7.6,16.9,0.0016666666666666668,11.285714285714286,7.18,0,3,7,4,87.3,1,1,0,1,1,0,0,0,1,1,0,1,0,1,0,1,1,0,0,1,1
1,9,2200,13.82,12.9,0.0,15.428571428571429,6.58,0,1,7,6,83.9,2,2,1,0,0,1,1,0,1,1,0,1,0,1,0,0,1,0,0,1,1
1,6,2344,21.54,18.5,0.0034129692832764505,9.5,7.01,0,1,2,2,100.0,0,0,0,1,1,0,0,1,1,0,0,1,0,1,0,1,0,0,0,0,1
1,7,2085,14.29,20.0,0.0009592326139088729,14.0,6.23,1,1,5,4,6.7,0,0,0,1,1,0,1,1,1,0,0,0,0,1,0,1,0,0,0,1,1
1,9,16219,2.78,3.8,0.0027745237067636724,16.285714285714285,7.17,0,7,7,11,51.3,0,2,0,1,1,1,1,0,0,0,0,1,0,1,0,1,0,0,0,1,1
1,9,3800,4.65,28.6,0.0028947368421052633,15.75,3.79,13,3,4,3,100.0,0,7,0,1,0,1,1,1,1,0,0,1,0,1,0,0,1,0,0,1,1
1,8,3738,3.89,49.7,0.0029427501337613697,11.0,3.73,0,3,2,5,4.1,1,0,1,1,1,0,1,1,1,0,0,1,0,0,0,1,0,0,0,1,1
1,9,1625,5.17,5.8,0.0012307692307692308,16.25,4.92,0,1,8,8,100.0,33,9,0,0,0,1,1,0,1,1,0,1,0,1,0,1,1,0,0,1,1
1,8,2837,8.66,31.6,0.004934790271413465,10.0,8.78,0,1,3,5,0.0,6,0,1,1,1,0,1,1,1,1,0,1,0,0,0,1,1,0,0,1,1
1,7,5362,8.68,30.7,0.01081685938082805,11.75,8.03,0,2,4,2,100.0,0,2,0,1,1,1,0,1,1,0,0,1,0,0,1,0,0,1,1,0,1
1,9,9819,5.64,11.1,0.0005092168245238823,11.25,6.08,2,5,4,5,0.0,0,0,0,1,1,0,1,1,1,0,0,1,0,1,0,0,0,0,0,1,1
1,8,3849,4.97,17.6,0.0020784619381657575,15.0,3.97,0,3,4,2,0.0,21,2,0,1,1,1,1,1,1,0,0,1,0,1,0,0,0,1,0,1,1
1,10,6400,8.63,6.5,0.00046875,10.666666666666666,3.96,3,5,3,6,100.0,1,2,0,1,1,1,1,1,1,1,0,1,0,0,0,0,1,0,0,1,1
1,6,2135,8.52,21.4,0.000468384074941452,14.666666666666666,3.2,3,2,3,2,100.0,0,4,0,1,0,1,1,1,1,0,0,1,0,0,0,1,0,0,0,0,1
1,9,6129,3.84,24.2,0.0004894762604013706,11.0,4.74,6,4,5,5,93.2,1,0,0,1,1,0,1,1,1,1,0,1,0,1,0,0,1,0,0,1,1
1,7,3844,2.35,15.1,0.001040582726326743,25.8,5.75,0,2,5,8,9.6,1,7,0,0,0,1,0,1,1,1,0,1,0,1,0,1,1,0,0,1,1
1,10,3171,8.94,20.3,0.001261431725007884,12.833333333333334,9.49,0,1,6,6,100.0,0,1,0,1,1,0,1,0,1,0,0,1,0,1,0,1,0,1,0,1,1
1,8,3426,7.38,8.2,0.004086398131932283,19.25,3.53,0,3,8,7,5.5,3,0,0,1,1,0,1,0,1,1,0,1,0,0,0,1,0,0,0,1,1
1,6,1597,2.16,23.5,0.005009392611145898,15.0,4.94,0,1,4,2,0.0,3,1,0,0,1,0,1,1,1,0,0,0,0,0,0,0,0,0,0,1,1
1,5,1717,5.7,0.0,0.0017472335468841002,13.166666666666666,5.14,1,1,6,1,100.0,1,0,0,1,0,0,1,0,1,1,0,1,0,1,1,0,1,0,0,1,1
1,8,2142,10.14,20.6,0.006069094304388422,15.4,6.41,0,1,5,7,100.0,1,1,0,0,1,0,1,1,1,1,0,1,0,1,1,0,1,0,0,1,1
1,7,4371,8.46,42.7,0.011896591169068863,10.666666666666666,6.54,0,2,6,5,11.5,0,0,1,0,1,0,0,0,1,0,0,0,0,1,0,0,0,1,0,1,1
1,9,3952,3.83,28.6,0.0007591093117408907,13.571428571428571,6.12,7,2,7,9,7.1,1,0,0,1,1,0,0,0,1,1,0,1,0,1,0,0,1,1,0,1,1
1,5,3326,7.47,30.6,0.0006013229104028864,13.4,5.15,0,2,5,5,87.4,2,2,1,0,1,1,1,1,1,1,0,0,0,1,0,0,1,1,1,1,1
1,10,2246,2.75,14.4,0.0008904719501335708,17.25,6.71,0,1,4,4,98.2,1,0,0,1,1,0,0,1,1,0,0,1,0,1,0,0,0,0,0,1,1
1,8,3386,4.02,28.8,0.0,12.428571428571429,5.07,0,2,7,3,100.0,0,0,0,1,0,0,0,0,1,0,0,1,0,1,1,0,0,1,0,1,1
1,8,3220,16.56,19.0,0.008074534161490683,11.25,3.32,0,3,4,4,75.2,0,1,0,1,1,0,1,1,1,0,0,1,0,1,0,1,1,0,0,1,1
1,8,5627,6.01,13.0,0.004798293939932468,12.0,5.8,3,3,4,8,100.0,0,2,0,1,0,1,1,1,1,0,0,1,0,0,0,1,1,0,0,1,1
1,9,7612,4.71,4.6,0.00039411455596426696,13.666666666666666,5.69,0,4,6,3,0.4,0,3,0,1,0,1,1,0,0,0,0,1,0,0,1,0,1,0,0,1,1
1,10,2637,6.2,10.2,0.0022753128555176336,12.666666666666666,7.9,0,1,6,3,100.0,1,1,0,1,1,0,0,0,1,0,0,1,0,1,1,0,1,0,0,1,1
1,10,8922,6.09,23.5,0.0017933198834342075,9.833333333333334,6.67,5,4,6,3,3.4,1,0,0,1,1,0,1,0,0,1,0,1,0,1,0,0,1,0,0,1,1
1,8,3824,9.39,13.4,0.0002615062761506276,12.75,5.72,0,2,8,8,68.8,0,0,0,1,1,0,1,0,1,0,0,1,0,0,0,0,0,0,0,0,1
1,8,7518,3.57,25.9,0.002128225591912743,14.5,4.65,0,5,4,6,31.2,1,0,0,1,0,0,1,1,0,0,0,0,0,0,0,0,1,0,0,1,1
1,8,1517,3.43,0.0,0.0006591957811470006,11.333333333333334,4.69,0,1,3,5,100.0,0,2,0,1,0,1,1,1,1,0,0,1,0,1,0,1,0,0,0,1,1
1,8,4390,8.35,18.1,0.0061503416856492025,16.0,4.53,0,3,3,4,100.0,1,0,0,1,0,0,1,1,1,0,0,0,0,1,1,0,1,1,0,1,1
1,8,10940,6.48,26.3,0.001279707495429616,12.333333333333334,6.77,0,5,6,6,15.5,0,1,0,1,1,0,1,0,1,0,0,0,0,0,0,0,0,0,0,1,1
1,9,5631,5.0,0.0,0.0003551767004084532,14.0,4.36,2,4,3,3,0.6,0,2,1,1,1,1,1,1,0,0,0,0,0,0,0,1,1,0,0,1,1
1,10,5957,6.29,16.0,0.00016786973308712439,13.166666666666666,3.69,12,5,6,6,97.7,25,0,1,1,1,0,1,0,0,1,0,1,0,1,0,1,1,1,1,1,1
1,8,7843,8.33,2.3,0.0,12.0,8.09,3,3,3,4,4.0,0,0,0,1,1,0,1,1,1,0,0,0,0,0,0,1,1,0,0,1,1
1,7,4160,8.3,27.9,0.0002403846153846154,19.333333333333332,6.22,0,2,3,7,95.3,4,0,0,0,1,0,1,1,1,0,0,0,0,1,0,1,1,0,0,1,1
1,8,4851,9.28,16.8,0.00020614306328592042,12.4,7.51,2,2,5,5,76.6,1,1,0,1,1,0,1,1,1,0,0,0,0,1,0,1,1,1,0,1,1
1,8,2097,1.86,0.0,0.002861230329041488,11.75,6.49,0,1,8,1,100.0,8,6,0,1,1,1,0,0,1,1,0,1,0,1,0,0,0,0,0,1,1
1,9,11582,7.67,26.0,0.0002590226213089276,14.0,4.95,0,7,2,5,1.4,0,2,1,1,1,1,1,1,0,0,0,1,0,0,0,0,0,0,0,1,1
1,9,3053,5.88,24.7,0.00032754667540124465,11.333333333333334,9.45,0,1,6,4,0.0,4,0,0,1,0,0,0,0,1,1,0,1,1,0,0,1,1,0,0,1,1
1,10,6494,3.78,13.1,0.002771789344009855,13.666666666666666,2.87,9,7,9,5,8.6,1,3,1,1,1,1,1,0,0,1,0,1,0,0,0,1,1,1,0,1,1
1,9,7106,8.83,7.9,0.0046439628482972135,11.833333333333334,5.32,5,4,6,5,0.2,1,0,1,1,1,0,1,0,0,1,0,1,0,1,0,1,0,0,0,1,1
1,8,3650,10.92,12.7,0.000273972602739726,15.0,5.65,0,2,4,2,0.0,12,2,0,1,1,1,1,1,1,0,0,1,0,1,0,1,0,1,0,1,1
1,9,4757,6.39,14.9,0.002312381753205802,11.0,3.68,0,4,2,7,4.6,0,0,0,0,0,0,1,1,1,0,0,1,1,0,0,0,1,0,0,1,1
1,7,10497,16.21,0.0,0.0,11.0,7.86,16,4,3,3,100.0,0,5,0,1,0,1,1,1,1,0,0,0,0,1,0,1,0,0,0,1,1
1,8,2686,11.14,16.4,0.0007446016381236039,13.333333333333334,8.03,0,1,6,4,100.0,0,2,0,0,0,1,0,0,1,0,0,1,0,0,0,0,1,1,0,1,1
1,9,3058,6.98,63.8,0.0006540222367560497,34.42857142857143,9.15,0,1,7,7,94.2,4,0,0,1,0,0,0,0,1,0,0,1,0,1,0,1,1,0,0,1,1
1,9,3633,8.45,18.9,0.00853289292595651,13.2,5.44,0,2,5,3,100.0,1,4,0,1,1,1,0,1,1,0,0,1,0,1,1,0,1,1,0,1,1
1,10,2392,6.41,26.8,0.007525083612040134,10.285714285714286,7.16,5,1,7,3,100.0,1,0,0,1,1,0,0,0,1,0,0,1,0,0,0,0,0,1,0,1,1
1,9,9013,4.44,31.8,0.0,12.0,6.75,0,4,3,3,100.0,0,0,0,1,1,0,1,1,0,0,1,0,0,1,1,0,1,1,0,1,1
1,7,3277,2.61,20.2,0.0015257857796765334,16.4,2.45,7,4,5,4,0.9,43,6,0,1,1,1,0,1,0,1,0,1,0,0,0,1,1,0,0,1,1
1,8,10057,7.42,18.7,0.0022869643034702197,10.5,10.04,4,3,4,5,5.9,0,0,0,1,1,0,0,1,1,0,0,0,0,1,0,1,1,0,0,1,1
1,9,12788,3.14,21.1,0.00046918986549890525,10.5,5.46,9,7,2,5,0.2,1,0,0,1,1,0,1,1,0,0,0,1,0,0,0,1,1,0,0,1,1
1,9,3792,8.95,25.5,0.0,11.25,5.87,9,2,4,7,87.7,0,3,0,1,1,1,0,1,1,0,0,0,0,1,0,0,1,1,1,1,1
1,8,2743,9.39,22.3,0.0025519504192489974,15.0,2.73,0,3,6,4,3.9,2,4,0,1,0,1,1,0,1,1,0,1,0,0,0,1,0,0,0,1,1
1,10,3538,7.1,41.3,0.0002826455624646693,13.5,5.29,2,2,6,3,100.0,1,1,0,1,1,0,0,0,1,0,0,1,0,1,0,1,0,0,0,1,1
1,10,4305,4.27,7.5,0.00023228803716608595,10.857142857142858,4.3,7,3,7,4,100.0,19,1,0,1,1,0,0,0,1,1,0,1,0,0,0,0,1,1,0,1,1
1,8,3565,13.52,27.8,0.0011220196353436186,13.0,2.76,0,4,4,3,4.1,1,0,0,1,1,0,1,1,1,0,0,0,0,0,0,0,1,1,0,1,1
1,8,3278,4.32,8.2,0.003355704697986577,15.75,5.07,0,2,4,5,10.1,0,2,0,1,0,1,1,1,1,0,0,1,0,0,0,0,0,0,0,1,1
1,8,2298,1.81,21.2,0.0073977371627502175,12.333333333333334,3.56,0,2,3,2,0.0,0,7,0,1,1,1,1,1,1,0,1,0,0,0,0,1,0,0,0,0,1
1,9,3904,8.81,28.6,0.0015368852459016393,12.75,5.85,0,2,8,5,0.0,76,1,0,1,1,0,1,0,1,1,0,1,0,0,1,0,1,1,0,1,1
1,9,2009,7.27,2.9,0.0009955201592832255,15.5,6.22,4,1,2,3,14.3,0,1,0,1,1,0,1,1,1,0,0,1,0,0,1,0,1,0,0,1,1
1,7,1242,8.89,15.4,0.0,19.571428571428573,3.71,0,1,7,4,100.0,4,2,1,0,1,1,1,0,1,0,0,1,0,1,0,1,1,1,0,0,1
1,5,12514,3.58,0.4,0.00423525651270577,15.6,17.75,0,1,5,4,100.0,1,0,0,0,1,0,1,1,1,1,0,1,0,1,0,1,1,0,0,1,1
1,7,3400,7.62,5.6,0.043823529411764706,17.0,5.08,0,2,3,4,1.4,0,1,0,1,0,0,1,1,1,0,0,1,0,0,0,0,1,0,0,0,1
1,9,3760,7.13,9.7,0.00026595744680851064,13.2,3.75,1,3,5,4,24.8,15,1,0,1,1,0,1,1,1,1,0,1,0,1,0,0,0,0,0,1,1
1,10,3447,6.01,11.0,0.001450536698578474,19.666666666666668,5.33,5,2,3,5,7.7,0,1,1,1,1,0,1,1,1,0,0,1,0,1,1,0,0,1,1,1,1
1,9,4957,14.64,23.5,0.0006052047609441194,14.8,4.94,2,3,5,2,100.0,8,0,0,1,1,0,1,1,1,0,0,0,0,1,0,1,1,0,0,1,1
1,6,2798,9.13,41.4,0.0007147962830593281,11.0,2.89,15,3,3,3,0.6,1,0,0,1,0,0,1,1,1,1,0,1,0,0,0,0,1,0,0,1,1
1,10,2981,4.63,24.8,0.0013418316001341832,15.0,9.23,9,1,6,6,86.4,3,0,0,1,0,0,1,0,1,0,0,1,0,1,0,0,1,0,0,1,1
1,9,13375,2.25,0.0,0.00022429906542056075,11.6,6.9,1,6,5,2,54.9,0,14,0,1,0,1,1,1,0,0,0,0,0,1,0,1,1,0,0,1,1
1,7,3327,15.76,28.9,0.0012022843402464682,13.333333333333334,4.97,5,2,3,4,92.2,0,0,0,1,1,0,1,1,1,0,0,0,0,0,0,1,0,1,0,1,1
1,9,5759,12.77,30.7,0.0,11.25,8.61,1,2,4,5,3.1,8,0,1,1,1,0,0,1,1,1,0,1,0,0,0,0,0,0,0,1,1
1,10,5348,9.27,37.6,0.0,10.285714285714286,5.34,9,3,7,3,100.0,1,0,0,1,1,0,0,0,1,0,0,1,0,0,0,0,1,1,1,1,1
1,7,3044,3.49,8.8,0.0016425755584756898,13.2,9.11,0,1,5,3,100.0,0,1,0,1,1,0,0,1,1,0,0,0,0,1,1,0,1,0,0,1,1
1,8,12479,7.64,44.5,0.0006410770093757512,11.0,5.33,5,7,3,4,0.0,0,1,1,1,1,0,1,1,0,0,0,1,0,0,0,1,1,0,0,0,1
1,8,12436,7.08,20.8,0.0001608234158893535,12.0,4.28,0,9,1,3,0.0,0,0,0,0,1,0,1,1,0,0,0,1,0,0,0,0,1,0,0,1,1
1,7,1845,12.2,32.4,0.0005420054200542005,11.0,5.71,1,1,2,4,11.8,0,0,1,1,1,0,1,1,1,0,0,1,0,0,0,1,0,0,0,1,1
1,6,6572,9.06,14.4,0.002130249543517955,12.444444444444445,6.78,39,3,9,5,2.1,6,3,0,1,1,1,1,0,1,1,0,0,0,1,0,0,1,0,0,1,1
1,6,2354,9.12,28.3,0.0021240441801189465,14.8,3.64,0,2,5,7,97.0,0,5,0,1,1,1,0,1,1,0,0,1,0,1,0,0,0,0,0,1,1
1,6,4900,6.51,23.3,0.0020408163265306124,18.0,5.05,5,3,3,6,11.3,1,8,0,1,0,1,0,1,1,0,0,1,0,0,0,1,0,0,0,1,1
1,9,6726,4.83,26.5,0.0,11.0,6.72,49,3,7,7,100.0,1,0,0,1,1,0,0,0,1,0,0,1,0,0,1,0,1,1,0,1,1
1,8,4386,17.25,27.1,0.0013679890560875513,12.75,6.79,1,2,4,4,100.0,0,0,1,1,0,0,1,1,1,0,0,0,0,1,0,1,0,1,0,1,1
1,8,2342,2.56,7.7,0.0012809564474807857,13.857142857142858,6.39,1,1,7,5,77.7,1,4,0,1,0,1,1,0,1,0,0,1,0,1,0,1,0,0,0,1,1
1,9,6400,7.53,3.2,0.0071875,13.75,9.58,0,2,4,4,100.0,0,1,1,1,0,0,0,1,1,0,0,0,0,1,0,0,1,0,0,1,1
1,9,2955,8.79,13.8,0.0,16.666666666666668,4.42,0,2,3,4,100.0,0,4,0,1,0,1,1,1,1,0,1,0,0,1,0,0,0,1,0,1,1
1,7,6389,7.55,20.6,0.0003130380341211457,11.375,6.59,0,3,8,8,25.0,4,2,0,0,1,1,1,0,1,0,0,1,0,1,1,0,1,1,1,1,1
1,9,4895,5.05,0.0,0.0020429009193054137,19.166666666666668,7.31,0,2,6,4,100.0,1,0,1,1,1,0,0,0,1,0,0,1,0,1,1,0,1,1,0,1,1
1,8,2001,10.76,37.5,0.0014992503748125937,12.2,3.1,10,2,5,5,100.0,0,7,0,1,1,1,1,1,1,0,0,1,0,1,0,1,1,0,0,1,1
1,9,4490,5.57,26.2,0.0033407572383073497,12.333333333333334,4.63,0,3,3,5,76.5,1,0,0,1,1,0,1,1,1,1,0,1,0,1,0,0,0,1,0,1,1
1,10,9125,7.71,8.8,0.0012054794520547946,10.285714285714286,2.82,1,10,7,8,2.5,2,0,0,1,0,0,1,0,0,1,0,1,0,0,0,1,0,0,0,1,1
1,7,9553,8.0,12.0,0.0006280749502773998,11.5,4.77,0,6,2,8,4.1,0,1,1,0,1,0,1,1,0,0,0,1,0,0,0,0,0,1,1,1,1
1,7,1747,8.57,0.0,0.0034344590726960505,18.285714285714285,5.22,2,1,7,5,100.0,1,1,0,1,1,0,1,0,1,1,0,1,0,1,0,0,1,0,0,1,1
1,8,7795,5.37,31.2,0.010519563822963438,11.285714285714286,7.78,6,3,7,8,0.0,5,5,0,1,1,1,1,0,1,0,0,0,0,1,0,1,0,0,0,1,1
1,9,8373,1.97,13.2,0.009554520482503284,13.4,8.35,0,3,5,3,100.0,0,0,1,1,1,0,0,1,1,0,1,0,0,0,0,0,1,1,0,1,1
1,2,2244,10.51,10.4,0.018270944741532978,21.4,6.71,0,1,5,3,100.0,1,2,0,0,0,1,0,1,1,1,0,1,0,1,0,1,1,0,0,1,1
1,5,1885,15.97,26.5,0.009549071618037135,14.666666666666666,5.83,0,1,3,5,50.0,0,1,0,0,1,0,0,1,1,0,0,1,0,1,0,0,0,0,0,1,1
1,10,7348,2.23,16.3,0.0025857376156777356,9.8,7.58,2,3,10,7,0.1,8,5,1,1,1,1,0,0,1,1,0,1,0,1,0,1,0,0,0,1,1
1,8,4583,4.33,31.4,0.0037093606807767836,16.25,6.86,3,2,4,6,55.6,0,0,0,1,1,0,1,1,1,0,0,1,0,1,0,0,0,0,0,1,1
1,9,8464,6.72,32.7,0.0005907372400756144,13.166666666666666,4.37,6,6,6,8,36.8,8,0,1,1,1,0,1,0,0,1,0,1,0,0,0,0,1,0,0,1,1
1,9,5333,4.81,14.2,0.0009375585974123383,14.571428571428571,2.28,5,7,7,4,0.0,16,2,1,1,0,1,1,0,1,1,0,1,0,1,0,1,1,1,1,1,1
1,8,2732,16.96,28.4,0.0010980966325036604,11.4,8.17,0,1,5,5,90.8,0,0,0,1,1,0,0,1,1,0,0,0,0,0,0,1,0,1,0,1,1
1,9,5092,6.77,31.3,0.0009819324430479183,8.583333333333334,7.61,1,2,12,5,10.7,2,1,1,1,0,0,0,0,1,1,0,1,1,0,0,0,0,0,0,1,1
1,9,8847,5.25,4.9,0.0,11.222222222222221,13.24,3,2,9,4,100.0,0,1,1,1,1,0,0,0,1,0,0,0,0,1,0,1,1,1,0,1,1
0,9,9638,11.75,12.5,0.00010375596596804317,15.8,4.97,17,6,5,8,73.0,3,1,0,1,1,0,1,1,0,0,0,1,0,0,0,0,1,0,0,1,1
0,8,2007,5.11,31.2,0.0,16.75,6.0,3,1,4,4,100.0,1,1,1,1,1,0,0,1,1,0,0,0,0,1,0,0,0,1,0,1,1
0,7,4460,4.05,29.5,0.0006726457399103139,12.5,5.74,0,3,8,3,0.0,19,0,0,1,1,0,1,0,1,1,0,1,0,1,0,0,1,0,0,0,1
0,7,7663,3.66,35.2,0.004567401800861281,11.0,3.95,11,6,3,9,88.3,5,1,0,1,1,0,1,1,0,1,0,1,0,1,0,0,1,0,0,1,1
0,6,2955,8.71,33.8,0.009137055837563452,13.5,8.84,0,1,6,2,100.0,1,4,0,0,1,1,0,0,1,1,0,1,0,1,0,1,1,0,0,1,1
0,7,1949,3.91,12.9,0.000513083632632119,14.6,6.03,2,1,5,7,86.2,2,2,0,1,1,1,0,1,1,1,0,1,0,1,0,0,1,0,0,1,1
0,5,2832,13.25,37.7,0.0049435028248587575,14.8,8.49,0,1,5,2,100.0,0,0,0,0,0,0,0,1,1,0,0,1,0,1,0,0,1,1,0,0,1
0,9,8959,4.36,10.5,0.002344011608438442,14.571428571428571,5.36,0,5,7,6,29.8,0,2,1,1,1,1,1,0,0,0,0,0,0,1,0,0,1,0,0,0,1
0,9,4964,2.83,1.0,0.0,17.166666666666668,7.42,0,2,6,4,100.0,2,4,1,1,1,1,1,0,1,1,0,1,0,1,0,1,1,0,0,1,1
0,8,5922,3.27,11.7,0.00016886187098953058,10.5,4.43,11,4,2,3,14.9,0,0,0,1,0,0,1,1,0,0,0,1,0,0,0,0,1,0,0,1,1
0,8,5934,7.59,16.5,0.0,12.923076923076923,8.88,2,2,13,4,90.8,3,0,0,1,0,0,0,0,1,0,0,0,0,1,1,0,1,0,0,1,1
0,7,2722,12.21,11.6,0.0,15.0,8.14,0,1,3,4,100.0,1,0,0,1,0,0,0,1,1,1,0,0,0,1,0,0,1,0,0,1,1
0,9,2260,13.19,3.6,0.0,11.4,6.77,0,1,10,8,4.8,5,3,0,1,1,1,1,0,1,1,0,1,0,1,1,0,1,0,0,1,1
0,8,6943,9.0,10.4,0.0,12.5,4.3,5,5,2,4,3.8,1,0,0,1,1,0,1,1,0,1,0,1,0,0,1,0,1,1,0,1,1
0,9,5284,13.03,38.0,0.0003785011355034065,9.5,5.27,0,3,6,6,8.4,1,3,1,1,1,1,0,0,1,0,0,1,0,0,0,1,0,1,1,1,1
0,8,3674,10.06,29.1,0.00027218290691344586,11.0,5.68,0,2,3,4,9.4,0,3,0,1,1,1,1,1,1,0,0,1,0,0,0,1,0,1,1,1,1
0,10,8741,3.9,23.0,0.001372840636082828,21.0,3.86,36,7,5,3,100.0,0,1,0,1,1,0,1,1,0,0,0,1,0,1,0,0,1,0,0,1,1
0,9,5196,4.55,34.1,0.005581216320246343,15.083333333333334,8.04,0,2,12,5,3.4,1,0,1,1,1,0,0,0,1,1,0,1,0,1,0,0,1,0,0,0,1
0,10,3080,3.6,17.0,0.0016233766233766235,10.4,4.61,5,2,5,3,100.0,0,0,0,1,0,0,0,1,1,0,0,1,0,0,1,0,1,1,1,1,1
0,8,7637,7.69,8.3,0.0,10.666666666666666,5.91,8,4,3,4,0.0,0,2,0,1,1,1,1,1,1,0,0,1,0,0,0,0,1,1,0,1,1
0,6,1822,8.53,28.6,0.001646542261251372,17.5,5.45,0,1,2,6,100.0,0,0,0,0,0,0,1,1,1,0,0,1,0,1,0,1,0,0,0,1,1
0,10,1666,3.79,16.2,0.003001200480192077,16.2,4.98,1,1,5,5,25.0,0,1,0,1,1,0,1,1,1,0,0,1,0,1,0,1,1,0,0,1,1
0,7,3807,5.93,1.7,0.0015760441292356187,11.0,3.93,0,3,3,4,100.0,3,4,0,0,1,1,1,1,1,0,0,1,0,1,0,1,0,0,0,1,1
0,9,4093,8.84,30.2,0.006352308819936477,12.333333333333334,2.11,0,6,3,5,5.8,1,0,0,1,0,0,1,1,1,1,0,1,0,0,0,0,1,0,0,1,1
0,10,3765,5.98,39.7,0.006905710491367862,13.666666666666666,11.65,8,1,3,4,1.4,0,1,0,1,1,0,0,1,1,0,0,0,0,0,0,0,1,1,1,1,1
0,8,4199,3.55,31.0,0.0,11.0,2.51,0,5,3,3,1.8,1,1,0,1,1,0,1,1,0,1,0,1,0,0,1,0,1,0,0,0,1
0,8,3737,8.18,5.8,0.012041744715012041,11.0,5.78,0,2,5,3,0.0,1,1,0,1,0,0,1,1,1,1,0,1,0,0,0,1,1,0,0,1,1
0,7,4740,12.46,25.2,0.002953586497890295,11.5,3.27,0,4,2,6,82.5,0,2,1,0,1,1,1,1,0,0,0,1,0,1,0,1,0,0,0,1,1
0,9,5315,4.12,13.2,0.009971777986829727,14.75,7.95,0,2,4,3,100.0,0,6,0,1,1,1,0,1,1,0,0,0,0,1,0,0,0,0,0,1,1
0,9,5670,7.72,21.9,0.0015873015873015873,14.4,5.6,1,3,5,2,100.0,0,2,0,1,1,1,1,1,1,0,0,1,0,0,0,0,1,0,0,1,1
0,10,4096,13.48,22.5,0.00048828125,10.916666666666666,6.34,0,2,12,8,5.1,3,3,0,1,0,1,0,0,1,1,0,1,0,1,0,0,1,0,0,1,1
0,5,2706,3.92,19.4,0.0033259423503325942,12.5,4.19,2,2,2,4,8.1,8,3,0,1,0,1,1,1,1,1,0,1,0,0,0,0,0,0,0,0,1
0,9,8045,3.04,21.4,0.0001243008079552517,14.8,6.02,4,4,5,7,13.5,1,1,1,1,0,0,1,1,0,1,0,0,0,1,0,0,1,0,0,1,1
0,10,7323,5.88,23.9,0.00013655605626109517,13.5,7.3,0,3,8,5,2.2,0,0,0,1,1,0,0,0,1,0,0,0,0,1,0,0,1,0,0,1,1
0,7,2168,6.46,37.9,0.0009225092250922509,13.857142857142858,3.35,0,2,7,6,95.4,1,2,0,0,1,1,1,0,1,1,0,1,0,1,0,1,0,0,0,1,1
0,10,4651,6.21,15.1,0.00021500752526338422,11.833333333333334,2.4,3,6,12,9,0.0,1,0,0,1,0,0,1,0,0,1,0,1,0,1,0,0,0,0,0,1,1
0,8,6565,5.26,23.1,0.004417364813404418,13.5,5.08,1,4,4,6,89.6,0,2,1,1,1,1,0,1,0,0,0,1,0,1,0,0,1,0,0,1,1
0,10,7519,4.44,8.9,0.004920867136587312,15.0,7.76,0,3,4,2,0.0,21,1,0,1,1,0,1,1,1,0,0,0,0,1,0,0,0,1,0,1,1
0,9,6258,11.83,15.0,0.00031959092361776926,15.666666666666666,4.84,0,4,3,5,100.0,0,3,1,1,1,1,0,1,0,0,0,1,0,1,0,0,0,1,0,1,1
0,9,5647,2.39,15.8,0.00017708517797060386,11.0,5.83,11,3,3,6,23.7,1,0,0,1,1,0,1,1,1,1,0,1,0,1,0,0,1,0,0,1,1
0,7,4414,6.08,26.9,0.00022655188038060717,12.666666666666666,6.83,0,2,6,6,89.2,0,1,0,0,0,0,1,0,1,0,0,1,0,1,0,0,1,0,0,1,1
0,6,5235,5.52,35.7,0.00019102196752626553,12.333333333333334,15.66,0,1,6,2,100.0,0,4,1,1,0,1,0,0,1,0,1,0,0,1,0,1,1,1,1,1,1
0,10,4683,8.81,15.0,0.00021353833013025838,21.5,4.67,0,3,6,3,100.0,0,0,0,1,1,0,1,0,1,0,0,1,0,1,0,0,1,0,0,1,1
0,10,2052,10.23,20.7,0.0,14.4,3.07,5,2,10,3,0.0,0,0,0,1,0,0,0,0,1,0,0,1,0,1,0,0,0,0,1,1,1
0,6,2612,7.25,20.0,0.0030627871362940277,14.4,3.91,0,2,5,3,97.3,0,0,0,1,0,0,1,1,1,0,0,0,0,1,1,0,1,0,0,1,1
0,9,8873,6.68,15.4,0.00022540290769750929,11.0,4.58,9,6,3,8,12.1,0,1,0,1,1,0,1,1,1,0,0,1,0,0,0,0,1,0,0,1,1
0,9,4188,4.63,15.4,0.0,16.285714285714285,4.18,24,3,7,5,100.0,20,1,1,1,0,0,1,0,1,1,0,1,0,1,0,0,1,1,1,1,1
0,7,2437,8.7,29.7,0.009848173984407058,28.2,7.29,0,1,5,6,94.6,0,0,0,1,0,0,0,1,1,0,0,0,0,1,1,0,1,0,0,1,1
0,8,6268,5.35,32.6,0.004786215698787492,12.166666666666666,9.7,3,2,6,6,100.0,0,1,0,1,1,0,1,0,1,0,0,0,0,1,0,0,0,0,0,1,1
0,5,2576,8.05,27.9,0.007763975155279503,11.75,3.85,3,2,4,5,100.0,6,1,0,1,1,0,1,1,1,1,0,1,0,1,0,0,1,0,0,0,1
0,8,4177,9.81,25.6,0.0031122815417763947,11.0,4.16,3,3,1,4,10.7,0,1,0,1,1,0,1,1,1,0,0,1,0,0,0,0,1,0,0,1,1
0,7,2730,10.7,30.3,0.0029304029304029304,13.8,4.08,0,2,5,2,100.0,0,3,0,1,1,1,1,1,1,0,0,0,0,1,0,0,1,0,0,1,1
0,9,4700,18.13,13.1,0.0006382978723404255,11.0,4.85,0,3,2,7,100.0,0,0,0,1,0,0,1,1,1,0,0,0,0,1,0,1,0,0,0,1,1
0,4,3440,7.99,16.3,0.0,16.0,5.15,0,2,3,4,0.0,0,0,0,1,0,0,1,1,1,0,1,0,0,0,0,1,0,1,0,0,1
0,8,4493,3.87,7.3,0.0,13.5,6.95,2,2,4,3,79.2,0,0,0,1,1,0,1,1,1,0,0,1,0,1,1,0,0,1,0,1,1
0,8,3941,4.89,31.1,0.0017761989342806395,12.0,11.8,0,1,5,6,100.0,0,8,0,1,0,1,0,1,1,0,0,1,0,1,0,1,1,0,0,1,1
0,7,3498,17.62,43.8,0.0005717552887364208,11.0,3.49,0,3,1,3,2.3,0,2,0,0,0,1,1,1,1,0,0,1,0,0,0,1,1,0,0,1,1
0,8,3160,3.25,34.1,0.0,13.88888888888889,9.78,37,1,9,4,100.0,9,5,0,1,1,1,0,0,1,1,0,1,0,0,0,0,1,0,0,1,1
0,8,4539,6.51,18.0,0.012998457810090328,15.0,4.68,2,3,4,2,0.0,18,2,0,1,1,1,1,1,1,0,0,0,0,1,0,0,0,1,0,1,1
0,8,1847,6.95,69.8,0.004331348132106118,11.8,5.52,1,1,5,3,100.0,1,0,0,1,0,0,0,1,1,1,0,1,0,1,0,0,1,0,0,1,1
0,7,2672,3.32,31.5,0.00037425149700598805,13.0,8.27,2,1,5,3,16.7,0,3,0,1,1,1,0,1,1,0,0,1,0,1,1,0,1,1,1,1,1
0,9,4982,17.75,21.6,0.0,10.6,7.45,0,2,5,4,92.8,0,1,0,1,1,0,0,1,1,0,0,0,0,0,0,1,0,0,0,1,1
0,9,5655,6.44,20.2,0.00035366931918656057,12.0,3.5,41,5,1,4,70.9,1,1,0,1,1,0,1,1,0,0,0,1,0,1,0,1,1,1,0,1,1
0,9,7644,5.12,27.1,0.0003924646781789639,12.25,4.19,4,6,8,3,3.6,0,8,0,1,1,1,1,0,0,0,0,0,0,0,0,1,1,0,0,1,1
0,8,6162,6.01,19.2,0.0003245699448231094,11.75,4.77,14,4,4,7,94.2,1,2,1,1,1,1,1,1,0,1,0,1,0,1,0,0,1,0,0,1,1
0,9,3024,6.23,19.8,0.0,12.428571428571429,4.68,0,2,7,4,0.0,0,1,0,1,1,0,1,0,1,0,0,1,1,0,0,0,0,0,0,1,1
0,8,3804,5.45,11.6,0.0002628811777076761,11.727272727272727,5.69,0,2,11,5,0.8,5,0,0,0,1,0,0,0,1,0,0,1,1,0,0,0,0,1,1,1,1
0,10,6867,6.87,3.7,0.0010193679918450561,12.6,6.62,7,4,5,6,41.2,19,0,0,1,1,0,0,1,0,0,0,1,0,0,0,1,1,0,0,1,1
0,10,13819,8.38,17.8,0.0017367392720167884,8.285714285714286,6.89,5,6,7,7,5.5,8,0,0,1,1,0,1,0,1,1,0,1,0,1,0,0,1,0,0,1,1
0,7,3783,6.37,26.2,0.0002643404705260375,12.0,3.77,20,3,1,4,2.8,1,0,0,1,0,0,1,1,1,1,0,1,0,0,1,0,0,0,0,1,1
0,9,2919,7.6,3.3,0.0,12.571428571428571,8.73,0,1,7,6,4.1,0,1,1,1,1,0,0,0,1,0,0,1,0,0,0,0,1,1,0,1,1
0,8,4255,3.09,22.8,0.0,12.0,6.58,0,2,8,5,0.4,1,0,1,1,1,0,1,0,1,0,0,1,1,0,0,0,1,1,0,1,1
0,10,2750,13.33,27.5,0.0025454545454545456,11.5,5.26,10,1,4,3,100.0,0,2,0,1,1,1,0,1,1,0,0,1,0,1,0,1,0,0,0,1,1
0,10,7326,5.22,14.3,0.0006825006825006825,10.428571428571429,7.31,0,3,7,5,86.1,4,1,0,1,1,0,0,0,1,0,0,1,0,1,1,0,1,0,0,1,1
0,9,2676,7.28,8.7,0.0007473841554559044,12.666666666666666,8.01,11,1,6,3,100.0,1,2,0,1,1,1,0,0,1,0,0,1,0,1,1,0,0,1,0,1,1
0,9,10081,1.93,26.3,0.0026783057236385278,24.2,2.44,0,3,5,4,100.0,0,1,0,1,1,0,0,1,1,0,1,0,0,1,0,0,1,0,0,1,1
0,9,2683,4.41,24.8,0.0,17.333333333333332,4.01,0,2,6,4,32.1,0,3,0,1,1,1,1,0,1,0,0,1,0,1,0,0,1,0,0,1,1
0,6,1129,12.03,34.4,0.0,14.0,2.75,0,1,6,5,100.0,37,0,0,1,1,0,1,0,1,1,0,1,0,0,0,0,1,0,0,0,0
0,9,3000,9.55,9.9,0.002,13.444444444444445,8.98,0,1,9,7,99.4,5,4,0,0,1,1,0,0,1,1,0,1,0,1,0,1,1,0,0,1,1
0,8,2678,2.1,55.4,0.0003734129947722181,15.6,8.01,0,1,5,6,88.5,4,1,0,1,1,0,1,1,1,1,0,1,0,1,0,0,1,1,1,1,1
0,6,2253,8.57,26.7,0.001775410563692854,13.0,3.37,1,2,4,5,100.0,0,0,1,1,0,0,1,1,1,0,0,1,0,1,0,1,0,1,1,0,1
0,5,3395,8.33,8.1,0.0002945508100147275,13.8,3.38,0,3,5,6,77.2,2,6,0,1,0,1,1,1,1,1,0,1,0,0,0,0,1,0,0,0,1
0,10,6384,4.57,22.7,0.0,9.333333333333334,4.78,0,4,6,4,100.0,1,0,0,1,1,0,1,0,0,1,0,1,0,0,0,0,1,0,0,1,1
0,8,2880,4.87,64.1,0.004861111111111111,16.4,4.59,0,1,5,4,100.0,2,2,0,0,1,1,1,1,1,0,0,1,0,1,0,0,0,1,0,1,1
0,7,1733,7.62,11.4,0.002308136180034622,13.166666666666666,5.18,2,1,6,3,67.5,1,1,0,1,1,0,1,0,1,0,0,1,0,0,0,1,1,0,0,1,1
0,10,5378,4.01,16.7,0.0001859427296392711,14.625,8.04,8,2,8,2,100.0,3,3,0,1,1,1,0,0,1,1,0,1,0,1,1,0,0,0,0,1,1
0,7,2989,10.71,28.2,0.0010036801605888257,16.0,4.62,0,2,2,5,100.0,0,0,0,0,0,0,1,1,1,0,0,1,0,1,0,1,0,0,0,1,1
0,10,8441,2.42,4.4,0.0018955100106622439,10.0,2.9,5,9,9,5,98.2,0,2,0,1,1,1,0,0,0,0,0,1,0,1,0,1,0,0,0,1,1
0,8,8428,6.54,18.3,0.0016611295681063123,11.0,6.52,19,4,3,4,0.0,0,0,1,1,1,0,1,1,0,0,0,0,0,1,0,1,0,1,0,1,1
0,9,3765,8.06,16.4,0.0,16.25,5.83,1,2,4,5,80.0,0,0,1,1,1,0,1,1,1,0,0,1,0,1,0,1,1,1,0,1,1
0,7,4157,11.88,26.4,0.0009622323791195574,12.0,10.89,1,1,4,7,90.8,0,0,0,1,1,0,1,1,1,0,0,0,0,1,0,0,0,1,0,1,1
0,8,3688,11.16,36.0,0.0010845986984815619,11.75,11.02,0,1,4,4,0.0,0,1,1,1,1,0,0,1,1,0,0,1,0,0,0,1,0,1,0,0,1
0,7,2173,9.97,21.2,0.0036815462494247586,17.25,3.25,0,2,4,3,100.0,2,0,0,1,1,0,1,1,1,1,0,1,0,1,0,0,0,0,0,1,1
0,6,3261,9.53,17.5,0.0,13.75,9.75,0,1,4,3,100.0,1,1,0,0,0,0,0,1,1,1,0,1,0,1,0,0,1,1,1,1,1
0,7,3387,11.63,11.9,0.0118098612341305,14.666666666666666,5.24,0,2,6,4,3.8,40,2,0,0,0,1,1,0,1,1,0,1,0,0,0,0,1,0,0,1,1
0,9,3111,6.97,10.1,0.0009643201542912247,10.0,4.81,0,2,1,3,0.0,1,0,0,1,1,0,1,1,1,1,0,1,1,0,0,0,1,0,0,1,1
0,8,3825,5.39,5.1,0.015163398692810458,11.0,5.92,0,2,2,5,100.0,0,0,0,0,0,0,1,1,1,0,0,1,1,0,0,0,0,0,0,1,1
0,7,1312,2.23,34.8,0.0007621951219512195,13.4,3.93,0,1,5,2,100.0,3,0,0,0,1,0,1,1,1,0,0,1,0,1,0,0,0,0,0,1,1
0,9,3636,7.49,20.7,0.000275027502750275,12.0,5.63,8,2,6,9,100.0,0,0,0,1,0,0,1,0,1,0,0,1,0,1,0,1,0,1,1,1,1
0,9,6838,6.63,7.9,0.01740274934191284,9.5,7.05,3,3,4,7,0.9,1,0,1,1,1,0,0,1,1,0,0,1,0,1,0,0,0,0,0,1,1
0,7,4826,4.03,7.0,0.0,16.75,7.22,0,2,8,8,11.1,1,0,0,1,1,0,1,0,1,1,0,1,0,0,0,0,0,0,0,1,1
0,6,1498,8.33,34.0,0.0020026702269692926,14.6,4.48,0,1,5,5,100.0,1,1,1,0,1,0,1,1,1,1,0,1,0,1,0,0,1,0,0,1,1
0,8,6741,3.53,16.3,0.0026702269692923898,15.0,5.22,27,4,4,2,0.0,76,5,0,1,1,1,1,1,0,0,0,0,0,1,0,0,0,1,0,1,1
0,10,3613,4.04,8.4,0.006919457514530861,11.0,5.59,4,2,2,5,28.6,1,1,0,1,0,0,1,1,1,0,0,1,1,0,0,0,0,0,0,1,1
0,9,3421,5.14,33.8,0.005553931598947676,12.142857142857142,10.24,1,1,7,5,77.9,1,0,0,1,1,0,0,0,1,0,0,1,0,1,1,0,0,0,0,1,1
0,8,3481,3.22,15.6,0.004596380350474002,12.0,5.21,0,2,4,3,100.0,29,0,0,0,1,0,0,1,1,0,0,1,0,1,0,0,0,1,0,1,1
0,10,3855,7.72,39.2,0.00025940337224383917,13.0,2.3,1,5,5,2,0.0,14,0,1,1,1,0,1,1,0,1,0,1,1,0,0,1,1,0,0,1,1
0,8,4687,12.07,31.0,0.0010667804565820354,10.666666666666666,7.0,0,2,6,5,85.7,0,2,0,1,1,1,0,0,1,0,0,0,0,0,0,0,0,1,1,1,1
0,7,1792,13.27,15.2,0.004464285714285714,13.333333333333334,2.77,0,2,6,5,7.6,4,2,0,0,0,1,1,0,1,1,0,1,0,0,0,1,0,0,0,1,1
0,9,12243,4.27,31.8,0.0002450379808870375,8.285714285714286,18.94,0,2,7,6,5.7,0,3,0,1,0,1,0,0,1,0,0,1,0,0,0,0,1,0,0,1,1
0,9,6932,10.04,23.7,0.0005770340450086555,13.333333333333334,5.19,8,4,3,5,100.0,1,1,0,1,1,0,1,1,1,1,0,0,0,0,0,0,0,0,0,1,1
0,8,5421,6.34,19.4,0.0009223390518354548,13.333333333333334,5.59,0,3,6,6,3.3,7,0,0,1,1,0,1,0,1,1,0,1,0,0,0,0,1,0,0,1,1
0,8,2781,3.97,25.4,0.003955411722402014,11.666666666666666,8.32,0,1,6,3,100.0,0,3,0,1,0,1,1,0,1,0,0,0,0,1,0,1,0,1,0,1,1
0,9,5825,8.99,26.9,0.0036051502145922746,14.875,9.01,0,2,8,10,42.0,0,1,0,1,1,0,0,0,1,0,0,1,0,1,1,0,1,0,0,1,1
0,8,5821,6.49,16.2,0.0017179178835251675,12.0,4.36,0,4,6,3,100.0,1,7,1,1,1,1,0,0,0,0,0,1,0,1,0,0,1,1,1,1,1
0,10,6779,6.85,3.6,0.0017701725918277031,11.625,6.99,24,3,8,4,1.4,0,0,0,1,1,0,0,0,1,0,0,1,0,0,0,1,0,0,0,1,1
0,7,2246,19.23,17.6,0.0,11.428571428571429,6.72,0,1,7,3,100.0,1,2,1,1,1,1,0,0,1,1,0,1,0,1,0,0,1,0,0,1,1
0,9,6077,5.06,33.0,0.001974658548625967,12.5,2.09,1,9,2,2,100.0,18,0,0,1,0,0,1,1,0,1,0,1,0,1,0,0,0,0,0,1,1
0,8,9222,6.69,2.0,0.0008674907829104315,11.666666666666666,4.76,0,6,3,4,100.0,1,2,0,1,1,1,1,1,0,0,0,1,0,1,0,0,0,0,0,1,1
0,9,3780,7.48,19.7,0.0005291005291005291,9.666666666666666,5.66,45,2,6,6,87.5,0,2,0,1,1,1,0,0,1,0,0,1,0,1,0,0,1,0,0,1,1
0,9,2194,5.54,28.3,0.0009115770282588879,12.0,3.28,0,2,4,2,100.0,0,0,1,1,1,0,1,1,1,0,0,1,0,0,0,0,1,1,0,1,1
0,10,4103,7.91,38.1,0.0,14.0,3.07,11,4,4,2,100.0,1,0,0,1,0,0,1,1,0,1,0,1,0,1,0,0,1,0,0,1,1
0,9,2954,4.45,0.0,0.0016926201760324984,15.0,4.42,4,2,5,2,100.0,2,6,0,1,0,1,1,1,1,1,0,1,0,1,0,1,1,0,0,1,1
0,6,3363,6.02,0.0,0.0005947071067499256,11.0,5.03,0,2,1,1,100.0,0,2,0,0,0,1,1,1,1,0,0,1,0,1,0,0,0,0,0,1,1
0,8,3814,8.16,23.8,0.013896171997902464,13.8,5.71,2,2,5,5,100.0,0,1,0,1,0,0,1,1,1,0,0,1,0,1,1,0,1,1,0,1,1
0,8,3996,19.55,12.6,0.0005005005005005005,13.0,4.12,0,3,8,4,7.4,4,0,0,1,1,0,1,0,1,1,0,1,0,0,0,1,1,0,0,1,1
0,10,4522,4.35,11.5,0.0006634232640424591,11.0,4.51,0,3,2,6,100.0,0,0,0,1,0,0,1,1,1,0,0,1,0,1,0,1,0,0,0,1,1
0,10,3537,6.97,8.8,0.0,12.666666666666666,10.59,0,1,6,3,100.0,0,1,0,1,1,0,0,0,1,0,0,1,0,0,1,0,0,0,0,1,1
0,7,2301,5.09,20.3,0.0047805302042590175,13.5,3.44,0,2,4,2,0.0,3,0,0,1,1,0,1,1,1,1,0,1,0,0,0,0,1,0,0,1,1
0,8,6035,3.98,32.1,0.00033140016570008286,14.25,6.23,0,3,4,5,98.6,0,0,0,1,1,0,1,1,1,0,0,0,0,1,0,1,1,1,0,0,1
0,8,11874,7.75,48.5,0.0004210880916287687,10.142857142857142,7.11,10,5,7,9,100.0,2,1,0,1,1,0,0,0,1,0,0,0,0,0,0,0,1,0,0,1,1
0,7,2593,11.73,22.5,0.0,14.142857142857142,3.88,0,2,7,4,100.0,2,1,0,0,0,0,1,0,1,1,0,0,0,1,0,1,1,0,0,1,1
0,5,2030,3.16,6.1,0.0064039408866995075,25.6,6.07,0,1,10,4,7.1,12,2,0,0,0,1,0,0,1,1,0,0,0,1,0,1,0,1,0,0,1
0,10,3461,6.37,21.5,0.004622941346431667,16.3,5.18,0,2,10,12,15.8,3,3,0,1,1,1,1,0,1,0,0,1,0,0,0,0,1,0,0,1,1
0,7,5411,6.35,14.1,0.0,17.0,5.58,14,3,3,3,100.0,0,0,0,1,0,0,1,1,1,0,0,1,0,0,0,0,0,0,0,1,1
0,8,3536,4.01,12.0,0.0008484162895927602,14.666666666666666,3.53,0,3,6,5,9.6,0,1,0,0,0,0,1,0,1,0,0,1,0,0,0,0,1,0,0,1,1
0,7,7231,4.91,31.9,0.0011063476697552206,15.0,3.2,0,7,2,2,100.0,7,0,0,0,0,0,1,1,0,0,0,0,0,1,0,0,0,0,0,1,1
0,7,4567,3.47,19.5,0.0002189621195533173,10.75,6.83,0,2,4,2,100.0,0,1,1,0,1,0,0,1,1,0,0,1,0,0,0,0,0,1,1,1,1
0,3,1340,9.89,33.3,0.011940298507462687,14.0,4.01,0,1,7,3,100.0,0,0,0,0,0,0,0,0,1,0,0,0,0,1,0,0,1,0,0,0,0
0,8,2361,6.52,33.0,0.007200338839474798,13.833333333333334,7.06,5,1,6,4,100.0,0,3,0,1,0,1,0,0,1,0,0,1,0,1,0,0,1,0,0,1,1
0,8,3626,7.72,6.1,0.0002757859900717044,15.166666666666666,5.43,1,2,6,4,28.7,10,4,1,1,1,1,1,0,1,1,0,1,0,0,0,1,0,1,0,1,1
0,7,4396,9.45,15.1,0.0043221110100090995,11.75,6.8,0,2,4,5,21.5,0,5,0,0,1,1,0,1,1,0,0,0,0,0,0,0,1,0,0,1,1
0,5,4822,4.92,56.6,0.00020738282870178348,11.5,7.46,0,2,2,3,100.0,2,0,0,0,0,0,1,1,1,0,1,0,0,1,0,0,0,0,0,0,1
0,7,4499,10.02,29.1,0.0002222716159146477,10.0,13.92,0,1,5,4,100.0,1,0,0,1,1,0,0,1,1,1,0,0,0,1,0,0,0,0,0,1,1
0,8,2499,3.25,0.0,0.00040016006402561027,14.25,7.73,6,1,8,4,100.0,1,1,1,1,1,0,1,0,1,1,0,1,0,1,0,1,0,0,0,1,1
0,8,2531,7.16,0.0,0.006716712761754247,19.333333333333332,3.92,0,1,6,4,100.0,0,0,0,0,1,0,1,0,1,0,0,1,0,0,0,0,0,0,0,1,1
0,10,4744,18.55,33.3,0.0016863406408094434,15.4,2.84,0,5,5,2,0.0,0,0,0,1,0,0,1,1,0,0,0,1,0,0,0,1,1,0,0,1,1
0,8,2937,5.15,0.5,0.0020429009193054137,11.5,4.54,4,2,6,8,1.6,4,0,0,1,1,0,1,0,1,1,0,1,0,1,0,0,0,0,0,1,1
0,10,4528,7.26,13.5,0.00044169611307420494,13.4,6.78,9,2,5,2,100.0,0,0,0,1,1,0,1,1,1,0,0,1,0,1,0,0,0,1,1,1,1
0,8,7588,5.6,3.9,0.00856615709014233,12.0,5.67,0,4,1,4,73.9,0,8,0,1,1,1,1,1,0,0,0,1,0,1,0,1,1,0,1,1,1
0,9,8207,4.82,23.8,0.0009747776288534178,15.625,8.47,32,3,8,6,0.0,0,0,0,1,1,0,0,0,1,0,0,1,0,0,0,0,1,0,0,1,1
0,7,2422,11.29,15.5,0.0016515276630883566,12.0,3.75,9,2,7,7,87.3,0,0,0,1,1,0,0,0,1,0,0,1,0,1,0,1,1,0,0,1,1
0,9,5888,5.43,0.0,0.0,15.0,9.11,0,2,5,3,100.0,7,0,0,1,1,0,0,1,1,0,0,0,0,0,0,0,1,0,0,1,1
0,8,8872,5.81,20.7,0.00845356176735798,11.0,6.86,5,4,4,5,1.7,0,1,0,1,1,0,1,1,0,0,0,1,0,0,0,1,1,0,0,1,1
0,7,4773,4.08,30.1,0.00020951183741881415,15.6,3.57,23,4,5,4,100.0,0,0,1,1,0,0,1,1,1,0,0,1,0,1,0,0,1,0,0,0,1
0,8,2004,8.43,36.0,0.0054890219560878245,15.428571428571429,5.99,3,1,7,4,100.0,0,1,0,1,0,0,0,0,1,0,0,1,0,1,0,1,1,0,0,1,1
0,6,2620,3.77,23.2,0.0007633587786259542,13.714285714285714,4.05,0,2,7,4,12.2,6,0,0,0,1,0,1,0,1,1,0,0,0,0,0,1,0,0,0,1,1
0,8,1847,4.1,11.5,0.0016242555495397943,12.5,5.52,0,1,8,9,28.1,11,4,0,1,0,1,1,0,1,1,0,1,0,1,0,1,0,0,0,1,1
0,8,2652,4.51,46.1,0.0007541478129713424,10.6,8.23,0,1,5,2,46.1,0,3,1,0,1,1,0,1,1,0,0,1,0,1,0,1,0,1,0,1,1
0,8,5957,10.44,19.0,0.00016786973308712439,14.333333333333334,3.56,17,5,6,6,80.6,0,0,0,1,1,0,1,0,1,0,0,1,0,1,0,1,1,0,1,1,1
0,8,3647,9.91,10.2,0.005209761447765287,12.6,11.29,10,1,5,3,100.0,1,1,0,1,1,0,0,1,1,1,0,1,0,1,1,0,1,1,1,1,1
0,8,2110,13.79,15.8,0.00047393364928909954,12.8,6.53,0,1,5,7,100.0,0,0,0,1,0,0,1,1,1,0,0,1,0,1,0,1,0,1,0,1,1
0,9,12843,6.86,8.1,0.00031145371019232265,11.6,7.95,3,5,5,9,15.8,0,1,0,1,1,0,0,1,1,0,0,1,0,0,0,0,0,0,0,1,1
0,7,4352,2.01,21.4,0.005284926470588236,14.0,6.73,0,2,3,3,100.0,4,1,0,1,1,0,1,1,1,0,0,0,0,1,0,0,0,1,0,0,1
0,9,6422,11.19,0.2,0.0,11.428571428571429,9.94,0,2,7,5,100.0,1,6,1,1,0,1,1,0,1,1,0,1,0,1,0,1,0,0,1,1,1
0,9,2274,14.02,8.3,0.00043975373790677223,12.0,6.81,7,1,4,3,100.0,0,0,0,1,1,0,0,1,1,0,0,1,0,1,0,1,0,0,0,1,1
0,7,3056,9.89,38.3,0.0029450261780104713,11.0,9.13,0,1,8,5,100.0,0,1,0,0,0,0,1,0,1,0,0,1,0,1,0,0,0,0,0,1,1
0,9,3798,7.48,21.1,0.007898894154818325,12.0,5.68,5,2,5,2,0.0,5,0,1,1,1,0,0,1,1,0,0,1,0,0,0,0,0,1,0,1,1
0,10,3319,3.9,19.0,0.00030129557095510696,10.0,4.97,0,2,1,4,100.0,1,3,0,1,1,1,1,1,1,1,0,1,0,1,0,0,0,0,0,1,1
0,7,3970,10.14,13.1,0.0007556675062972292,14.25,6.14,10,2,4,6,79.8,0,1,0,1,1,0,1,1,1,0,0,1,0,1,0,1,0,1,0,0,1
0,6,1322,5.06,23.8,0.0,16.0,3.95,10,1,5,4,100.0,0,0,0,1,0,0,1,1,1,0,0,1,0,1,0,0,1,0,0,0,0
0,7,2396,7.38,31.9,0.0008347245409015025,13.75,3.58,0,2,4,9,14.9,0,1,0,1,1,0,1,1,1,0,0,1,0,0,1,0,0,0,0,1,1
0,8,4918,6.4,7.5,0.0012200081333875558,11.0,5.07,0,3,7,4,2.5,1,0,0,1,1,0,1,0,1,0,0,0,1,0,0,1,1,0,0,1,1
0,6,1239,2.61,0.0,0.01775625504439064,13.857142857142858,1.92,0,2,7,1,0.0,0,3,0,0,1,1,1,0,1,0,0,1,0,1,0,0,1,1,0,1,1
0,10,3644,6.75,22.1,0.0052140504939626785,14.857142857142858,5.64,0,2,7,8,28.5,4,0,0,1,1,0,1,0,1,1,0,1,0,1,0,0,1,0,0,1,1
0,8,4097,5.82,25.9,0.000244081034903588,11.0,4.23,8,3,4,5,7.4,0,4,0,1,0,1,1,1,1,0,0,1,0,0,0,1,1,0,0,1,1
0,9,7839,6.9,21.7,0.003444316877152698,13.5,6.06,0,4,8,7,4.2,2,1,0,1,1,0,1,0,0,0,0,1,0,1,0,1,1,0,0,1,1
0,8,1470,9.19,23.5,0.0,13.428571428571429,4.4,0,1,7,4,100.0,1,1,0,1,1,0,0,0,1,1,0,1,0,1,0,1,1,1,0,1,1
0,7,2741,4.07,11.5,0.00036483035388544326,13.142857142857142,8.48,0,1,7,7,45.1,0,1,0,0,1,0,0,0,1,0,0,1,0,1,0,0,0,1,0,1,1
0,10,7610,7.65,24.8,0.00039421813403416555,9.5,2.94,7,8,2,4,0.0,3,0,0,1,1,0,1,1,0,0,0,1,1,0,0,1,1,0,0,1,1
0,8,4309,4.8,7.0,0.0,14.833333333333334,4.44,22,3,6,12,96.8,0,8,0,1,1,1,1,0,1,0,0,1,0,1,0,1,0,1,0,1,1
0,10,6081,4.94,22.2,0.000328893274132544,12.333333333333334,6.27,14,3,6,10,0.8,0,2,0,1,1,1,0,0,1,0,0,0,0,1,0,0,0,0,0,1,1
0,8,2514,8.31,7.8,0.0003977724741447892,17.0,3.76,0,2,4,3,100.0,1,0,0,0,0,0,1,1,1,1,0,1,0,1,0,1,1,0,0,1,1
0,6,3164,9.52,3.1,0.0037926675094816687,19.77777777777778,4.73,13,2,9,4,4.1,12,2,1,1,1,1,1,0,1,1,0,1,1,0,0,0,1,1,0,0,1
0,9,5046,3.41,0.0,0.0,9.0,15.57,5,1,5,1,0.0,0,3,0,1,0,1,0,1,1,0,0,1,0,0,0,0,0,1,0,1,1
0,9,14858,8.48,9.0,0.012922331403957463,13.5,6.35,0,7,8,7,11.3,115,0,0,1,1,0,1,0,0,1,0,1,0,1,0,0,1,0,0,1,1
0,8,6010,5.32,39.4,0.004825291181364393,11.75,9.3,0,2,4,11,51.7,0,0,1,1,1,0,1,1,1,0,0,0,0,1,0,0,1,1,1,1,1
0,8,2298,9.12,1.4,0.0,10.0,6.88,0,1,4,4,100.0,0,0,0,0,0,0,0,1,1,0,0,1,0,1,0,0,0,1,0,1,1
0,10,3640,8.19,44.9,0.0032967032967032967,10.428571428571429,4.04,0,3,7,4,94.6,11,2,0,1,0,1,0,0,1,1,0,1,0,1,0,1,1,0,0,1,1
0,8,6192,10.96,13.4,0.0017764857881136951,10.666666666666666,6.18,0,3,3,2,0.0,0,1,0,1,1,0,1,1,1,0,0,0,0,1,0,0,0,0,0,1,1
0,8,4475,2.55,11.3,0.000446927374301676,11.666666666666666,4.62,23,3,3,4,1.4,6,5,1,1,1,1,1,1,1,1,0,1,0,0,0,1,1,0,0,1,1
0,8,2768,4.66,20.2,0.001445086705202312,16.727272727272727,7.64,0,1,11,10,36.0,23,2,0,1,0,1,1,0,1,1,0,1,0,1,0,1,1,1,0,1,1
0,9,4360,16.73,35.1,0.0006880733944954129,14.333333333333334,4.5,4,3,3,3,0.6,1,1,1,1,1,0,1,1,1,1,0,1,0,0,0,1,1,0,0,1,1
0,10,8070,5.56,17.3,0.00012391573729863693,20.0,4.95,19,2,6,10,100.0,0,1,0,1,1,0,1,0,1,0,0,1,0,0,0,0,1,0,0,1,1
0,7,2593,11.73,22.5,0.0,14.142857142857142,3.88,0,2,7,4,100.0,2,1,0,0,0,0,1,0,1,1,0,0,0,1,0,1,1,0,0,1,1
0,5,3648,6.02,16.0,0.003837719298245614,14.0,10.91,0,1,4,3,100.0,2,0,0,0,0,0,0,1,1,0,0,1,0,1,0,1,0,0,0,1,1
0,8,6069,10.0,28.2,0.0011534025374855825,15.428571428571429,6.26,14,3,7,6,0.2,13,4,1,1,1,1,1,0,1,1,0,1,0,0,0,0,1,1,0,0,1
0,8,3930,4.46,20.6,0.0030534351145038168,12.636363636363637,11.77,2,1,11,6,100.0,1,3,0,1,1,1,0,0,1,1,0,1,0,1,0,1,1,0,1,1,1
0,6,2330,7.42,9.8,0.009871244635193134,17.0,2.4,0,3,4,4,7.3,0,1,0,0,1,0,1,1,1,0,0,1,0,0,0,0,1,1,0,1,1
0,10,3434,7.53,8.4,0.01485148514851485,11.25,3.54,4,3,4,7,12.4,1,0,0,1,0,0,1,1,1,0,0,1,0,1,0,0,0,0,0,1,1
0,10,2802,13.3,7.0,0.0028551034975017845,9.857142857142858,2.17,0,4,7,5,4.7,0,0,0,1,0,0,1,0,0,0,0,1,1,0,0,0,0,0,0,1,1
0,10,6274,4.25,17.1,0.0015938795027095952,9.666666666666666,4.69,0,4,9,5,24.5,1,0,0,1,0,0,1,0,0,1,0,1,0,0,0,1,0,0,0,1,1
0,8,2671,14.47,30.3,0.0007487832272557095,11.857142857142858,8.27,0,1,7,4,100.0,0,0,0,1,1,0,1,0,1,0,0,0,0,1,0,1,1,1,0,1,1
0,9,4552,4.21,18.9,0.0004393673110720562,15.0,3.52,0,4,3,3,100.0,0,2,0,1,1,1,1,1,0,0,0,0,0,1,0,0,1,0,0,1,1
0,7,2779,7.51,12.6,0.0010795250089960418,11.75,6.76,0,1,4,5,100.0,0,0,0,0,1,0,1,1,1,0,0,1,1,0,0,0,1,0,0,1,1
0,9,1425,4.92,28.6,0.0035087719298245615,11.666666666666666,4.26,3,1,3,4,74.6,0,1,0,1,0,0,1,1,1,0,0,1,0,1,0,1,0,0,0,1,1
0,9,4189,7.42,24.8,0.0021484841250895203,12.875,6.48,10,2,8,8,100.0,1,0,0,1,1,0,1,0,1,0,0,1,0,1,0,0,1,0,0,1,1
0,7,2823,15.42,3.4,0.0,15.285714285714286,8.44,0,1,7,3,100.0,1,4,0,0,0,1,1,0,1,1,0,1,0,1,0,1,1,0,0,1,1
0,8,2861,7.98,6.5,0.0013981125480601187,17.666666666666668,4.43,2,2,6,6,100.0,1,5,0,1,1,1,1,0,1,1,0,1,0,1,0,1,1,0,0,1,1
0,6,6053,8.23,22.4,0.00033041467041136624,14.75,6.04,0,3,4,6,27.8,1,0,0,0,1,0,1,1,1,1,0,0,0,1,0,0,1,0,0,1,1
0,8,2249,6.27,38.6,0.008003557136505114,14.0,2.32,0,3,4,7,100.0,1,0,0,1,0,0,1,1,1,1,0,1,0,0,0,0,1,0,0,0,1
0,10,5971,17.48,19.5,0.0,11.0,5.95,9,3,7,4,4.1,1,0,0,1,1,0,1,0,1,0,0,1,0,0,0,1,1,1,0,1,1
0,10,6779,6.85,3.6,0.0017701725918277031,11.625,6.99,24,3,8,4,1.4,0,0,0,1,1,0,0,0,1,0,0,1,0,0,0,1,0,0,0,1,1
0,9,3460,4.6,1.4,0.014450867052023121,22.5,5.18,0,2,6,4,63.3,0,0,0,1,1,0,1,0,1,0,0,1,0,1,1,0,0,0,0,1,1
0,8,5219,23.1,24.8,0.0003832151753209427,12.25,7.8,0,2,4,4,83.7,0,0,0,1,1,0,0,1,1,0,0,0,0,0,0,1,0,0,0,1,1
0,7,2085,14.29,20.0,0.0009592326139088729,14.0,6.23,1,1,5,4,6.7,0,0,0,1,1,0,1,1,1,0,0,0,0,1,0,1,0,0,0,1,1
0,5,3464,14.25,28.4,0.0,11.625,10.36,9,1,8,5,23.9,2,3,0,1,1,1,0,0,1,1,0,1,0,1,1,0,1,1,0,0,1
0,7,3719,9.16,28.3,0.00026888948642108095,13.666666666666666,3.84,36,3,3,5,0.5,0,0,0,1,0,0,1,1,1,0,0,1,0,0,0,0,1,0,0,1,1
0,9,4436,18.22,44.3,0.0006762849413886385,13.0,6.86,1,2,5,6,82.7,0,0,0,1,1,0,1,1,1,0,0,1,0,1,0,1,0,1,0,1,1
0,10,10135,8.17,24.9,0.0002960039467192896,13.285714285714286,10.12,27,3,7,8,3.0,5,0,0,1,1,0,1,0,1,1,0,1,0,0,0,1,1,1,0,1,1
0,6,4055,3.5,40.3,0.0022194821208384712,11.7,6.07,0,2,10,7,2.7,5,1,0,1,1,0,1,0,1,1,0,1,1,0,0,1,1,0,0,1,1
0,9,4155,2.86,35.0,0.0012033694344163659,12.333333333333334,3.21,0,4,3,8,83.9,0,2,0,1,1,1,1,1,0,0,0,1,0,1,0,0,1,0,0,1,1
0,7,5143,2.19,9.6,0.008944195994555707,14.214285714285714,7.7,0,2,14,4,1.6,3,3,0,1,0,1,0,0,1,0,0,1,1,0,0,0,1,1,0,1,1
0,6,2474,22.22,9.1,0.0016168148746968471,14.6,7.39,0,1,5,7,77.3,0,2,0,0,1,1,1,1,1,0,0,0,0,1,0,1,0,0,0,0,1
0,8,6433,7.87,22.4,0.004352557127312296,19.666666666666668,3.85,0,5,3,3,0.0,15,5,0,1,0,1,1,1,0,0,0,0,0,1,0,1,1,0,0,0,1
0,8,2881,8.35,26.1,0.0076362374175633465,15.0,4.46,0,2,5,6,90.9,0,1,1,1,1,0,1,1,1,0,0,0,0,1,0,0,0,1,1,1,1
0,6,2908,4.51,25.4,0.010660247592847318,11.0,4.5,4,2,1,5,23.9,0,4,0,1,0,1,1,1,1,0,0,1,0,0,0,1,1,0,0,0,1
0,10,4874,6.0,6.2,0.0002051702913418137,12.0,1.62,2,9,3,5,4.5,4,0,1,1,1,0,1,1,0,0,0,1,0,0,0,1,1,0,1,1,1
0,7,886,6.6,36.3,0.011286681715575621,11.666666666666666,2.74,0,1,6,6,5.9,5,0,0,0,1,0,1,0,1,1,0,1,0,0,0,1,1,1,0,1,1
0,4,3103,1.72,22.7,0.002578150177247825,12.75,9.28,0,1,4,2,100.0,2,2,0,0,1,1,1,1,1,1,1,0,0,1,0,0,0,0,0,0,1
0,8,5129,3.58,12.1,0.0,13.5,7.67,0,2,8,2,100.0,1,0,0,0,0,0,0,0,1,0,0,0,0,1,0,1,1,1,0,1,1
0,9,5903,4.97,30.3,0.0008470269354565475,9.142857142857142,8.82,2,2,7,7,17.3,2,2,0,1,1,1,0,0,1,1,0,1,0,1,0,0,0,0,0,1,1
0,6,1983,8.3,22.2,0.0,15.0,2.97,0,2,7,7,46.1,0,1,0,0,1,0,1,0,1,0,0,1,0,1,0,0,1,0,0,1,1
0,8,5306,4.57,22.4,0.0,11.4,7.94,0,2,5,3,100.0,0,1,1,0,1,0,0,1,1,0,0,0,0,1,0,0,0,1,0,1,1
0,8,3265,10.71,12.5,0.003981623277182236,15.4,1.26,4,8,5,5,69.0,12,0,0,1,1,0,1,1,0,1,0,1,0,1,0,1,1,0,0,1,1
0,8,18100,2.85,28.1,0.009613259668508288,8.333333333333334,11.2,13,5,3,5,73.4,0,0,0,1,0,0,1,1,0,0,0,0,0,1,0,0,0,0,0,1,1
0,8,3541,6.58,19.3,0.0008472182999152782,15.0,3.65,10,3,4,2,0.0,33,6,0,1,1,1,1,1,1,0,0,0,0,1,0,0,0,1,0,1,1
0,9,3140,18.92,5.9,0.0006369426751592356,16.166666666666668,9.72,0,1,6,6,21.8,0,0,0,0,0,0,1,0,1,0,0,1,0,1,0,1,0,1,1,1,1
0,8,2793,12.09,31.3,0.0,9.9,4.18,0,2,10,6,10.1,1,1,0,1,1,0,1,0,1,1,0,1,0,0,0,1,1,0,0,1,1
0,8,7400,2.33,20.4,0.00013513513513513514,10.8,2.54,5,9,5,2,0.0,1,0,0,1,1,0,1,1,0,1,0,1,0,0,0,1,1,0,0,1,1
0,9,2496,10.13,20.7,0.010416666666666666,14.0,7.47,3,1,10,7,11.0,12,6,0,1,1,1,0,0,1,0,0,1,0,0,0,1,0,1,0,1,1
0,10,4094,5.13,26.3,0.0,11.833333333333334,6.13,6,2,6,7,100.0,10,8,0,1,1,1,0,0,1,0,0,1,0,1,0,0,1,1,0,1,1
0,8,8203,1.59,28.5,0.00012190661952944045,11.0,2.45,0,10,4,2,0.0,7,2,0,1,1,1,1,1,0,1,0,1,0,0,0,0,1,1,0,1,1
0,10,5991,5.66,16.8,0.00100150225338007,19.25,4.64,7,4,4,4,84.3,16,0,1,1,1,0,1,1,0,1,0,1,0,1,0,0,1,0,0,1,1
0,8,3487,4.86,38.6,0.00028677946659019213,14.0,5.4,0,2,4,2,0.0,0,0,0,1,1,0,1,1,1,0,0,1,0,0,0,1,0,1,0,1,1
0,8,5279,16.0,16.7,0.0005682894487592347,13.5,4.28,0,3,4,3,93.1,0,0,0,1,1,0,1,1,1,0,0,1,0,1,1,0,1,0,0,1,1
0,9,3449,12.62,14.4,0.006958538706871557,11.0,5.34,0,2,2,6,2.6,0,0,0,1,1,0,1,1,1,0,0,1,1,0,0,0,0,0,0,1,1
0,8,3308,11.31,38.9,0.0,13.0,5.12,0,2,5,3,100.0,0,4,0,1,0,1,0,1,1,0,0,0,0,1,0,1,1,0,0,1,1
0,8,4467,4.9,28.0,0.0022386389075442132,14.0,6.67,21,2,2,3,100.0,0,0,0,1,0,0,1,1,1,0,0,1,0,1,0,0,0,1,0,1,1
0,6,5063,8.31,31.7,0.0019751135690302193,11.0,5.22,49,3,2,4,1.7,0,1,0,1,0,0,1,1,1,0,0,0,0,0,0,0,1,0,0,1,1
0,8,7359,5.9,25.5,0.001087104226117679,12.0,5.51,0,4,4,4,100.0,0,1,1,1,1,0,1,1,0,0,0,0,0,1,0,1,1,0,0,0,1
0,10,5660,11.95,25.2,0.00017667844522968197,11.875,8.47,3,2,8,4,100.0,8,1,1,1,0,0,0,0,1,1,0,1,0,1,0,1,1,1,1,1,1
0,6,1669,5.49,38.8,0.015578190533253445,15.333333333333334,5.0,0,1,3,2,0.0,1,0,0,1,0,0,1,1,1,1,0,0,0,0,0,1,1,0,0,0,1
0,8,2964,11.7,6.8,0.0,11.5,4.59,0,2,4,3,100.0,0,0,0,0,1,0,1,1,1,0,0,1,0,1,0,1,0,0,0,1,1
0,6,3078,5.26,29.5,0.0,15.0,9.21,0,1,5,3,100.0,1,1,0,0,1,0,1,1,1,1,0,1,0,1,0,1,1,0,0,1,1
0,8,1517,3.43,0.0,0.0006591957811470006,11.333333333333334,4.69,0,1,3,5,100.0,0,2,0,1,0,1,1,1,1,0,0,1,0,1,0,1,0,0,0,1,1
0,8,4630,5.28,12.2,0.013174946004319654,15.0,4.78,6,3,4,2,0.0,21,6,0,1,1,1,1,1,1,0,0,1,0,1,0,1,0,1,0,1,1
0,6,2074,12.17,14.0,0.00048216007714561236,12.714285714285714,6.42,0,1,7,7,8.1,12,0,0,0,1,0,0,0,1,1,0,1,0,0,0,1,0,0,0,0,1
0,7,3038,6.77,26.0,0.0006583278472679394,16.0,9.1,18,1,2,2,0.0,0,2,0,1,0,1,1,1,1,0,0,1,0,0,0,1,0,1,1,1,1
0,10,6158,5.37,24.0,0.005196492367651835,12.6,4.76,0,4,5,7,5.7,0,0,0,1,1,0,1,1,1,0,0,1,0,1,0,0,1,0,0,1,1
0,9,11721,4.78,8.7,0.0002559508574353724,10.0,6.05,5,6,7,6,0.0,0,3,0,1,1,1,1,0,0,0,0,1,0,0,0,1,0,1,0,1,1
0,5,1666,14.08,32.6,0.010804321728691477,11.0,5.16,0,1,1,4,0.0,1,1,0,0,1,0,1,1,1,0,0,1,0,0,0,0,1,0,0,0,1
0,9,6950,5.02,17.0,0.0004316546762589928,12.5,5.2,4,4,4,4,0.0,0,0,0,1,1,0,1,1,0,0,0,1,0,0,0,0,0,0,0,1,1
0,8,2692,1.95,33.6,0.001114413075780089,19.25,4.17,0,2,4,3,100.0,0,0,0,0,1,0,1,1,1,0,0,1,0,1,0,0,0,1,0,1,1
0,6,2663,11.51,11.8,0.0026286143447239955,13.75,3.99,0,2,8,5,100.0,1,1,0,0,1,0,0,0,1,1,0,1,0,0,0,0,1,0,0,1,1
0,8,5775,10.38,4.1,0.0003463203463203463,10.0,8.94,3,2,3,8,59.0,0,1,0,1,1,0,1,1,1,0,0,1,0,1,0,0,0,0,0,1,1
0,8,4541,6.73,23.1,0.003963884606914776,17.4,6.79,0,2,5,4,100.0,0,2,0,0,0,1,0,1,1,0,0,1,0,0,0,0,1,1,1,1,1
0,6,2852,4.85,15.4,0.0010518934081346423,14.5,8.83,19,1,2,3,8.8,0,0,0,1,1,0,1,1,1,0,0,1,0,0,0,1,0,1,0,0,1
0,10,18886,8.39,24.1,0.0028592608281266547,12.5,9.74,0,6,2,4,0.0,0,2,0,1,0,1,1,1,0,0,0,1,0,0,0,0,1,0,0,1,1
0,10,8298,8.47,21.2,0.00012051096649795132,7.384615384615385,12.84,3,2,13,4,0.2,0,0,0,1,1,0,1,0,1,0,0,1,0,1,0,0,0,1,0,1,1
0,7,5168,3.73,21.1,0.001741486068111455,11.5,8.0,0,2,2,2,100.0,0,0,0,1,0,0,1,1,1,0,1,0,0,1,1,0,0,0,0,1,1
0,7,5295,4.8,19.0,0.0035882908404154864,15.0,5.46,0,3,4,2,0.0,39,2,0,0,1,1,1,1,1,0,0,0,0,1,0,0,0,1,0,1,1
0,6,4690,2.97,13.8,0.0006396588486140725,12.714285714285714,14.51,0,1,7,6,100.0,0,1,0,1,1,0,0,0,1,0,1,0,0,1,0,0,1,0,0,1,1
0,6,2055,5.49,16.8,0.006812652068126521,15.75,6.36,0,1,4,6,0.0,1,1,1,0,1,0,1,1,1,1,0,1,0,0,1,0,1,0,1,1,1
0,8,4702,8.37,30.8,0.0,12.0,3.64,0,4,1,3,7.7,1,0,0,1,0,0,1,1,0,1,0,1,0,0,0,1,1,0,0,1,1
0,3,2151,13.29,13.3,0.0,11.5,2.22,0,3,2,3,0.0,5,0,0,1,1,0,1,1,1,1,0,1,0,0,0,1,1,1,0,1,1
0,10,6689,6.99,47.8,0.0020929884885633127,12.333333333333334,4.14,24,5,9,2,0.0,0,0,0,1,1,0,1,0,0,0,0,1,0,0,0,1,1,0,0,1,1
0,8,10088,5.19,16.6,0.0003965107057890563,11.0,4.46,31,7,5,7,77.7,1,0,1,1,1,0,1,1,0,0,0,1,0,1,0,0,0,0,0,1,1
0,8,4247,10.41,13.9,0.0002354603249352484,12.666666666666666,6.35,0,2,3,5,11.4,2,1,0,0,1,0,0,1,1,0,0,1,0,0,0,1,1,0,0,1,1
0,8,6760,8.7,28.4,0.0004437869822485207,12.166666666666666,6.75,1,3,6,3,100.0,0,0,0,1,0,0,0,0,1,0,0,1,0,0,0,0,1,0,0,1,1
0,9,4300,9.76,6.3,0.00023255813953488373,11.25,4.44,0,3,4,4,0.0,0,0,0,1,1,0,1,1,1,0,0,1,1,0,0,1,1,1,0,1,1
0,8,7469,3.01,43.5,0.0,12.5,9.61,20,3,6,4,100.0,1,0,0,1,1,0,1,0,1,0,0,1,0,1,0,1,1,0,0,0,1
0,9,3366,5.77,7.5,0.00029708853238265005,11.2,5.04,2,2,5,4,1.7,4,1,0,1,1,0,1,1,1,0,0,1,0,0,1,0,0,1,1,1,1
0,10,14686,2.68,6.4,0.00047664442326024784,11.0,9.09,14,5,5,5,2.6,0,1,0,1,0,0,1,1,0,0,0,1,1,0,0,0,0,0,0,1,1
0,10,3709,6.74,7.2,0.005931517929361013,12.5,2.87,1,4,8,4,62.6,0,1,0,1,1,0,0,0,1,0,0,1,0,0,0,0,1,1,0,1,1
0,8,2860,6.32,31.7,0.004545454545454545,11.75,8.55,0,1,4,4,100.0,0,0,0,1,0,0,1,1,1,0,0,0,0,1,0,0,1,0,0,1,1
0,10,2471,5.38,0.0,0.0,100.0,0.85,13,1,1,1,0.0,5,5,1,1,0,1,0,1,1,1,0,1,0,1,0,1,1,0,0,1,1
0,10,14822,6.62,13.3,0.00026986911347996224,11.5,5.73,11,8,2,7,71.1,0,12,0,1,1,1,1,1,1,0,1,0,0,1,0,1,1,1,0,1,1
0,5,2011,2.61,23.0,0.0,11.0,6.22,0,1,1,3,100.0,0,0,0,0,1,0,1,1,1,0,0,0,0,1,0,0,0,0,0,1,1
0,9,4564,4.62,19.3,0.0,12.5,4.71,1,3,4,5,85.7,1,2,0,1,1,1,0,1,1,0,0,0,0,1,0,0,1,0,0,1,1
0,9,16386,1.6,37.6,0.00024411082631514708,12.0,2.58,0,19,5,4,0.0,14,0,0,1,1,0,1,1,0,0,0,1,0,0,0,0,0,0,0,1,1
0,7,2428,0.58,27.4,0.005354200988467875,14.0,3.4,5,2,6,4,28.2,0,2,1,1,1,1,0,0,1,0,0,1,0,1,1,0,0,0,0,1,1
0,9,2825,13.25,24.1,0.008849557522123894,16.0,8.45,0,1,5,2,100.0,1,3,0,0,0,1,0,1,1,0,0,1,0,1,0,1,1,1,1,1,1
0,8,2331,12.35,9.0,0.002145002145002145,12.666666666666666,6.97,1,1,6,8,91.0,6,1,1,1,1,0,0,0,1,0,0,1,0,1,0,1,0,1,1,1,1
0,8,3923,10.89,11.6,0.013764975783838899,8.5,6.07,0,2,6,3,0.0,0,0,0,0,1,0,1,0,1,0,0,1,1,0,0,0,0,0,0,1,1
0,8,10655,5.43,7.1,0.001313937118723604,13.0,4.12,3,8,4,4,0.0,1,7,0,1,1,1,1,1,0,0,0,1,0,0,0,1,0,0,0,1,1
0,9,3741,5.61,100.0,0.0008019246190858059,14.833333333333334,5.79,2,2,6,2,100.0,0,1,0,1,1,0,1,0,1,0,0,0,0,1,0,1,1,1,0,1,1
0,7,3400,7.62,5.6,0.043823529411764706,17.0,5.08,0,2,3,4,1.4,0,1,0,1,0,0,1,1,1,0,0,1,0,0,0,0,1,0,0,0,1
0,9,3760,7.13,9.7,0.00026595744680851064,13.2,3.75,1,3,5,4,24.8,15,1,0,1,1,0,1,1,1,1,0,1,0,1,0,0,0,0,0,1,1
0,6,3964,5.25,14.6,0.016902119071644805,11.0,6.13,0,2,4,5,100.0,0,0,0,1,1,0,1,1,1,0,0,0,0,0,0,0,1,1,1,0,1
0,9,2336,4.4,16.3,0.0021404109589041095,17.25,3.49,0,2,4,2,0.0,0,0,1,0,1,0,1,1,1,0,0,1,0,0,0,1,0,1,1,1,1
0,7,6367,6.76,23.9,0.0004711795193968902,11.333333333333334,2.12,1,9,6,6,3.4,4,2,0,1,0,1,1,0,0,1,0,1,0,0,0,0,1,0,0,1,1
0,8,4738,8.38,21.4,0.00021105951878429716,15.666666666666666,4.89,0,3,6,4,0.0,1,1,0,1,1,0,1,0,1,1,0,0,0,0,0,1,1,0,0,1,1
0,10,4550,10.9,12.5,0.00043956043956043956,16.75,6.8,1,2,4,6,93.8,0,2,1,1,1,1,1,1,1,0,0,1,0,1,0,1,0,1,0,1,1
0,10,6681,3.28,29.7,0.000598712767549768,9.777777777777779,6.89,2,3,9,4,0.0,19,2,0,1,1,1,1,0,1,1,0,1,0,0,0,0,1,0,0,1,1
0,9,4046,13.62,29.3,0.0014829461196243204,16.2,4.04,7,3,5,4,100.0,4,3,0,1,0,1,1,1,1,1,0,1,0,1,0,0,1,0,0,1,1
0,10,2981,4.63,24.8,0.0013418316001341832,15.0,9.23,9,1,6,6,86.4,3,0,0,1,0,0,1,0,1,0,0,1,0,1,0,0,1,0,0,1,1
0,8,4310,11.8,16.5,0.02320185614849188,11.0,4.45,0,3,3,6,4.1,1,0,0,0,0,0,1,1,1,1,0,1,1,0,0,1,1,0,0,1,1
0,9,4499,2.68,13.3,0.0024449877750611247,16.4,4.49,0,3,5,3,100.0,1,1,0,1,1,0,1,1,1,0,0,0,0,0,0,0,1,1,0,1,1
0,9,10621,2.59,11.6,0.002730439694943979,7.4,8.22,15,4,5,5,0.0,0,0,1,1,1,0,1,1,0,0,0,1,1,0,0,0,0,0,0,1,1
0,9,4619,6.44,10.8,0.00021649707728945658,8.833333333333334,6.91,0,2,6,4,100.0,9,0,0,1,1,0,1,0,1,0,0,1,0,0,0,1,0,0,0,1,1
0,8,2966,1.95,14.9,0.0026972353337828725,15.0,4.59,0,2,4,2,0.0,10,2,0,1,1,1,1,1,1,0,0,0,0,1,0,0,0,1,0,1,1
0,9,1425,8.0,28.6,0.008421052631578947,14.5,4.26,1,1,4,2,100.0,0,0,0,1,1,0,1,1,1,0,0,1,0,0,0,1,0,1,0,1,1
0,10,6211,5.36,9.6,0.002093060698760264,9.0,9.61,16,2,9,5,100.0,0,2,0,1,1,1,1,0,1,0,0,1,0,1,0,0,0,0,0,1,1
0,8,3591,9.91,8.4,0.001670843776106934,10.75,5.56,11,2,4,8,100.0,0,1,0,1,1,0,1,1,1,0,0,1,0,1,0,0,1,0,0,1,1
0,8,2807,21.96,33.6,0.0003562522265764161,13.333333333333334,8.39,4,1,3,5,91.6,0,0,1,1,1,0,1,1,1,0,0,0,0,0,0,1,0,1,0,1,1
0,8,2403,14.43,11.4,0.0008322929671244278,12.5,3.32,0,2,8,6,100.0,4,0,0,0,1,0,1,0,1,1,0,1,0,1,0,1,1,0,0,1,1
0,6,7156,8.56,39.6,0.0,15.0,7.14,0,3,7,8,24.7,3,0,0,1,1,0,1,0,1,1,0,0,0,1,0,0,1,0,0,0,1
0,8,3310,5.3,24.5,0.0009063444108761329,13.5,5.12,0,2,4,8,100.0,0,1,1,1,0,0,1,1,1,0,0,1,0,1,0,1,0,1,1,1,1
0,8,18100,2.85,28.1,0.009613259668508288,8.333333333333334,11.2,13,5,3,5,73.4,0,0,0,1,0,0,1,1,0,0,0,0,0,1,0,0,0,0,0,1,1
0,6,2436,1.03,22.2,0.0,10.5,7.54,0,1,2,3,8.9,0,0,0,0,1,0,1,1,1,0,0,1,0,0,0,1,0,0,0,0,1
0,10,9715,7.08,15.9,0.0,12.5,4.84,9,6,4,5,0.0,6,0,0,1,1,0,1,1,0,1,0,1,0,0,0,0,1,1,1,1,1
0,8,4074,2.8,78.1,0.005645557191948944,11.6,6.1,0,2,5,5,1.1,0,0,0,1,0,0,1,1,1,0,0,1,0,1,0,1,0,0,0,1,1
0,9,3714,9.31,8.2,0.0005385029617662897,15.166666666666666,5.75,16,2,6,4,64.3,2,2,0,1,1,1,0,0,1,1,0,1,0,1,0,1,0,0,0,1,1
0,7,2608,5.98,4.9,0.0,16.11111111111111,7.8,2,1,9,4,100.0,1,2,0,1,1,1,0,0,1,1,0,1,0,1,0,1,1,0,0,1,1
0,7,1577,9.42,12.1,0.0031705770450221942,12.0,4.88,0,1,7,7,96.0,7,0,0,0,1,0,1,0,1,1,0,1,0,0,0,0,1,0,0,1,1
0,9,6859,9.88,15.1,0.0024784954074938037,14.2,6.85,0,3,5,5,100.0,1,0,0,1,0,0,1,1,1,1,0,1,0,0,0,0,0,0,0,0,1
0,8,1966,8.41,32.7,0.001017293997965412,13.285714285714286,5.88,5,1,7,10,100.0,0,0,0,1,1,0,0,0,1,0,0,1,0,1,0,1,0,1,0,1,1
0,8,6275,5.6,15.6,0.0011155378486055777,10.0,6.47,0,3,1,4,5.0,0,0,0,1,1,0,1,1,1,0,0,1,1,0,0,0,1,1,0,1,1
0,6,1918,6.43,28.6,0.0046923879040667365,17.166666666666668,5.74,5,1,6,3,100.0,1,0,0,1,1,0,0,0,1,1,0,0,0,1,0,0,1,0,0,1,1
0,8,1825,14.23,9.2,0.008767123287671232,11.571428571428571,5.46,0,1,7,3,100.0,1,0,0,0,1,0,0,0,1,0,0,1,0,0,0,0,0,1,0,1,1
0,8,3272,10.53,30.1,0.0003056234718826406,10.0,10.13,0,1,3,6,75.7,2,1,0,1,1,0,1,1,1,1,0,1,0,1,0,0,0,0,0,1,1
0,10,3824,7.81,5.5,0.0002615062761506276,19.571428571428573,5.72,2,2,7,7,100.0,0,1,0,1,1,0,1,0,1,0,0,1,0,0,0,1,1,1,0,1,1
0,10,6487,3.17,35.8,0.0021581624788037613,17.3,3.88,3,5,10,5,100.0,10,0,0,1,1,0,1,0,0,1,0,1,0,1,0,0,1,0,0,1,1
0,9,4891,9.55,44.7,0.0010222858311183807,9.666666666666666,7.57,9,2,3,5,74.1,0,0,0,1,1,0,1,1,1,0,0,0,0,1,0,0,0,0,0,1,0
0,6,2579,8.51,0.0,0.011632415664986429,14.8,3.99,0,2,5,2,60.9,0,2,0,1,1,1,1,1,1,0,0,0,0,1,0,1,0,0,0,1,1
0,9,2026,5.6,32.1,0.0004935834155972359,13.0,6.06,2,1,5,3,100.0,1,5,0,1,1,1,1,1,1,1,0,1,0,1,0,1,1,0,0,1,1
0,7,3254,3.79,13.2,0.005224339274738783,15.0,5.04,0,2,4,2,0.0,8,3,0,0,1,1,1,1,1,0,0,1,0,1,0,0,0,1,0,1,1
0,7,1966,13.79,41.1,0.002034587995930824,19.0,5.88,0,1,4,3,100.0,1,1,0,0,0,0,1,1,1,1,0,1,0,1,0,1,1,0,0,1,1
0,9,4657,5.51,53.4,0.0,9.333333333333334,6.96,0,2,3,2,100.0,28,7,0,1,1,1,0,1,1,0,0,1,0,1,0,1,0,0,0,1,1
0,6,2680,5.74,40.0,0.007462686567164179,14.0,8.29,0,1,3,3,100.0,0,0,0,0,0,0,1,1,1,0,1,0,0,1,0,1,0,1,0,1,1
0,7,1619,11.57,26.1,0.0006176652254478073,18.0,2.42,0,2,5,6,100.0,0,1,0,0,1,0,1,1,1,0,0,1,0,1,0,1,0,0,0,1,1
0,7,3254,11.03,11.7,0.0006146281499692685,13.0,5.04,0,2,5,5,63.8,0,1,0,1,1,0,1,1,1,0,0,1,0,1,0,0,0,0,0,0,1
0,9,6489,18.48,11.7,0.0001541069502234551,11.75,6.69,0,3,4,5,82.1,0,0,0,1,1,0,1,1,1,0,0,0,0,1,0,1,1,1,1,1,1
0,10,8249,2.3,19.5,0.0014547217844587223,14.8,4.94,7,5,5,3,2.3,0,0,0,1,1,0,1,1,0,0,0,1,0,1,0,0,1,0,0,1,1
0,7,1803,11.59,4.8,0.005546311702717693,15.6,5.58,0,1,5,3,100.0,1,1,0,0,0,0,0,1,1,1,0,1,0,1,0,1,1,0,0,1,1
0,9,3132,9.59,28.5,0.0,11.2,9.37,0,1,5,12,100.0,0,2,1,1,0,1,0,1,1,0,0,1,0,1,0,1,0,1,1,1,1
0,9,8464,6.72,32.7,0.0005907372400756144,13.166666666666666,4.37,6,6,6,8,36.8,8,0,1,1,1,0,1,0,0,1,0,1,0,0,0,0,1,0,0,1,1
0,8,25210,2.71,8.1,0.0,13.125,7.54,5,10,8,7,5.4,1,3,0,1,0,1,1,0,1,0,0,1,0,0,0,1,1,0,0,1,1
0,10,6154,5.04,62.7,0.0012999675008124798,14.166666666666666,6.13,0,3,6,4,4.5,0,1,0,1,0,0,1,0,1,0,0,1,0,1,0,0,1,0,0,1,1
0,8,1313,6.25,0.0,0.0007616146230007616,18.0,3.93,2,1,4,2,100.0,0,2,0,1,0,1,1,1,1,0,0,1,0,1,0,1,1,0,0,1,1
0,10,7693,5.55,39.9,0.0,10.5,5.95,0,4,2,3,0.5,2,0,0,1,1,0,1,1,0,1,0,1,0,1,0,0,1,1,0,1,1
