Numero de Paginas,Densidad Informacion (%),Fechas Detectadas (Count),Tamaño cuerpo probable,Variedad de fuentes,Variedad de tamaños,Uso de negritas (estimado %),Uso de cursivas (estimado %),Porcentaje Lenguaje Técnico,LinkedIn,GitHub,Website/Otro,Cantidad de imágenes,Tiene Elementos Graficos,Lineas_education,Lineas_work_experience,Lineas_skills,Lineas_certifications,Lineas_achievements,Lineas_professional_profile,Lineas_languages,Lineas_projects,Lineas_publications,Lineas_training_courses,Lineas_volunteer_work,Seccion_languages,Seccion_publications,Seccion_training_courses,texto_extraido_len,Promedio tamaño fuente,Formato Texto (Lineas)_Párrafos,Formato Texto (Lineas)_Viñetas,Orden Temporal_Orden Temporal Detectado,Formato Fecha Más Común_MM-YYYY,Formato Fecha Más Común_MM/YYYY,Formato Fecha Más Común_Mon YYYY (EN),Formato Fecha Más Común_YYYY,Fuente principal_ArialMT,Fuente principal_Calibri,Fuente principal_Otra,Fuente principal_Tahoma,Legibilidad general_Buena,Consistencia tamaños fuente_Consistente,Consistencia márgenes (aprox)_Consistente,Uso de colores (texto)_Sí,Uso de colores (dibujos)_Sí,Deteccion Foto Perfil_Posible Foto Detectada,secciones_completas,Ratio_Lineas_Experiencia_len,Passed
2,5.71,3,12,7,5,34.4,91.7,3.72,1,0,1,0,0,6,2,26,0,0,0,0,9,0,0,0,0,1,1,3692,16.0,0,1,1,0,0,1,0,0,0,1,0,1,1,1,1,1,0,7,0.0005417118093174431,1
1,8.09,1,9,1,1,0.0,100.0,9.61,0,0,1,9,1,8,12,3,0,0,3,1,0,7,0,0,1,1,1,2703,9.0,0,1,0,0,1,0,0,0,0,1,0,0,1,1,0,1,1,8,0.004439511653718091,1
1,8.27,0,10,3,4,21.8,100.0,8.58,0,0,0,0,1,3,38,1,0,0,0,0,0,0,0,0,1,1,1,2761,13.0,0,0,0,0,0,1,0,1,0,0,0,1,1,1,1,0,0,9,0.013763129300977906,1
4,3.54,2,10,4,12,16.2,100.0,6.67,0,0,0,3,1,25,8,3,0,0,0,17,0,0,18,0,1,1,1,4732,14.916666666666666,0,1,1,0,0,0,0,0,0,1,0,1,0,0,0,1,1,7,0.0016906170752324597,1
3,4.71,0,10,6,7,31.2,5.2,11.29,1,1,0,5,1,0,7,0,0,2,5,8,2,3,1,0,1,1,1,4562,13.714285714285714,0,1,0,0,0,0,1,0,0,0,0,1,0,1,1,0,1,10,0.0015344147303814116,1
10,5.21,3,12,8,7,16.4,6.9,4.75,0,0,0,0,1,1,8,26,0,0,87,11,8,20,3,0,1,1,1,16844,12.0,0,1,1,0,0,0,1,0,0,1,0,1,0,0,0,0,0,8,0.0004749465685110425,1
4,5.93,0,12,7,4,5.8,100.0,8.05,0,0,0,0,1,39,2,4,0,39,0,0,21,16,1,0,1,1,1,7659,19.25,0,1,0,0,0,1,0,1,0,0,0,1,1,1,0,0,0,9,0.0002611306959133046,1
4,3.22,2,10,5,4,16.7,26.9,13.82,0,0,0,0,0,3,0,4,0,0,61,20,0,0,0,0,1,1,1,4309,12.0,0,1,1,0,0,0,1,0,0,1,0,1,1,1,1,1,0,7,0.0,1
3,5.09,0,10,6,4,33.7,15.8,18.3,0,0,0,0,1,2,4,3,3,0,2,13,5,3,1,0,1,1,1,5106,12.75,0,1,0,0,0,0,1,0,1,0,0,1,1,1,1,1,0,9,0.0007833920877399138,1
3,4.99,0,10,6,5,13.9,5.1,8.85,0,0,1,0,1,4,1,1,9,0,17,14,17,0,2,0,1,1,1,4835,11.2,0,1,0,0,0,0,0,0,0,1,0,1,1,1,1,1,0,8,0.00020682523267838676,1
4,5.71,0,11,12,4,13.4,69.4,3.11,1,0,0,0,0,6,0,43,0,0,3,7,13,33,0,0,1,1,1,7375,11.75,0,1,0,0,0,0,1,0,0,1,0,1,1,0,1,1,0,8,0.0,1
6,5.06,0,12,6,4,13.3,100.0,9.23,0,0,0,0,0,5,19,3,5,0,19,0,2,17,28,0,1,1,1,9810,11.75,0,1,0,0,0,0,0,0,0,1,0,1,1,0,1,0,0,8,0.0019367991845056064,1
3,3.63,0,11,2,3,21.0,100.0,11.23,0,0,0,0,1,0,15,1,8,1,0,15,2,7,0,0,1,1,1,3518,15.666666666666666,0,0,0,0,0,0,1,0,0,1,0,1,1,1,0,1,0,9,0.004263786242183059,1
2,5.58,0,11,2,4,11.8,0.0,9.32,1,1,1,0,0,3,8,3,3,1,0,4,0,2,0,2,1,1,1,3731,14.75,0,1,0,0,0,0,1,1,0,0,0,1,1,1,1,1,0,10,0.0021441972661484857,1
2,9.48,0,10,2,6,41.2,100.0,12.31,1,1,1,0,0,0,4,0,5,1,0,3,3,1,0,1,1,1,1,6126,10.666666666666666,0,1,0,0,1,0,0,0,0,0,0,1,0,1,1,1,0,10,0.000652954619653934,1
1,11.62,4,8,7,7,49.4,100.0,3.48,0,0,1,0,0,21,5,1,0,0,0,0,0,9,0,11,1,1,1,3884,11.285714285714286,0,1,1,0,0,0,0,0,0,0,0,0,0,1,0,0,0,8,0.0012873326467559218,1
2,5.02,0,12,3,5,12.3,100.0,7.9,0,0,1,0,0,2,24,0,0,0,4,0,0,4,0,0,0,1,1,3243,14.2,1,0,0,0,0,0,1,0,0,1,0,1,1,1,0,0,0,6,0.0074005550416281225,1
1,5.8,0,9,3,5,8.0,0.0,10.5,1,0,0,31,0,5,3,1,6,2,5,7,0,3,5,0,1,1,1,3156,15.2,0,1,0,0,0,0,1,0,0,0,0,0,1,1,1,0,1,10,0.0009505703422053232,1
1,10.25,0,8,4,9,21.7,100.0,6.65,1,0,0,0,1,0,3,1,0,0,0,7,1,7,18,0,1,1,1,3427,15.666666666666666,0,0,0,0,0,0,1,0,0,1,0,0,0,1,1,1,0,7,0.0008754012255617158,1
4,5.71,0,11,6,5,25.7,2.3,3.87,0,0,0,8,0,8,9,12,0,9,0,0,24,3,0,0,1,1,1,7378,11.0,0,1,0,0,0,0,0,0,0,0,1,1,1,0,1,1,1,8,0.0012198427758200055,1
1,4.98,1,10,5,5,16.2,25.0,3.79,0,0,0,0,1,2,5,6,0,0,0,2,3,0,1,0,1,1,1,1666,16.2,0,1,0,0,0,0,1,0,0,1,0,1,1,1,1,1,0,10,0.003001200480192077,1
2,6.21,1,11,2,4,37.0,100.0,2.33,0,0,0,0,1,3,6,0,0,0,23,4,0,0,0,0,1,1,0,4150,16.25,1,0,0,0,0,1,0,0,0,1,0,1,1,1,0,0,0,7,0.0014457831325301205,1
3,8.42,1,10,6,3,40.4,11.8,12.71,0,0,0,0,1,2,9,18,0,0,2,1,0,107,7,0,1,1,1,8438,11.0,0,1,0,0,0,1,0,0,1,0,0,1,1,1,1,1,0,8,0.001066603460535672,1
2,7.95,6,8,3,4,13.2,100.0,4.12,0,0,0,0,0,7,53,1,4,0,1,0,13,0,0,0,1,1,1,5315,14.75,0,0,1,0,0,0,0,0,0,1,0,0,1,1,1,1,0,9,0.009971777986829727,1
2,3.86,0,9,5,6,23.8,100.0,9.49,1,1,1,0,0,3,3,13,2,0,0,6,0,1,0,0,1,1,1,2492,13.666666666666666,0,1,0,0,0,0,1,0,0,1,0,0,0,1,1,1,0,8,0.001203852327447833,1
5,6.69,0,12,10,12,17.5,100.0,2.49,0,0,0,5,1,44,5,61,0,26,0,0,0,0,0,0,1,1,1,10811,15.333333333333334,1,0,0,0,0,1,0,0,0,1,0,1,0,0,1,1,0,10,0.00046249190639163816,1
4,3.72,0,12,2,3,17.7,0.0,10.25,1,0,1,0,1,12,29,0,0,0,0,0,0,32,17,0,0,1,1,4803,13.666666666666666,0,0,0,0,0,1,0,1,0,0,0,1,1,0,1,1,0,6,0.006037892983551947,1
3,6.14,1,11,9,6,28.0,3.6,3.65,0,0,1,0,0,20,0,0,0,5,63,3,33,0,0,0,1,1,1,6155,15.833333333333334,0,1,0,0,1,0,0,0,0,1,0,1,0,1,1,1,0,9,0.0,1
5,6.72,1,9,4,6,0.8,0.0,2.39,0,0,0,11,1,10,8,0,0,34,22,0,72,8,7,13,1,1,1,11226,9.666666666666666,0,1,0,0,0,0,0,0,0,1,0,0,0,1,1,1,1,10,0.0007126313914127917,1
3,4.78,0,12,6,4,13.9,92.3,8.67,0,0,0,3,1,3,1,0,7,1,23,1,5,3,0,0,1,1,1,11702,23.25,0,1,0,0,0,0,1,0,0,1,0,1,1,1,1,1,0,9,8.545547769612032e-05,1
8,1.46,1,5,5,17,3.0,93.6,4.06,0,0,1,27,1,18,1,3,10,0,17,0,3,3,1,0,1,1,1,3932,11.647058823529411,0,1,0,0,0,0,1,0,0,1,0,0,0,1,1,1,1,8,0.000254323499491353,1
3,4.67,0,10,3,6,15.0,100.0,8.81,0,0,0,0,1,3,1,6,0,0,1,6,5,4,0,11,1,1,1,4683,21.5,0,1,0,0,0,1,0,0,0,1,0,1,0,1,1,1,0,10,0.00021353833013025838,1
2,5.19,0,8,5,6,15.7,100.0,3.17,1,0,1,0,1,2,2,12,0,0,2,1,2,2,21,6,1,1,1,3474,11.833333333333334,0,1,0,0,1,0,0,0,0,1,0,0,0,1,1,1,0,9,0.0005757052389176742,1
6,3.72,1,12,4,7,24.5,100.0,6.66,0,0,1,9,1,42,1,0,0,0,25,0,3,28,0,0,1,1,1,7461,14.857142857142858,0,0,0,0,0,0,0,0,0,1,0,1,0,0,0,1,1,9,0.00013403029084573114,1
3,6.7,2,11,3,5,42.7,87.8,17.89,1,1,1,1,1,1,4,0,0,0,4,0,2,5,4,0,1,1,1,6727,12.8,0,0,1,0,1,0,0,0,0,0,0,1,1,1,1,1,1,7,0.0005946187007581388,1
1,10.54,0,8,4,7,32.8,100.0,15.2,1,0,0,0,1,41,6,5,0,0,0,0,0,9,0,0,1,1,0,3525,16.714285714285715,0,1,0,0,0,1,0,0,0,1,0,0,0,1,1,0,0,7,0.001702127659574468,1
3,5.35,1,10,5,4,7.2,0.0,14.91,0,0,0,0,0,1,84,1,3,0,6,15,0,0,1,0,1,1,1,5184,11.25,0,1,0,0,0,0,0,0,0,1,0,1,1,1,1,0,0,8,0.016203703703703703,1
3,5.02,0,10,2,4,29.6,0.0,6.31,1,1,0,0,1,1,2,11,0,9,0,11,11,6,0,0,1,1,1,5041,12.5,0,1,0,0,0,0,1,1,0,0,0,1,1,1,1,1,0,9,0.00039674667724657806,1
2,8.69,1,10,11,6,0.0,81.2,5.29,0,0,0,0,1,9,35,2,0,0,0,0,0,21,0,11,0,1,1,5615,9.666666666666666,1,0,0,0,0,0,1,0,0,1,0,1,0,1,1,1,0,8,0.006233303650934996,1
1,8.7,5,10,3,7,0.0,100.0,9.24,0,0,0,0,0,0,2,1,0,0,4,4,0,0,0,5,1,1,0,2810,13.857142857142858,0,1,1,0,0,0,0,0,0,1,0,1,0,1,0,0,0,8,0.0007117437722419929,1
2,5.92,0,9,1,6,0.0,100.0,4.57,1,1,1,6,0,1,3,0,0,0,1,2,1,2,3,0,1,1,1,3957,10.166666666666666,0,1,0,0,0,0,1,0,0,1,0,0,0,1,1,1,0,9,0.000758150113722517,1
2,4.91,0,9,6,4,12.4,80.3,7.03,0,0,0,0,0,3,17,15,6,6,7,0,2,3,1,0,1,1,1,3173,12.0,0,1,0,0,0,0,1,0,0,1,0,0,1,1,1,0,0,9,0.005357705641348881,1
4,5.48,0,11,4,4,25.6,0.0,9.72,0,0,0,0,1,3,2,4,0,0,1,13,4,18,0,5,1,1,1,7086,14.75,0,1,0,0,0,0,1,0,1,0,0,1,1,1,1,1,0,9,0.0002822466836014677,1
5,3.66,0,12,4,5,6.4,100.0,9.38,0,0,0,0,1,6,27,31,0,0,3,0,0,1,3,14,1,1,1,6104,14.8,0,1,0,0,0,1,0,1,0,0,0,1,1,0,1,1,0,9,0.004423328964613368,1
1,3.45,1,10,8,8,66.0,86.8,5.33,0,0,0,0,1,9,2,0,0,0,0,0,0,4,0,4,1,1,1,1154,12.25,0,1,0,0,0,1,0,0,0,1,0,1,0,1,0,0,0,8,0.0017331022530329288,1
3,6.05,0,11,2,3,27.4,0.0,6.67,0,0,0,0,1,2,45,2,0,2,0,0,0,0,5,0,1,1,1,5862,11.333333333333334,1,0,0,0,0,0,1,1,0,0,0,1,1,1,0,0,0,10,0.007676560900716479,1
6,3.73,1,11,3,11,27.7,1.9,4.01,0,0,0,1,0,2,77,0,2,0,0,0,40,0,0,0,0,1,0,7487,8.636363636363637,0,0,0,0,0,0,0,0,0,0,1,1,0,0,0,0,1,6,0.010284493121410445,1
2,6.25,3,10,6,4,21.4,95.2,8.39,0,0,0,0,0,0,2,0,0,0,1,2,0,2,0,0,1,1,1,4183,13.25,0,0,1,1,0,0,0,0,0,1,0,1,1,1,0,0,0,6,0.0004781257470714798,1
3,4.42,5,8,3,9,0.0,100.0,7.73,0,0,0,9,1,19,0,1,13,0,0,1,1,1,0,0,1,1,1,4435,19.666666666666668,0,1,1,0,0,0,1,0,0,0,0,0,0,1,0,0,1,10,0.0,1
6,4.19,8,10,3,8,27.1,3.6,5.12,0,0,0,0,1,0,3,3,8,0,0,0,9,12,4,0,1,1,1,7644,12.25,0,0,1,0,0,0,1,1,0,0,0,1,0,0,1,0,0,9,0.0003924646781789639,1
3,5.33,0,9,5,4,11.1,100.0,8.42,1,1,0,0,1,5,2,0,7,0,1,2,8,1,0,5,1,1,1,5167,16.5,0,1,0,0,0,0,1,0,0,1,0,0,1,1,1,0,0,10,0.0003870718018192375,1
2,8.87,2,10,3,6,2.0,0.0,9.27,1,0,1,0,1,0,2,6,0,1,0,4,0,1,2,0,1,1,1,5936,15.666666666666666,0,0,1,0,0,0,1,1,0,0,0,1,0,1,1,0,0,9,0.00033692722371967657,1
3,4.13,2,12,4,3,20.9,1.6,2.82,0,0,0,1,1,2,1,8,0,0,20,2,14,1,1,0,1,1,1,4139,12.333333333333334,0,1,1,0,0,0,0,0,1,0,0,1,1,1,0,0,0,9,0.00024160425223483932,1
3,6.72,0,9,7,7,26.5,100.0,4.83,1,0,0,1,1,1,0,15,1,0,4,0,8,0,49,0,1,1,1,6726,11.0,0,1,0,0,1,0,0,0,0,0,0,0,0,1,1,1,0,9,0.0,1
1,8.17,0,10,7,5,21.3,100.0,16.23,1,1,0,0,0,10,0,0,0,0,0,1,2,0,6,0,1,1,1,2641,12.8,0,1,0,0,0,0,1,0,0,1,0,1,1,1,1,1,0,8,0.0,1
2,9.54,0,9,6,10,12.2,87.0,7.65,1,0,0,2,0,12,14,29,0,0,1,1,8,0,17,13,1,1,1,6168,12.1,0,1,0,0,0,0,1,0,0,1,0,0,0,1,1,1,1,9,0.002269779507133593,1
5,2.93,0,12,6,5,25.0,7.9,5.31,0,0,0,2,1,0,3,0,0,0,2,0,32,22,4,0,1,1,1,4899,15.8,0,1,0,0,0,0,0,1,0,0,0,1,1,0,1,0,1,8,0.000612369871402327,1
2,5.5,5,12,6,6,22.6,2.8,6.59,0,0,0,0,0,13,61,5,0,0,7,5,0,0,0,3,1,1,1,3556,15.5,0,1,1,0,0,0,1,0,1,0,0,1,0,1,1,0,0,9,0.0171541057367829,1
4,3.63,1,10,11,6,17.2,72.2,6.93,0,0,1,4,1,10,1,16,1,0,5,0,2,5,5,0,1,1,1,4861,12.333333333333334,0,1,0,0,0,0,1,0,0,0,0,1,0,0,1,1,1,8,0.0002057189878625797,1
4,11.38,6,8,10,10,27.0,100.0,7.15,0,0,0,5,1,12,19,0,0,0,13,1,48,7,1,0,1,1,1,14706,8.5,0,1,1,0,0,0,1,0,0,1,0,0,0,0,1,0,0,9,0.0012919896640826874,1
2,4.81,4,10,4,8,7.8,100.0,3.86,0,0,0,0,1,1,6,8,0,0,3,5,0,3,8,4,1,1,1,3106,13.0,0,1,1,0,0,0,0,0,0,1,0,1,0,1,0,1,0,9,0.0019317450096587251,1
2,5.66,1,10,5,5,17.2,82.8,8.48,0,0,0,0,0,2,43,4,0,0,0,0,0,0,0,0,1,1,0,3657,11.2,0,0,0,0,0,0,0,0,0,1,0,1,1,1,1,1,0,6,0.01175827180749248,1
3,4.34,0,11,5,12,26.0,13.9,3.61,0,0,0,4,0,10,36,3,0,0,0,0,0,9,1,0,1,1,1,4206,11.5,0,1,0,0,0,0,0,1,0,0,0,1,0,1,0,1,0,8,0.008559201141226819,1
1,4.21,4,10,5,3,14.7,100.0,4.66,0,0,0,0,0,4,1,2,0,0,4,3,5,0,0,0,1,1,0,1359,12.333333333333334,0,0,1,0,0,0,0,0,0,0,0,1,1,1,1,0,0,8,0.0007358351729212656,1
4,4.78,0,10,4,6,22.7,100.0,4.57,0,0,0,1,1,4,0,0,1,0,3,12,5,4,0,0,1,1,1,6384,9.333333333333334,0,1,0,0,0,1,0,1,0,0,0,1,0,0,1,1,1,10,0.0,1
2,3.51,1,10,4,3,24.2,90.5,9.51,1,0,0,0,0,3,2,5,0,3,18,1,0,17,9,10,1,1,1,2266,17.333333333333332,0,1,0,0,0,0,1,0,0,1,0,1,1,1,1,1,0,10,0.00088261253309797,1
2,10.16,1,8,5,4,42.6,12.4,6.55,0,0,1,0,1,13,1,1,0,1,1,0,0,13,0,0,1,1,1,6807,12.75,0,1,0,0,1,0,0,0,0,1,0,0,1,1,1,0,0,10,0.00014690759512266783,1
2,9.77,0,9,3,4,3.4,100.0,3.11,0,0,0,15,0,10,1,4,0,0,0,2,0,3,0,1,1,1,1,6529,12.0,1,0,0,0,0,0,1,0,0,1,0,0,1,1,1,1,0,9,0.00015316281206922958,1
2,11.04,2,9,5,7,9.8,100.0,5.28,0,0,0,1,1,2,0,22,6,0,1,2,4,24,0,32,1,1,1,7386,13.571428571428571,0,0,1,0,0,0,1,0,0,1,0,0,0,1,1,1,1,8,0.0,1
1,9.26,0,10,4,5,22.6,100.0,3.37,0,0,0,0,0,11,15,0,0,0,0,11,1,0,3,0,1,1,1,2743,11.6,0,1,0,0,0,0,1,0,0,1,0,1,1,1,1,1,0,8,0.005468465184104995,1
10,3.04,1,10,8,6,19.6,92.4,3.59,0,0,1,13,1,2,4,39,12,5,0,2,0,4,0,0,1,1,1,9822,10.666666666666666,0,1,0,0,0,0,0,0,0,1,0,1,0,0,1,1,0,10,0.00040724903278354713,1
3,5.86,2,11,5,2,22.5,16.9,6.3,0,1,1,1,0,9,31,6,0,0,0,23,0,4,6,0,1,1,1,5685,11.5,0,0,1,0,0,0,0,0,0,1,0,1,1,1,1,1,1,8,0.005452946350043976,1
1,9.75,1,9,3,4,17.5,100.0,9.53,1,1,0,1,1,0,0,0,0,0,2,17,13,0,0,0,1,1,0,3261,13.75,0,1,0,0,0,1,0,0,0,1,0,0,1,1,0,1,1,6,0.0,1
2,5.71,0,9,3,6,12.0,100.0,5.51,1,0,0,1,0,6,1,2,4,2,38,13,0,0,0,1,1,1,1,3815,11.5,0,1,0,0,0,0,0,0,0,0,0,0,0,1,1,1,0,10,0.0002621231979030144,1
2,8.44,0,9,5,4,9.2,90.1,3.51,0,0,0,0,0,6,23,27,0,0,0,6,0,0,0,8,1,1,0,5453,11.5,0,1,0,0,0,1,0,0,0,0,0,0,1,1,1,0,0,8,0.004217861727489456,1
38,1.06,0,10,17,15,24.2,47.2,2.27,1,0,1,73,1,8,5,0,1,0,0,0,0,2,69,0,1,1,1,14013,15.466666666666667,0,1,0,0,0,0,0,0,0,1,0,1,0,0,1,1,1,9,0.00035681153214871903,1
1,3.93,0,11,2,5,34.8,100.0,2.23,0,0,0,3,0,6,1,2,0,0,19,2,0,0,0,3,1,1,0,1312,13.4,0,1,0,0,0,0,0,0,0,1,0,1,1,1,1,1,0,7,0.0007621951219512195,1
6,3.35,4,11,10,7,11.7,100.0,7.16,0,0,0,1,0,0,0,11,5,0,8,2,2,23,7,0,1,1,1,6722,15.714285714285714,0,1,1,0,0,0,1,0,0,1,0,1,0,0,1,1,0,10,0.0,1
4,5.15,5,10,7,5,9.9,11.1,4.89,0,0,1,4,1,1,1,12,0,0,24,1,0,13,3,0,1,1,1,6652,15.2,0,1,1,0,0,0,1,0,0,0,0,1,1,0,1,0,1,8,0.0001503307276007216,1
1,8.79,1,9,4,6,34.4,9.4,4.1,0,0,0,0,0,2,20,3,0,0,0,0,4,0,0,0,1,1,1,2936,10.666666666666666,0,0,0,0,0,0,1,0,0,1,0,0,0,1,1,1,0,7,0.006811989100817439,1
3,6.02,1,10,8,4,28.7,4.6,2.27,0,0,0,1,0,8,6,4,0,8,1,1,3,19,0,0,1,1,1,6033,11.5,0,0,0,0,0,0,0,0,0,1,0,1,1,1,1,0,1,10,0.000994530084535057,1
10,4.05,0,12,4,6,11.6,100.0,5.79,0,0,0,1,1,19,4,4,4,3,3,22,0,15,2,0,1,1,1,13079,16.5,0,1,0,0,0,0,0,0,1,0,0,1,0,0,1,1,1,10,0.0003058337793409282,1
3,4.47,6,10,5,6,13.4,75.8,8.35,1,1,1,1,1,5,0,12,0,0,5,4,0,8,0,21,1,1,1,4336,13.333333333333334,0,1,1,0,0,1,0,0,0,0,0,1,0,1,1,1,1,9,0.0,1
7,2.42,0,12,5,5,24.9,1.1,5.99,0,0,0,10,0,3,2,0,0,20,21,8,0,2,0,0,1,1,1,5468,8.8,0,1,0,0,0,0,0,0,1,0,0,1,1,0,1,1,1,9,0.000365764447695684,1
6,6.03,2,10,6,4,18.3,42.0,12.91,0,0,1,2,1,16,1,0,9,10,0,2,5,4,1,0,1,1,1,12109,13.25,0,1,1,0,1,0,0,0,0,1,0,1,1,0,1,1,0,9,8.258320257659592e-05,1
2,4.4,0,8,2,5,19.6,100.0,2.43,0,0,0,0,1,5,1,3,0,1,27,3,0,21,0,14,1,1,1,2941,9.8,0,1,0,0,0,1,0,0,0,1,0,0,1,1,0,0,0,9,0.00034002040122407346,1
6,4.76,2,10,4,3,2.0,100.0,6.69,0,0,0,1,0,7,8,7,0,0,0,0,10,16,0,0,1,1,1,9222,11.666666666666666,0,1,1,0,0,0,0,0,0,1,0,1,1,0,1,0,0,8,0.0008674907829104315,1
4,4.66,4,10,4,5,0.0,82.7,15.26,1,1,1,6,1,26,4,7,0,0,3,1,9,3,25,16,1,1,1,6023,15.4,0,1,1,0,0,0,1,0,0,1,0,1,1,0,1,1,1,9,0.0006641208699983397,1
4,2.91,1,12,5,5,33.2,100.0,10.11,0,0,0,1,1,14,4,0,0,5,7,0,5,0,0,0,0,1,1,3883,13.4,0,1,0,0,0,0,1,0,0,1,0,1,1,1,1,1,0,7,0.0010301313417460727,1
2,2.35,4,10,1,4,0.0,0.0,6.02,1,1,1,0,1,2,9,0,16,0,1,0,2,0,0,0,0,1,1,1567,12.0,0,1,1,0,0,0,1,0,0,1,0,1,1,1,1,1,0,8,0.00574345883854499,1
3,4.18,0,10,4,5,28.0,100.0,5.25,1,1,1,4,0,6,19,4,0,1,28,11,0,0,0,4,1,1,1,4187,12.4,0,0,0,0,0,0,0,0,0,1,0,1,1,1,1,1,1,10,0.004537855266300453,1
4,4.75,0,10,7,3,9.4,11.3,7.77,0,0,1,0,1,0,15,0,0,0,27,25,3,57,3,0,1,1,1,6139,11.0,0,1,0,0,0,1,0,0,0,0,1,1,1,1,1,1,0,9,0.0024433946896888744,1
2,7.05,4,10,4,7,0.0,100.0,8.0,1,1,1,1,0,22,3,6,0,0,3,1,12,9,3,0,1,1,1,4710,10.857142857142858,0,1,1,0,0,0,1,0,0,1,0,1,0,1,1,0,0,9,0.0006369426751592356,1
2,4.08,8,11,5,8,11.6,100.0,16.35,0,0,0,2,1,4,2,3,3,0,2,3,4,7,13,0,1,1,1,2724,14.875,0,1,1,0,0,0,1,0,0,1,0,1,0,1,1,1,1,8,0.0007342143906020558,1
3,6.56,1,9,3,3,0.0,18.8,8.85,0,0,0,0,1,4,22,12,23,0,11,10,0,0,0,0,1,1,1,6357,11.0,0,0,0,0,0,1,0,0,0,1,0,0,1,1,1,0,0,9,0.0034607519270095956,1
3,5.71,1,11,8,5,26.1,8.4,6.99,0,0,1,1,0,7,58,9,1,0,0,0,0,0,2,0,0,1,1,5724,10.2,0,0,0,0,0,1,0,0,1,0,0,1,1,1,1,1,1,8,0.01013277428371768,1
3,7.39,0,8,5,6,11.5,100.0,4.95,0,0,0,3,0,2,31,1,2,7,21,20,4,3,1,4,1,1,1,7411,13.333333333333334,0,1,0,0,0,0,0,0,0,1,0,0,0,1,1,1,0,10,0.004182971258939415,1
1,6.56,0,11,4,6,39.8,98.8,9.87,0,0,0,0,1,24,0,0,0,0,1,1,0,12,4,0,1,1,1,2194,17.166666666666668,0,1,0,0,1,0,0,0,0,1,0,1,0,1,0,0,0,8,0.0,1
3,5.92,1,11,4,2,5.4,58.7,3.73,1,0,0,0,0,3,10,0,0,1,6,4,5,7,0,10,1,1,1,5742,10.5,0,1,0,0,0,0,1,0,0,1,0,1,1,1,1,1,0,10,0.0017415534656913968,1
4,6.14,1,10,2,4,9.3,0.0,7.48,1,0,0,40,0,6,99,3,21,0,8,0,0,0,9,0,1,1,1,7940,15.0,0,1,0,0,0,0,0,0,0,1,0,1,1,1,1,1,0,8,0.012468513853904283,1
3,4.0,0,11,5,4,31.2,96.4,7.35,0,0,0,9,1,6,0,1,0,0,1,12,4,2,0,0,1,1,1,3873,14.75,0,1,0,0,0,0,1,0,0,1,0,1,1,1,0,0,0,7,0.0,1
7,3.4,0,12,6,4,60.3,46.0,4.31,0,0,0,1,1,2,0,49,9,0,44,12,3,0,0,0,1,1,1,7686,11.25,0,1,0,0,0,0,0,0,0,1,0,1,1,0,0,1,1,9,0.0,1
2,5.11,2,9,6,4,14.9,90.1,2.88,0,0,0,0,1,1,1,10,0,0,2,19,34,0,0,0,1,1,1,3422,16.0,0,0,1,0,0,0,0,0,0,1,0,0,1,1,1,0,0,8,0.0002922267679719462,1
3,4.57,0,12,8,4,21.0,2.5,6.54,1,0,0,0,0,0,31,3,2,0,0,1,0,0,0,0,1,1,1,4432,12.75,0,0,0,0,0,0,0,0,1,0,0,1,1,1,1,1,0,8,0.006994584837545126,1
1,7.53,1,8,4,6,25.0,100.0,8.78,1,0,1,3,1,5,2,2,0,3,0,8,2,3,0,2,1,1,1,2516,12.0,0,1,0,0,1,0,0,0,0,0,0,0,0,1,1,1,0,10,0.000794912559618442,1
3,5.34,0,9,3,7,37.6,100.0,9.27,1,1,0,1,1,6,0,2,2,0,18,11,0,21,9,1,1,1,1,5348,10.285714285714286,0,1,0,0,0,0,0,0,0,0,0,0,0,1,1,1,0,10,0.0,1
3,8.47,0,9,6,8,23.8,0.0,4.82,0,0,0,0,1,6,8,0,7,0,0,0,0,11,32,7,1,1,1,8207,15.625,0,1,0,0,0,1,0,0,1,0,0,0,0,1,1,1,0,9,0.0009747776288534178,1
3,4.47,1,9,4,6,25.0,87.5,10.23,0,0,0,2,1,5,3,4,0,1,0,5,10,0,0,7,1,1,1,4333,16.833333333333332,0,1,0,0,0,0,1,0,0,1,0,0,0,1,1,1,1,10,0.0006923609508423724,1
3,4.24,3,10,2,4,21.1,0.0,6.68,1,0,0,21,0,1,14,15,0,0,4,0,8,2,0,5,1,1,1,4112,15.0,0,0,1,0,0,0,0,0,0,1,0,1,1,1,1,1,0,9,0.003404669260700389,1
4,5.05,0,10,9,5,21.0,35.3,2.73,0,0,0,0,1,15,2,3,0,0,1,4,32,0,1,2,1,1,1,6523,12.6,0,1,0,0,0,0,0,0,0,0,1,1,1,0,1,1,0,9,0.00030660738923808065,1
2,7.37,0,9,1,7,0.0,100.0,7.24,1,0,0,11,0,9,1,5,0,0,47,4,0,0,15,0,1,1,1,4926,10.285714285714286,0,0,0,0,0,0,0,0,0,1,0,0,0,1,1,1,0,9,0.00020300446609825416,1
1,8.11,0,9,9,6,30.1,100.0,7.95,1,0,0,0,0,1,6,0,0,0,0,0,0,1,7,0,1,1,1,2711,11.666666666666666,0,1,0,0,1,0,0,0,0,1,0,0,0,1,0,0,0,8,0.0022132054592401327,1
1,10.34,1,9,8,5,6.7,57.1,10.13,0,1,0,0,0,6,20,0,0,0,2,20,11,0,0,0,1,1,0,3342,11.8,0,1,0,0,0,0,1,0,0,1,0,0,1,1,1,1,0,8,0.005984440454817474,1
2,8.47,0,8,2,6,0.0,2.5,7.75,1,0,0,0,1,0,2,0,12,0,3,0,18,0,37,0,1,1,1,5654,11.0,0,1,0,0,0,0,0,0,0,1,0,0,0,1,1,1,0,9,0.00035373187124159886,1
1,9.46,1,9,4,7,10.4,54.0,8.86,0,0,0,2,0,2,1,0,0,0,33,4,0,0,0,0,1,1,1,3890,14.571428571428571,0,0,0,1,0,0,0,0,0,1,0,0,0,1,1,1,1,8,0.0002570694087403599,1
6,1.58,0,12,5,7,34.1,2.9,10.32,0,0,1,1,1,2,3,12,0,12,0,1,0,3,2,12,1,1,1,3067,11.857142857142858,0,1,0,0,0,0,1,0,0,1,0,1,0,0,0,1,0,8,0.00097815454841865,1
5,4.15,4,10,2,4,8.4,0.0,5.08,1,0,0,40,0,12,29,4,0,0,8,0,0,26,10,0,1,1,1,6699,15.0,0,1,1,0,0,1,0,0,0,1,0,1,1,0,1,1,0,8,0.004329004329004329,1
1,6.33,0,9,4,4,23.7,100.0,5.23,0,0,0,0,1,19,5,3,1,0,0,1,0,0,0,0,1,1,1,2118,14.75,0,1,0,0,0,0,0,0,0,0,0,0,1,1,0,1,0,7,0.002360717658168083,1
2,8.45,2,8,10,7,12.4,2.9,12.37,0,0,0,84,1,10,56,9,0,14,2,12,3,0,4,5,1,1,1,5644,11.0,0,1,1,0,0,0,0,1,0,0,0,0,0,1,0,0,0,10,0.009922041105598866,1
3,3.44,2,11,4,4,24.4,14.4,5.69,1,0,0,0,1,3,35,0,0,0,0,2,0,0,0,0,1,1,1,3332,15.25,0,0,1,0,0,0,0,1,0,0,0,1,1,1,1,1,0,7,0.01050420168067227,1
2,8.42,7,9,4,3,19.5,0.0,4.99,0,0,0,0,1,2,3,6,0,0,0,0,8,8,0,0,0,1,0,5629,11.0,0,1,1,0,0,0,1,0,0,1,0,0,1,1,1,0,0,6,0.0005329543435779002,1
1,1.77,2,14,1,1,0.0,0.0,5.33,0,0,0,8,1,2,4,7,0,0,4,1,37,8,0,0,1,1,0,2710,14.0,0,1,1,0,0,1,0,0,0,1,0,1,1,1,0,1,0,7,0.0014760147601476014,1
2,4.65,0,11,6,3,38.8,100.0,6.16,0,0,0,0,0,4,1,12,0,0,25,1,0,0,0,0,1,1,1,3824,13.0,0,0,0,0,1,0,0,0,1,0,0,1,1,1,1,1,0,8,0.0002615062761506276,1
1,6.82,0,10,4,6,0.0,100.0,10.12,0,0,0,4,0,1,0,16,2,0,0,0,20,15,0,0,1,1,0,2278,12.0,0,1,0,0,0,1,0,0,0,1,0,1,0,1,1,1,1,8,0.0,1
4,5.48,0,11,4,4,25.6,0.0,9.72,0,0,0,0,1,3,2,4,0,0,1,13,4,18,0,5,1,1,1,7086,14.75,0,1,0,0,0,0,1,0,1,0,0,1,1,1,1,1,0,9,0.0002822466836014677,1
2,6.54,1,9,8,5,34.7,10.2,8.89,0,0,0,0,0,1,57,5,0,0,0,0,0,0,0,0,1,1,1,4369,11.4,0,0,0,0,0,0,0,0,0,1,0,0,1,1,1,1,0,9,0.013046463721675441,1
2,12.08,4,9,3,7,15.2,100.0,9.19,0,0,0,0,1,27,1,8,0,0,8,0,0,27,11,0,1,1,1,7809,13.571428571428571,0,0,1,0,0,1,0,0,0,1,0,0,0,1,1,1,0,9,0.00012805736970162632,1
1,5.1,1,8,1,5,0.0,0.0,3.9,0,0,0,0,0,2,11,6,0,0,6,7,0,0,4,0,1,1,1,1708,12.6,0,1,0,0,0,1,0,0,0,1,0,0,1,1,0,0,0,8,0.006440281030444965,1
3,5.02,0,10,6,4,21.5,3.2,6.73,0,0,0,0,1,0,0,17,1,24,1,6,5,0,3,0,1,1,1,4869,11.75,0,1,0,0,0,0,1,0,0,1,0,1,1,1,1,0,0,10,0.0,1
2,6.46,2,8,3,4,8.8,100.0,6.86,0,0,0,1,1,26,3,0,0,0,3,0,0,19,6,42,0,1,1,4321,14.5,0,1,1,0,0,0,1,0,0,1,0,0,1,1,1,1,1,8,0.0006942837306179125,1
2,5.16,2,11,3,4,7.6,1.0,15.14,0,0,0,0,1,4,0,4,7,0,0,2,10,6,1,0,1,1,1,3336,13.75,0,1,1,0,1,0,0,1,0,0,0,1,1,1,1,1,0,9,0.0,1
1,6.29,3,10,1,3,0.0,0.0,5.46,0,0,0,0,0,0,0,5,0,0,2,0,7,0,0,5,1,1,0,2103,18.333333333333332,0,1,1,0,0,0,0,0,0,1,0,1,1,1,1,0,0,8,0.0,1
7,6.35,0,11,7,8,9.0,11.3,8.48,0,0,0,115,1,7,192,28,1,0,8,12,0,3,0,0,1,1,1,14858,13.5,0,1,0,0,0,1,0,0,0,1,0,1,0,0,1,1,1,9,0.012922331403957463,1
2,7.73,1,9,3,7,27.5,100.0,8.24,0,0,0,0,0,2,1,8,0,0,0,1,0,1,0,0,1,1,1,4993,9.285714285714286,0,0,0,0,0,1,0,1,0,0,0,0,0,1,1,1,0,9,0.0002002803925495694,1
2,5.45,4,10,6,5,7.1,100.0,6.47,0,0,1,0,1,11,1,9,2,0,24,5,0,15,0,0,1,1,0,3686,13.4,0,0,1,0,0,0,0,1,0,0,0,1,1,1,1,1,0,7,0.00027129679869777537,1
3,5.37,1,11,5,4,13.0,0.6,14.02,0,0,0,0,1,15,8,2,0,11,10,8,1,4,1,0,1,1,1,5206,14.25,0,1,0,0,0,0,1,0,1,0,0,1,1,1,0,0,0,9,0.001536688436419516,1
2,3.8,1,11,8,7,19.2,81.7,3.83,1,0,0,0,0,2,3,4,0,0,5,0,0,7,11,0,0,1,1,2457,10.285714285714286,0,1,0,0,0,0,0,0,0,1,0,1,0,1,1,1,0,7,0.001221001221001221,1
1,6.8,0,9,3,7,33.3,100.0,17.82,1,1,1,3,0,6,0,3,0,2,0,0,5,1,0,0,1,1,1,2272,13.571428571428571,0,1,0,0,0,0,1,0,0,1,0,0,0,1,1,1,0,10,0.0,1
3,8.32,1,10,3,1,7.6,0.0,2.52,0,0,0,0,1,6,5,3,0,0,4,4,0,18,4,3,1,1,1,8065,10.0,0,1,0,0,0,1,0,0,0,0,1,1,1,1,0,0,0,10,0.0006199628022318661,1
2,6.5,0,9,9,6,24.8,100.0,16.6,1,0,0,0,0,3,5,7,1,0,10,0,2,1,5,0,1,1,1,4341,13.666666666666666,0,1,0,0,0,0,1,0,0,1,0,0,0,1,1,0,0,8,0.001151808339092375,1
1,9.29,0,9,10,6,20.7,100.0,12.04,1,1,1,0,0,4,5,4,0,0,0,1,0,1,2,0,1,1,1,3103,13.666666666666666,0,1,0,0,0,0,1,0,0,1,0,0,0,1,1,0,0,7,0.0016113438607798904,1
2,4.89,0,11,4,6,34.1,84.6,6.95,1,0,0,0,0,2,38,3,0,0,0,3,0,0,8,0,1,1,1,3274,15.0,0,1,0,0,0,1,0,0,0,1,0,1,0,1,1,1,0,8,0.011606597434331093,1
3,3.11,1,11,3,4,16.0,0.0,9.14,0,0,0,0,1,0,1,0,10,16,4,0,1,6,0,18,1,1,0,3019,14.25,0,1,0,0,0,0,0,0,1,0,0,1,1,1,1,0,0,9,0.0003312355084465055,1
3,6.99,0,10,4,4,18.2,100.0,6.43,1,1,1,2,1,9,5,0,0,0,0,15,11,4,4,1,1,1,1,6991,11.5,0,1,0,0,0,0,0,0,0,0,0,1,1,1,1,1,1,10,0.0007152052639107423,1
4,4.45,4,10,5,7,46.1,1.2,6.26,0,0,0,0,1,32,3,0,8,0,9,12,57,2,1,0,1,1,1,5753,14.285714285714286,0,1,1,0,0,0,1,0,0,1,0,1,0,1,1,1,0,9,0.0005214670606640013,1
4,1.49,3,11,2,2,23.0,100.0,3.39,0,0,1,7,1,1,4,8,1,0,6,0,11,4,3,3,1,1,1,1930,17.5,0,1,1,0,0,0,1,0,0,1,0,1,1,0,1,1,1,10,0.002072538860103627,1
2,6.85,2,8,1,1,0.0,0.0,4.93,0,0,0,9,1,3,15,10,20,0,34,0,11,0,0,0,1,1,1,4574,8.0,0,1,1,0,0,0,1,0,0,1,0,0,1,1,0,1,1,9,0.003279405334499344,1
2,6.24,0,9,6,5,15.4,99.1,7.54,0,0,0,6,1,0,0,14,1,0,0,0,0,12,3,0,1,1,1,4166,13.4,0,0,0,0,0,1,0,0,0,1,0,0,1,1,0,0,0,8,0.0,1
3,5.38,4,10,5,4,11.3,0.0,8.76,0,0,0,2,0,3,75,1,0,0,2,6,13,0,0,0,1,1,0,5217,11.25,0,1,1,0,0,0,1,0,0,1,0,1,1,1,1,0,0,7,0.01437607820586544,1
2,7.03,2,9,3,7,13.7,100.0,4.81,1,0,0,0,1,3,20,0,0,0,0,6,0,0,0,0,1,1,0,4544,14.0,0,1,1,0,0,0,0,0,0,1,0,0,0,1,1,1,0,7,0.0044014084507042256,1
1,8.07,1,9,3,5,10.5,100.0,9.75,1,0,0,1,1,4,18,7,3,3,0,3,0,0,0,0,1,1,0,2694,13.2,0,1,0,0,1,0,0,0,0,1,0,0,1,1,1,1,0,8,0.0066815144766146995,1
4,4.69,0,9,8,5,18.5,0.8,2.76,0,0,0,0,0,8,17,4,0,0,0,19,0,78,0,0,1,1,1,6263,13.2,0,1,0,0,1,0,0,0,0,1,0,0,1,0,1,1,0,8,0.002714354143381766,1
2,4.87,1,10,4,4,37.0,32.1,7.52,1,1,0,0,1,3,2,2,7,0,40,0,5,0,0,1,1,1,1,3261,13.25,0,1,0,0,0,1,0,0,0,1,0,1,1,1,1,1,0,9,0.0006133088009812941,1
4,3.18,0,11,2,4,53.4,0.0,2.09,0,0,0,9,1,9,64,0,6,0,0,2,0,13,0,0,1,1,1,4280,11.75,0,0,0,0,0,0,1,0,0,1,0,1,1,0,1,1,1,7,0.014953271028037384,1
3,7.18,1,8,4,7,16.9,87.3,7.6,0,0,0,1,1,4,12,124,5,0,2,2,3,19,0,0,1,1,1,7200,11.285714285714286,0,1,0,0,0,0,1,0,0,1,0,0,0,1,1,1,1,9,0.0016666666666666668,1
1,6.58,2,10,6,7,12.9,83.9,13.82,0,0,1,2,1,9,0,2,8,5,5,13,0,0,0,10,1,1,0,2200,15.428571428571429,0,1,1,0,0,0,0,0,0,1,0,1,0,1,0,1,1,9,0.0,1
1,7.01,0,9,2,2,18.5,100.0,21.54,0,0,0,0,0,3,8,0,8,0,0,0,0,6,0,12,0,1,1,2344,9.5,0,1,0,0,0,0,1,0,0,1,0,0,1,1,1,0,0,6,0.0034129692832764505,1
1,6.23,0,10,4,5,20.0,6.7,14.29,0,0,0,0,0,1,2,0,0,0,0,0,0,6,1,0,1,1,1,2085,14.0,0,0,0,0,0,0,1,0,0,1,0,1,1,1,1,1,0,7,0.0009592326139088729,1
7,7.17,2,11,11,7,3.8,51.3,2.78,0,0,0,0,0,7,45,8,12,4,11,30,3,1,0,0,1,1,1,16219,16.285714285714285,0,1,1,0,0,0,1,0,0,1,0,1,0,0,1,0,0,9,0.0027745237067636724,1
3,3.79,7,10,3,4,28.6,100.0,4.65,0,0,0,0,1,0,11,2,1,0,0,5,25,2,13,0,1,1,1,3800,15.75,0,1,1,0,0,0,0,0,0,1,0,1,1,1,0,0,0,9,0.0028947368421052633,1
3,3.73,0,12,5,2,49.7,4.1,3.89,0,0,1,1,0,3,11,0,52,0,5,3,0,0,0,0,1,1,1,3738,11.0,0,1,0,0,0,0,1,1,0,0,0,1,1,1,1,0,0,8,0.0029427501337613697,1
1,4.92,9,10,8,8,5.8,100.0,5.17,0,0,0,33,1,3,2,2,0,1,1,0,10,2,0,5,1,1,0,1625,16.25,0,1,1,0,0,0,1,0,0,1,0,1,0,1,0,1,1,9,0.0012307692307692308,1
1,8.78,0,10,5,3,31.6,0.0,8.66,0,0,1,6,1,3,14,11,0,0,8,0,2,26,0,0,1,1,1,2837,10.0,0,1,0,0,0,0,1,1,0,0,0,1,1,1,1,1,1,8,0.004934790271413465,1
2,8.03,2,8,2,4,30.7,100.0,8.68,1,1,0,0,0,9,58,0,0,0,0,0,0,0,0,0,0,1,1,5362,11.75,0,1,1,0,1,0,0,0,1,0,0,0,1,1,1,1,0,7,0.01081685938082805,1
5,6.08,0,10,5,4,11.1,0.0,5.64,0,0,0,0,0,1,5,26,0,0,8,0,37,26,2,0,1,1,1,9819,11.25,0,1,0,0,0,0,0,0,0,1,0,1,1,1,1,0,0,9,0.0005092168245238823,1
3,3.97,2,10,2,4,17.6,0.0,4.97,1,0,0,21,0,3,8,3,0,0,10,0,31,0,0,0,1,1,1,3849,15.0,0,1,1,0,0,1,0,0,0,1,0,1,1,1,1,1,0,8,0.0020784619381657575,1
5,3.96,2,11,6,3,6.5,100.0,8.63,0,0,0,1,1,3,3,0,0,0,1,7,3,6,3,21,1,1,1,6400,10.666666666666666,0,1,1,0,0,0,0,0,1,0,0,1,1,1,1,0,1,10,0.00046875,1
2,3.2,4,12,2,3,21.4,100.0,8.52,0,0,0,0,0,4,1,0,0,0,7,0,4,9,3,0,0,1,1,2135,14.666666666666666,0,1,1,0,0,0,1,1,0,0,0,1,1,1,0,0,0,6,0.000468384074941452,1
4,4.74,0,12,5,5,24.2,93.2,3.84,0,0,0,1,1,3,3,5,13,7,1,0,8,2,6,0,1,1,1,6129,11.0,0,1,0,0,0,0,0,0,0,1,0,1,1,1,1,1,1,9,0.0004894762604013706,1
2,5.75,7,9,8,5,15.1,9.6,2.35,0,0,0,1,1,2,4,3,0,0,17,13,0,26,0,0,1,1,0,3844,25.8,0,1,1,0,0,0,1,0,0,1,0,0,1,1,0,1,1,7,0.001040582726326743,1
1,9.49,1,10,6,6,20.3,100.0,8.94,1,0,0,0,0,1,4,2,0,11,0,9,5,8,0,5,1,1,1,3171,12.833333333333334,0,1,0,0,0,0,1,0,0,1,0,1,0,1,1,1,0,10,0.001261431725007884,1
3,3.53,0,10,7,8,8.2,5.5,7.38,0,0,0,3,0,2,14,0,39,0,0,0,9,0,0,0,1,1,1,3426,19.25,0,1,0,0,0,0,1,0,1,0,0,1,0,1,1,1,1,8,0.004086398131932283,1
1,4.94,1,10,2,4,23.5,0.0,2.16,0,0,0,3,0,2,8,2,0,0,9,0,0,0,0,0,1,1,0,1597,15.0,0,0,0,0,0,1,0,1,0,0,0,1,1,1,1,0,0,6,0.005009392611145898,1
1,5.14,0,12,1,6,0.0,100.0,5.7,0,0,0,1,1,2,3,0,0,0,0,0,0,20,1,0,1,1,1,1717,13.166666666666666,0,1,0,0,1,0,0,0,0,1,0,1,0,1,0,0,1,5,0.0017472335468841002,1
1,6.41,1,10,7,5,20.6,100.0,10.14,0,0,0,1,1,12,13,0,0,0,1,2,10,0,0,0,1,1,0,2142,15.4,0,1,0,0,1,0,0,0,0,1,0,1,1,1,1,1,1,8,0.006069094304388422,1
2,6.54,0,9,5,6,42.7,11.5,8.46,1,0,1,0,0,1,52,5,0,0,0,0,0,0,0,0,1,1,0,4371,10.666666666666666,0,0,0,0,0,0,0,0,0,1,0,0,0,1,1,1,0,7,0.011896591169068863,1
2,6.12,0,9,9,7,28.6,7.1,3.83,1,0,0,1,1,2,3,9,29,0,0,0,20,0,7,0,1,1,1,3952,13.571428571428571,0,1,0,0,0,1,0,0,0,1,0,0,0,1,1,1,1,9,0.0007591093117408907,1
2,5.15,2,11,5,5,30.6,87.4,7.47,1,1,1,2,1,0,2,0,0,0,15,5,2,48,0,0,1,1,0,3326,13.4,0,0,1,0,0,0,0,0,0,1,0,1,1,1,1,1,1,5,0.0006013229104028864,1
1,6.71,0,9,4,4,14.4,98.2,2.75,0,0,0,1,0,2,2,10,5,7,9,4,2,1,0,0,1,1,1,2246,17.25,0,1,0,0,0,0,0,0,0,1,0,0,1,1,1,0,0,10,0.0008904719501335708,1
2,5.07,0,8,3,7,28.8,100.0,4.02,1,0,0,0,0,0,0,4,0,1,3,3,0,0,0,0,1,1,1,3386,12.428571428571429,0,1,0,0,1,0,0,0,0,1,0,0,0,1,0,0,0,8,0.0,1
3,3.32,1,10,4,4,19.0,75.2,16.56,0,0,0,0,1,2,26,2,0,0,9,4,1,1,0,0,1,1,1,3220,11.25,0,1,0,0,0,0,1,0,0,1,0,1,1,1,1,0,0,8,0.008074534161490683,1
3,5.8,2,10,8,4,13.0,100.0,6.01,0,0,0,0,1,6,27,58,0,0,2,0,8,5,3,0,1,1,1,5627,12.0,0,1,1,0,0,0,1,0,1,0,0,1,1,1,0,0,0,8,0.004798293939932468,1
4,5.69,3,12,3,6,4.6,0.4,4.71,0,0,0,0,1,11,3,6,53,0,13,18,55,8,0,0,1,1,1,7612,13.666666666666666,0,1,1,0,1,0,0,1,0,0,0,1,0,0,0,0,0,9,0.00039411455596426696,1
1,7.9,1,9,3,6,10.2,100.0,6.2,0,0,0,1,1,5,6,7,2,3,0,1,0,0,0,11,1,1,1,2637,12.666666666666666,0,1,0,0,1,0,0,0,0,1,0,0,0,1,1,1,0,10,0.0022753128555176336,1
4,6.67,0,10,3,6,23.5,3.4,6.09,0,0,0,1,1,3,16,3,7,7,4,1,4,4,5,0,1,1,1,8922,9.833333333333334,0,1,0,0,0,0,0,0,0,1,0,1,0,0,1,1,1,10,0.0017933198834342075,1
2,5.72,0,10,8,8,13.4,68.8,9.39,0,0,0,0,0,2,1,6,17,4,24,0,0,0,0,0,0,1,1,3824,12.75,0,1,0,0,0,0,0,0,0,0,0,1,0,1,1,0,0,8,0.0002615062761506276,1
5,4.65,0,12,6,4,25.9,31.2,3.57,0,0,0,1,1,16,16,0,13,0,0,0,9,0,0,0,1,1,1,7518,14.5,0,0,0,0,0,0,0,1,0,0,0,1,1,0,0,0,0,8,0.002128225591912743,1
1,4.69,2,11,5,3,0.0,100.0,3.43,0,0,0,0,0,3,1,3,0,0,7,4,0,0,0,0,1,1,1,1517,11.333333333333334,0,1,1,0,0,0,1,0,0,1,0,1,1,1,0,0,0,8,0.0006591957811470006,1
3,4.53,0,10,4,3,18.1,100.0,8.35,1,0,0,1,1,1,27,10,0,0,1,0,0,0,0,0,1,1,1,4390,16.0,0,0,0,0,1,0,0,0,0,1,0,1,1,1,0,0,0,8,0.0061503416856492025,1
5,6.77,1,11,6,6,26.3,15.5,6.48,0,0,0,0,0,4,14,0,2,0,10,1,15,0,0,0,1,1,1,10940,12.333333333333334,0,0,0,0,0,0,0,0,1,0,0,1,0,1,1,1,0,8,0.001279707495429616,1
4,4.36,2,12,3,3,0.0,0.6,5.0,0,0,1,0,1,0,2,0,5,0,0,6,1,1,2,0,1,1,1,5631,14.0,0,0,1,0,0,0,1,1,0,0,0,1,1,0,1,1,0,9,0.0003551767004084532,1
5,3.69,0,12,6,6,16.0,97.7,6.29,1,1,1,25,1,3,1,1,3,0,0,5,1,0,12,3,1,1,1,5957,13.166666666666666,0,1,0,0,0,0,1,0,0,1,0,1,0,0,1,1,1,10,0.00016786973308712439,1
3,8.09,0,11,4,3,2.3,4.0,8.33,0,0,0,0,1,1,0,22,0,0,2,0,3,3,3,0,1,1,1,7843,12.0,0,0,0,0,0,0,1,1,0,0,0,1,1,1,1,1,0,8,0.0,1
2,6.22,0,10,7,3,27.9,95.3,8.3,0,0,0,4,1,0,1,3,0,0,0,0,3,3,0,0,1,1,0,4160,19.333333333333332,0,0,0,0,0,0,1,0,0,1,0,1,1,1,1,0,0,7,0.0002403846153846154,1
2,7.51,1,11,5,5,16.8,76.6,9.28,1,0,0,1,1,8,1,5,8,0,6,0,4,2,2,0,1,1,1,4851,12.4,0,0,0,0,0,0,1,0,0,1,0,1,1,1,1,1,0,8,0.00020614306328592042,1
1,6.49,6,8,1,8,0.0,100.0,1.86,0,0,0,8,0,31,6,2,0,0,4,6,0,3,0,0,1,1,1,2097,11.75,0,1,1,0,0,0,0,0,0,1,0,0,0,1,1,1,1,8,0.002861230329041488,1
7,4.95,2,12,5,2,26.0,1.4,7.67,0,0,1,0,0,5,3,0,0,22,25,20,0,43,0,25,1,1,1,11582,14.0,0,1,1,0,0,0,0,0,1,0,0,1,1,0,1,1,0,9,0.0002590226213089276,1
1,9.45,0,9,4,6,24.7,0.0,5.88,0,0,0,4,1,0,1,5,0,0,0,0,1,2,0,1,1,1,1,3053,11.333333333333334,0,1,0,0,0,0,1,0,0,0,1,0,0,1,0,0,1,9,0.00032754667540124465,1
7,2.87,3,11,5,9,13.1,8.6,3.78,1,0,1,1,1,24,18,5,1,15,1,6,24,24,9,4,1,1,1,6494,13.666666666666666,0,1,1,0,0,0,1,1,0,0,0,1,0,0,1,1,1,10,0.002771789344009855,1
4,5.32,0,10,5,6,7.9,0.2,8.83,0,0,1,1,0,17,33,4,4,2,3,3,7,16,5,0,1,1,1,7106,11.833333333333334,0,1,0,0,0,0,1,0,0,1,0,1,0,0,1,1,1,9,0.0046439628482972135,1
2,5.65,2,10,2,4,12.7,0.0,10.92,1,0,0,12,0,8,1,0,0,0,4,3,0,23,0,0,1,1,1,3650,15.0,0,1,1,0,0,0,1,0,0,1,0,1,1,1,1,0,0,8,0.000273972602739726,1
4,3.68,0,10,7,2,14.9,4.6,6.39,0,0,0,0,1,6,11,5,13,2,1,4,6,24,0,1,1,1,0,4757,11.0,0,1,0,0,0,1,0,0,0,0,1,1,1,1,0,0,0,9,0.002312381753205802,1
4,7.86,5,10,3,3,0.0,100.0,16.21,0,0,0,0,0,0,0,0,0,2,0,3,5,10,16,0,1,1,1,10497,11.0,0,0,1,0,0,0,1,0,0,1,0,1,1,1,0,0,0,7,0.0,1
1,8.03,2,9,4,6,16.4,100.0,11.14,1,0,0,0,1,0,2,0,0,0,3,1,0,11,0,9,1,1,0,2686,13.333333333333334,0,1,1,0,0,0,0,0,0,0,0,0,0,1,0,0,0,8,0.0007446016381236039,1
1,9.15,0,8,7,7,63.8,94.2,6.98,0,0,0,4,1,33,2,0,0,0,10,0,0,0,0,0,1,1,1,3058,34.42857142857143,0,1,0,0,0,0,1,0,0,1,0,0,0,1,0,1,0,9,0.0006540222367560497,1
2,5.44,4,9,3,5,18.9,100.0,8.45,1,0,0,1,1,1,31,0,0,14,0,7,0,0,0,0,1,1,1,3633,13.2,0,1,1,0,1,0,0,0,0,1,0,0,1,1,1,1,0,9,0.00853289292595651,1
1,7.16,0,8,3,7,26.8,100.0,6.41,1,0,0,1,0,4,18,0,2,0,5,1,0,0,5,4,1,1,1,2392,10.285714285714286,0,1,0,0,0,0,0,0,0,0,0,0,0,1,1,1,0,10,0.007525083612040134,1
4,6.75,0,12,3,3,31.8,100.0,4.44,1,0,0,0,1,6,0,0,0,0,94,0,0,0,0,0,1,1,1,9013,12.0,1,0,0,0,1,0,0,0,0,1,0,1,1,0,1,1,0,9,0.0,1
4,2.45,6,9,4,5,20.2,0.9,2.61,0,0,0,43,1,4,5,4,0,0,3,1,0,0,7,0,1,1,1,3277,16.4,0,1,1,0,0,0,1,1,0,0,0,0,1,0,1,1,1,7,0.0015257857796765334,1
3,10.04,0,8,5,4,18.7,5.9,7.42,0,0,0,0,1,4,23,2,32,0,0,10,3,32,4,0,1,1,1,10057,10.5,0,0,0,0,0,0,1,0,0,1,0,0,1,1,1,0,0,8,0.0022869643034702197,1
7,5.46,0,11,5,2,21.1,0.2,3.14,0,0,0,1,1,2,6,17,7,0,1,23,0,4,9,2,1,1,1,12788,10.5,0,1,0,0,0,0,1,0,1,0,0,1,1,0,1,1,0,9,0.00046918986549890525,1
2,5.87,3,9,7,4,25.5,87.7,8.95,1,1,0,0,1,1,0,2,0,0,7,1,1,3,9,9,1,1,1,3792,11.25,0,0,1,0,0,0,0,0,0,1,0,0,1,1,1,1,0,9,0.0,1
3,2.73,4,10,4,6,22.3,3.9,9.39,0,0,0,2,0,15,7,0,0,0,2,3,0,12,0,3,1,1,1,2743,15.0,0,1,1,0,0,0,1,1,0,0,0,1,0,1,0,1,1,8,0.0025519504192489974,1
2,5.29,1,9,3,6,41.3,100.0,7.1,0,0,0,1,0,0,1,4,3,7,4,2,4,0,2,5,1,1,1,3538,13.5,0,1,0,0,0,0,1,0,0,1,0,0,0,1,1,1,0,10,0.0002826455624646693,1
3,4.3,1,9,4,7,7.5,100.0,4.27,1,0,0,19,1,2,1,6,0,28,2,31,0,0,7,0,1,1,1,4305,10.857142857142858,0,1,0,0,0,0,0,0,0,0,0,0,0,1,1,1,1,10,0.00023228803716608595,1
4,2.76,0,10,3,4,27.8,4.1,13.52,1,0,0,1,1,0,4,23,0,0,5,2,0,0,0,0,1,1,1,3565,13.0,0,0,0,1,0,0,0,1,0,0,0,1,1,1,1,1,0,8,0.0011220196353436186,1
2,5.07,2,10,5,4,8.2,10.1,4.32,0,0,0,0,0,4,11,6,0,0,9,6,28,1,0,0,1,1,1,3278,15.75,0,1,1,0,0,0,0,1,0,0,0,1,1,1,0,0,0,8,0.003355704697986577,1
2,3.56,7,12,2,3,21.2,0.0,1.81,0,0,0,0,0,0,17,11,0,0,8,0,0,0,0,0,0,1,1,2298,12.333333333333334,1,0,1,0,0,0,1,1,0,0,0,1,1,1,1,1,0,8,0.0073977371627502175,1
2,5.85,1,10,5,8,28.6,0.0,8.81,1,0,0,76,1,22,6,13,1,0,0,5,0,11,0,24,1,1,1,3904,12.75,0,1,0,0,1,0,0,0,1,0,0,1,0,1,1,1,1,9,0.0015368852459016393,1
1,6.22,1,11,3,2,2.9,14.3,7.27,0,0,0,0,1,0,2,0,0,0,5,1,3,1,4,8,1,1,1,2009,15.5,0,1,0,0,1,0,0,0,1,0,0,1,1,1,1,0,0,9,0.0009955201592832255,1
1,3.71,2,12,4,7,15.4,100.0,8.89,1,0,1,4,1,10,0,0,3,0,0,0,0,23,0,4,0,1,0,1242,19.571428571428573,0,1,1,0,0,0,1,0,0,1,0,1,0,1,1,1,0,7,0.0,1
1,17.75,0,14,4,5,0.4,100.0,3.58,0,0,0,1,1,11,53,7,0,0,0,5,0,0,0,0,1,1,0,12514,15.6,0,1,0,0,0,0,1,0,0,1,0,1,1,1,1,1,1,5,0.00423525651270577,1
2,5.08,1,11,4,3,5.6,1.4,7.62,0,0,0,0,1,8,149,0,0,0,14,0,0,0,0,0,0,1,1,3400,17.0,0,1,0,0,0,0,0,1,0,0,0,1,1,1,0,0,0,7,0.043823529411764706,1
3,3.75,1,12,4,5,9.7,24.8,7.13,0,0,0,15,0,0,1,3,0,0,12,1,0,0,1,0,1,1,1,3760,13.2,0,1,0,0,0,0,0,0,0,1,0,1,1,1,1,1,1,9,0.00026595744680851064,1
2,5.33,1,10,5,3,11.0,7.7,6.01,1,1,1,0,0,2,5,7,0,0,16,15,0,0,5,1,1,1,1,3447,19.666666666666668,0,1,0,0,1,0,0,0,0,1,0,1,1,1,1,1,0,10,0.001450536698578474,1
3,4.94,0,11,2,5,23.5,100.0,14.64,0,0,0,8,1,7,3,7,0,0,8,0,1,1,2,0,1,1,1,4957,14.8,0,0,0,0,0,0,1,0,0,1,0,1,1,1,1,0,0,9,0.0006052047609441194,1
3,2.89,0,12,3,3,41.4,0.6,9.13,0,0,0,1,1,2,2,0,6,0,0,1,0,5,15,0,1,1,1,2798,11.0,0,1,0,1,0,0,0,1,0,0,0,1,1,1,0,0,1,6,0.0007147962830593281,1
1,9.23,0,12,6,6,24.8,86.4,4.63,0,0,0,3,1,2,4,5,0,0,0,1,3,0,9,8,1,1,1,2981,15.0,0,1,0,0,0,0,0,0,0,1,0,1,0,1,0,0,0,10,0.0013418316001341832,1
6,6.9,14,10,2,5,0.0,54.9,2.25,0,0,0,0,1,11,3,0,0,0,7,0,1,74,1,0,1,1,1,13375,11.6,0,0,1,0,0,0,1,0,0,1,0,1,1,0,0,0,0,9,0.00022429906542056075,1
2,4.97,0,10,4,3,28.9,92.2,15.76,1,0,0,0,0,4,4,1,0,0,0,6,2,5,5,0,1,1,1,3327,13.333333333333334,0,0,0,0,0,0,1,0,0,0,0,1,1,1,1,1,0,7,0.0012022843402464682,1
2,8.61,0,8,5,4,30.7,3.1,12.77,0,0,1,8,0,1,0,3,0,4,5,2,1,3,1,0,1,1,1,5759,11.25,0,1,0,0,0,0,0,0,1,0,0,0,1,1,1,1,1,9,0.0,1
3,5.34,0,9,3,7,37.6,100.0,9.27,1,1,0,1,1,6,0,2,2,0,18,11,0,21,9,1,1,1,1,5348,10.285714285714286,0,1,0,0,0,0,0,0,0,0,0,0,0,1,1,1,0,10,0.0,1
1,9.11,1,9,3,5,8.8,100.0,3.49,0,0,0,0,1,1,5,1,0,0,0,3,0,0,0,0,1,1,1,3044,13.2,0,0,0,0,1,0,0,0,0,1,0,0,1,1,1,1,0,7,0.0016425755584756898,1
7,5.33,1,10,4,3,44.5,0.0,7.64,0,0,1,0,1,3,8,5,8,0,1,0,0,0,5,0,0,1,1,12479,11.0,0,1,0,0,0,0,1,0,1,0,0,1,1,0,1,0,0,8,0.0006410770093757512,1
9,4.28,0,12,3,1,20.8,0.0,7.08,0,0,0,0,1,57,2,0,0,0,0,11,14,31,0,0,1,1,0,12436,12.0,0,1,0,0,0,0,0,1,0,0,0,1,1,0,1,1,0,8,0.0001608234158893535,1
1,5.71,0,10,4,2,32.4,11.8,12.2,0,0,1,0,0,16,1,10,0,0,0,4,0,4,1,0,1,1,1,1845,11.0,0,1,0,0,0,0,1,1,0,0,0,1,1,1,1,1,0,7,0.0005420054200542005,1
3,6.78,3,10,5,9,14.4,2.1,9.06,0,0,0,6,1,2,14,0,0,0,26,4,0,13,39,0,1,1,1,6572,12.444444444444445,0,0,1,0,0,1,0,0,0,1,0,1,0,1,1,1,1,6,0.002130249543517955,1
2,3.64,5,9,7,5,28.3,97.0,9.12,0,0,0,0,0,6,5,0,0,0,0,21,0,11,0,0,1,1,1,2354,14.8,0,1,1,0,0,0,0,0,0,1,0,0,1,1,1,1,0,6,0.0021240441801189465,1
3,5.05,8,9,6,3,23.3,11.3,6.51,0,0,0,1,0,5,10,0,0,0,0,22,1,34,5,0,1,1,1,4900,18.0,0,1,1,0,0,0,1,0,1,0,0,0,1,1,0,0,0,6,0.0020408163265306124,1
3,6.72,0,9,7,7,26.5,100.0,4.83,1,0,0,1,1,1,0,15,1,0,4,0,8,0,49,0,1,1,1,6726,11.0,0,1,0,0,1,0,0,0,0,0,0,0,0,1,1,1,0,9,0.0,1
2,6.79,0,10,4,4,27.1,100.0,17.25,1,0,1,0,0,5,6,3,2,0,0,1,0,2,1,0,1,1,1,4386,12.75,0,0,0,0,0,0,1,0,0,1,0,1,1,1,0,0,0,8,0.0013679890560875513,1
1,6.39,4,10,5,7,7.7,77.7,2.56,0,0,0,1,0,7,3,2,0,0,0,16,0,2,1,0,1,1,1,2342,13.857142857142858,0,1,1,0,0,0,1,0,0,1,0,1,0,1,0,0,0,8,0.0012809564474807857,1
2,9.58,1,9,4,4,3.2,100.0,7.53,0,0,1,0,1,0,46,23,0,0,12,3,0,3,0,0,1,1,1,6400,13.75,0,0,0,0,0,1,0,0,0,1,0,0,1,1,0,0,0,9,0.0071875,1
2,4.42,4,11,4,3,13.8,100.0,8.79,1,0,0,0,0,11,0,6,0,0,22,0,0,0,0,0,1,1,1,2955,16.666666666666668,1,0,1,0,0,0,0,0,0,1,0,1,1,1,0,0,0,9,0.0,1
3,6.59,2,10,8,8,20.6,25.0,7.55,1,1,0,4,1,5,2,0,0,0,1,1,6,0,0,0,1,1,0,6389,11.375,0,1,1,0,1,0,0,0,0,1,0,1,0,1,1,1,0,7,0.0003130380341211457,1
2,7.31,0,8,4,6,0.0,100.0,5.05,1,0,1,1,1,19,10,20,0,0,0,10,0,0,0,3,1,1,1,4895,19.166666666666668,0,1,0,0,1,0,0,0,0,1,0,0,0,1,1,1,0,9,0.0020429009193054137,1
2,3.1,7,10,5,5,37.5,100.0,10.76,0,0,0,0,1,5,3,0,0,0,4,0,2,2,10,0,1,1,1,2001,12.2,0,1,1,0,0,0,1,0,0,1,0,1,1,1,1,1,0,8,0.0014992503748125937,1
3,4.63,0,12,5,3,26.2,76.5,5.57,1,0,0,1,0,14,15,9,0,3,4,0,3,16,0,0,1,1,1,4490,12.333333333333334,0,1,0,0,0,0,0,0,0,1,0,1,1,1,1,1,1,9,0.0033407572383073497,1
10,2.82,0,12,8,7,8.8,2.5,7.71,0,0,0,2,0,28,11,0,0,0,0,0,2,7,1,7,1,1,1,9125,10.285714285714286,0,1,0,0,0,0,1,1,0,0,0,1,0,0,0,0,1,10,0.0012054794520547946,1
6,4.77,1,12,8,2,12.0,4.1,8.0,1,1,1,0,0,3,6,16,8,0,5,13,18,0,0,0,1,1,0,9553,11.5,0,1,0,0,0,0,0,1,0,0,0,1,1,0,1,1,0,7,0.0006280749502773998,1
1,5.22,1,11,5,7,0.0,100.0,8.57,0,0,0,1,1,4,6,2,3,0,0,15,2,2,2,0,1,1,1,1747,18.285714285714285,0,1,0,0,0,1,0,0,0,1,0,1,0,1,1,1,1,7,0.0034344590726960505,1
3,7.78,5,10,8,7,31.2,0.0,5.37,0,0,0,5,0,5,82,0,2,0,0,4,0,0,6,0,1,1,1,7795,11.285714285714286,0,0,1,0,0,0,1,0,0,1,0,1,0,1,1,0,0,8,0.010519563822963438,1
3,8.35,0,9,3,5,13.2,100.0,1.97,1,0,1,0,1,9,80,0,0,0,0,0,0,11,0,0,1,1,1,8373,13.4,1,0,0,0,0,1,0,0,0,0,0,0,1,1,1,1,0,9,0.009554520482503284,1
1,6.71,2,9,3,5,10.4,100.0,10.51,0,0,0,1,1,0,41,0,0,0,0,0,0,0,0,0,1,1,0,2244,21.4,0,1,1,0,0,0,1,0,0,1,0,0,1,1,0,0,1,2,0.018270944741532978,1
1,5.83,1,8,5,3,26.5,50.0,15.97,0,0,0,0,0,2,18,8,0,0,0,6,0,0,0,0,1,1,0,1885,14.666666666666666,0,1,0,0,0,0,0,0,0,1,0,0,1,1,1,1,0,5,0.009549071618037135,1
3,7.58,5,9,7,10,16.3,0.1,2.23,0,0,1,8,0,0,19,6,1,0,4,11,7,0,2,1,1,1,1,7348,9.8,0,1,1,0,0,0,1,0,0,1,0,0,0,1,1,1,1,10,0.0025857376156777356,1
2,6.86,0,12,6,4,31.4,55.6,4.33,0,0,0,0,0,0,17,14,0,0,0,0,0,0,3,0,1,1,1,4583,16.25,0,1,0,0,0,0,0,0,0,1,0,1,1,1,1,1,0,8,0.0037093606807767836,1
6,4.37,0,11,8,6,32.7,36.8,6.72,0,0,1,8,1,6,5,0,6,1,0,3,3,6,6,0,1,1,1,8464,13.166666666666666,0,1,0,0,0,1,0,0,1,0,0,1,0,0,1,1,1,9,0.0005907372400756144,1
7,2.28,2,12,4,7,14.2,0.0,4.81,1,1,1,16,1,7,5,17,0,12,5,4,14,45,5,0,1,1,1,5333,14.571428571428571,0,1,1,0,0,0,1,0,0,1,0,1,0,1,0,0,1,9,0.0009375585974123383,1
1,8.17,0,9,5,5,28.4,90.8,16.96,1,0,0,0,0,1,3,0,0,0,8,0,1,14,0,0,1,1,1,2732,11.4,0,0,0,0,0,0,1,0,0,0,0,0,1,1,1,1,0,8,0.0010980966325036604,1
2,7.61,1,9,5,12,31.3,10.7,6.77,0,0,1,2,0,5,5,0,9,0,0,2,6,20,1,3,1,1,1,5092,8.583333333333334,0,1,0,0,0,0,0,0,0,0,1,0,0,1,0,0,1,9,0.0009819324430479183,1
2,13.24,1,9,4,9,4.9,100.0,5.25,1,0,1,0,1,4,0,1,0,0,21,6,20,5,3,9,1,1,1,8847,11.222222222222221,0,0,0,0,0,0,1,0,0,1,0,0,0,1,1,1,0,9,0.0,1
6,4.97,1,11,8,5,12.5,73.0,11.75,0,0,0,3,1,2,1,13,11,0,1,1,28,2,17,3,1,1,1,9638,15.8,0,1,0,0,0,1,0,0,0,0,0,1,1,0,1,1,0,9,0.00010375596596804317,0
1,6.0,1,9,4,4,31.2,100.0,5.11,1,0,1,1,0,1,0,0,0,0,0,2,4,3,3,9,1,1,1,2007,16.75,0,0,0,0,0,1,0,0,0,1,0,0,1,1,1,1,0,8,0.0,0
3,5.74,0,10,3,8,29.5,0.0,4.05,0,0,0,19,1,3,3,12,6,0,0,0,11,1,0,0,0,1,1,4460,12.5,0,1,0,0,0,0,0,0,0,1,0,1,0,1,1,1,1,7,0.0006726457399103139,0
6,3.95,1,11,9,3,35.2,88.3,3.66,0,0,0,5,1,5,35,0,39,0,0,12,10,14,11,0,1,1,1,7663,11.0,0,1,0,0,0,0,0,0,0,1,0,1,1,0,1,1,1,7,0.004567401800861281,0
1,8.84,4,9,2,6,33.8,100.0,8.71,0,0,0,1,1,17,27,0,0,0,0,2,0,15,0,2,1,1,0,2955,13.5,0,1,1,0,0,0,1,0,0,1,0,0,0,1,1,1,1,6,0.009137055837563452,0
1,6.03,2,9,7,5,12.9,86.2,3.91,0,0,0,2,1,0,1,12,0,0,3,4,2,9,2,0,1,1,1,1949,14.6,0,1,1,0,0,0,0,0,0,1,0,0,1,1,1,0,1,7,0.000513083632632119,0
1,8.49,0,9,2,5,37.7,100.0,13.25,1,0,0,0,1,19,14,41,0,0,0,0,0,0,0,0,0,1,0,2832,14.8,0,1,0,1,0,0,0,0,0,1,0,0,1,1,0,0,0,5,0.0049435028248587575,0
5,5.36,2,10,6,7,10.5,29.8,4.36,0,0,1,0,1,25,21,0,2,20,15,0,12,69,0,0,0,1,1,8959,14.571428571428571,0,0,1,0,0,0,0,0,0,1,0,1,0,0,1,1,0,9,0.002344011608438442,0
2,7.42,4,10,4,6,1.0,100.0,2.83,0,0,1,2,1,0,0,2,0,0,10,10,8,0,0,0,1,1,1,4964,17.166666666666668,0,1,1,0,0,0,1,0,0,1,0,1,0,1,1,1,1,9,0.0,0
4,4.43,0,11,3,2,11.7,14.9,3.27,0,0,0,0,1,7,1,1,0,2,2,0,1,13,11,0,1,1,1,5922,10.5,0,1,0,0,0,0,0,1,0,0,0,1,1,0,0,0,0,8,0.00016886187098953058,0
2,8.88,0,8,4,13,16.5,90.8,7.59,0,0,0,3,1,4,0,0,0,0,11,1,5,5,2,0,1,1,1,5934,12.923076923076923,0,0,0,0,1,0,0,0,0,1,0,0,0,1,0,0,0,8,0.0,0
1,8.14,0,9,4,3,11.6,100.0,12.21,0,0,0,1,1,0,0,0,0,0,27,3,0,10,0,0,1,1,1,2722,15.0,0,0,0,0,0,0,0,0,0,1,0,0,1,1,0,1,1,7,0.0,0
1,6.77,3,10,8,10,3.6,4.8,13.19,0,0,0,5,1,2,0,11,0,0,0,3,0,1,0,0,1,1,1,2260,11.4,0,1,1,0,1,0,0,0,0,1,0,1,0,1,1,1,1,9,0.0,0
5,4.3,0,11,4,2,10.4,3.8,9.0,1,0,0,1,1,12,0,1,0,0,0,7,6,1,5,0,1,1,1,6943,12.5,0,1,0,0,1,0,0,0,1,0,0,1,1,0,1,1,1,8,0.0,0
3,5.27,3,9,6,6,38.0,8.4,13.03,1,1,1,1,0,4,2,0,0,7,5,1,2,0,0,0,1,1,1,5284,9.5,0,1,1,0,0,0,1,0,1,0,0,0,0,1,1,1,0,9,0.0003785011355034065,0
2,5.68,3,10,4,3,29.1,9.4,10.06,1,1,0,0,0,9,1,1,2,0,2,2,8,0,0,0,1,1,1,3674,11.0,0,1,1,0,0,0,1,1,0,0,0,1,1,1,1,1,0,8,0.00027218290691344586,0
7,3.86,1,11,3,5,23.0,100.0,3.9,0,0,0,0,1,14,12,13,0,3,1,0,0,25,36,4,1,1,1,8741,21.0,0,1,0,0,0,0,0,0,0,1,0,1,1,0,1,1,0,10,0.001372840636082828,0
2,8.04,0,9,5,12,34.1,3.4,4.55,0,0,1,1,1,44,29,35,11,0,5,0,0,9,0,0,0,1,1,5196,15.083333333333334,0,1,0,0,0,0,0,0,0,1,0,0,0,1,1,1,1,9,0.005581216320246343,0
2,4.61,0,9,3,5,17.0,100.0,3.6,1,1,0,0,1,3,5,0,0,1,0,2,1,11,5,0,1,1,1,3080,10.4,0,1,0,0,1,0,0,0,0,0,0,0,1,1,0,0,0,10,0.0016233766233766235,0
4,5.91,2,11,4,3,8.3,0.0,7.69,1,0,0,0,1,14,0,55,0,0,23,0,0,6,8,0,1,1,1,7637,10.666666666666666,0,1,1,0,0,0,0,0,1,0,0,1,1,1,1,1,0,8,0.0,0
1,5.45,0,10,6,2,28.6,100.0,8.53,0,0,0,0,0,1,3,0,0,0,6,15,0,0,0,0,1,1,0,1822,17.5,0,1,0,0,0,0,1,0,0,1,0,1,1,1,0,0,0,6,0.001646542261251372,0
1,4.98,1,10,5,5,16.2,25.0,3.79,0,0,0,0,1,2,5,6,0,0,0,2,3,0,1,0,1,1,1,1666,16.2,0,1,0,0,0,0,1,0,0,1,0,1,1,1,1,1,0,10,0.003001200480192077,0
3,3.93,4,10,4,3,1.7,100.0,5.93,0,0,0,3,0,4,6,0,0,0,19,13,0,7,0,29,1,1,0,3807,11.0,0,1,1,0,0,0,1,0,0,1,0,1,1,1,1,1,0,7,0.0015760441292356187,0
6,2.11,0,12,5,3,30.2,5.8,8.84,0,0,0,1,1,7,26,15,0,0,10,22,0,22,0,0,1,1,1,4093,12.333333333333334,0,1,0,0,0,0,0,1,0,0,0,1,1,1,0,1,1,9,0.006352308819936477,0
1,11.65,1,8,4,3,39.7,1.4,5.98,1,1,0,0,1,1,26,0,0,1,1,14,0,0,8,0,1,1,1,3765,13.666666666666666,0,0,0,0,0,1,0,0,0,0,0,0,1,1,1,1,0,10,0.006905710491367862,0
5,2.51,1,11,3,3,31.0,1.8,3.55,0,0,0,1,1,10,0,0,0,0,6,0,0,30,0,0,0,1,1,4199,11.0,0,1,0,0,1,0,0,1,0,0,0,1,1,0,1,1,1,8,0.0,0
2,5.78,1,10,3,5,5.8,0.0,8.18,0,0,0,1,1,0,45,1,0,0,29,12,0,0,0,0,1,1,1,3737,11.0,0,1,0,0,0,0,1,1,0,0,0,1,1,1,0,0,1,8,0.012041744715012041,0
4,3.27,2,12,6,2,25.2,82.5,12.46,0,0,1,0,0,0,14,6,14,0,1,1,45,1,0,0,1,1,0,4740,11.5,0,1,1,0,0,0,1,0,0,1,0,1,1,0,1,1,0,7,0.002953586497890295,0
2,7.95,6,8,3,4,13.2,100.0,4.12,0,0,0,0,0,7,53,1,4,0,1,0,13,0,0,0,1,1,1,5315,14.75,0,0,1,0,0,0,0,0,0,1,0,0,1,1,1,1,0,9,0.009971777986829727,0
3,5.6,2,10,2,5,21.9,100.0,7.72,0,0,0,0,1,0,9,6,0,0,0,0,0,11,1,37,1,1,1,5670,14.4,0,1,1,0,0,0,0,0,0,0,0,1,1,1,1,1,0,9,0.0015873015873015873,0
2,6.34,3,9,8,12,22.5,5.1,13.48,0,0,0,3,1,24,2,4,14,0,0,6,28,0,0,0,1,1,1,4096,10.916666666666666,0,1,1,0,0,0,0,0,0,1,0,0,0,1,0,1,1,10,0.00048828125,0
2,4.19,3,11,4,2,19.4,8.1,3.92,0,0,0,8,0,3,9,25,0,0,0,0,2,0,2,0,0,1,1,2706,12.5,0,1,1,0,0,0,0,0,1,0,0,1,1,1,0,0,1,5,0.0033259423503325942,0
4,6.02,1,11,7,5,21.4,13.5,3.04,0,0,1,1,1,3,1,1,7,3,12,2,33,3,4,0,1,1,1,8045,14.8,0,0,0,0,0,0,0,0,0,1,0,1,1,0,0,0,1,9,0.0001243008079552517,0
3,7.3,0,9,5,8,23.9,2.2,5.88,0,0,0,0,1,15,1,1,0,0,1,0,0,12,0,0,1,1,1,7323,13.5,0,0,0,0,0,0,0,0,0,1,0,0,0,1,1,1,0,10,0.00013655605626109517,0
2,3.35,2,12,6,7,37.9,95.4,6.46,0,0,0,1,0,1,2,3,0,0,2,0,0,0,0,0,1,1,0,2168,13.857142857142858,0,1,1,0,0,0,1,0,0,1,0,1,0,1,1,1,1,7,0.0009225092250922509,0
6,2.4,0,11,9,12,15.1,0.0,6.21,0,0,0,1,0,43,1,0,1,5,10,0,0,9,3,6,1,1,1,4651,11.833333333333334,0,1,0,0,0,0,0,0,0,1,0,1,0,0,0,0,1,10,0.00021500752526338422,0
4,5.08,2,9,6,4,23.1,89.6,5.26,0,0,1,0,1,12,29,16,5,0,0,10,12,4,1,0,1,1,1,6565,13.5,0,1,1,0,0,0,0,0,0,1,0,0,1,0,1,1,0,8,0.004417364813404418,0
3,7.76,1,10,2,4,8.9,0.0,4.44,1,0,0,21,0,10,37,3,0,0,32,0,0,0,0,0,1,1,1,7519,15.0,0,0,0,0,0,1,0,0,0,1,0,1,1,1,1,0,0,10,0.004920867136587312,0
4,4.84,3,9,5,3,15.0,100.0,11.83,1,0,1,0,0,2,2,2,0,0,26,2,0,37,0,0,1,1,1,6258,15.666666666666666,0,1,1,0,0,0,0,0,0,1,0,0,1,0,1,1,0,9,0.00031959092361776926,0
3,5.83,0,10,6,3,15.8,23.7,2.39,0,0,0,1,1,1,1,3,0,0,3,1,7,4,11,0,1,1,1,5647,11.0,0,1,0,0,0,0,0,0,0,1,0,1,1,1,1,1,1,9,0.00017708517797060386,0
2,6.83,1,12,6,6,26.9,89.2,6.08,0,0,0,0,1,8,1,5,29,0,38,7,0,0,0,0,1,1,0,4414,12.666666666666666,0,1,0,0,0,0,0,0,0,1,0,1,0,1,0,0,0,7,0.00022655188038060717,0
1,15.66,4,8,2,6,35.7,100.0,5.52,1,1,1,0,1,0,1,0,0,0,34,0,0,0,0,0,1,1,1,5235,12.333333333333334,1,0,1,0,0,0,1,0,0,1,0,0,0,1,0,0,0,6,0.00019102196752626553,0
3,4.67,0,10,3,6,15.0,100.0,8.81,0,0,0,0,1,3,1,6,0,0,1,6,5,4,0,11,1,1,1,4683,21.5,0,1,0,0,0,1,0,0,0,1,0,1,0,1,1,1,0,10,0.00021353833013025838,0
2,3.07,0,9,3,10,20.7,0.0,10.23,0,1,0,0,0,3,0,12,0,0,9,10,3,1,5,0,1,1,1,2052,14.4,0,1,0,0,0,1,0,0,0,1,0,0,0,1,0,0,0,10,0.0,0
2,3.91,0,12,3,5,20.0,97.3,7.25,0,0,0,0,1,0,8,0,0,0,0,0,0,0,0,0,1,1,1,2612,14.4,0,0,0,0,1,0,0,0,0,1,0,1,1,1,0,0,0,6,0.0030627871362940277,0
6,4.58,1,11,8,3,15.4,12.1,6.68,0,0,0,0,1,22,2,8,0,0,9,2,0,0,9,0,1,1,1,8873,11.0,0,1,0,0,0,1,0,0,1,0,0,1,1,1,1,1,0,9,0.00022540290769750929,0
3,4.18,1,13,5,7,15.4,100.0,4.63,1,1,1,20,1,2,0,0,6,1,4,7,2,0,24,0,1,1,1,4188,16.285714285714285,0,1,0,0,0,0,0,0,0,1,0,1,0,1,0,1,1,9,0.0,0
1,7.29,0,7,6,5,29.7,94.6,8.7,0,0,0,0,1,6,24,0,5,0,5,0,5,0,0,0,1,1,1,2437,28.2,0,0,0,0,1,0,0,0,0,1,0,0,1,1,0,0,0,7,0.009848173984407058,0
2,9.7,1,11,6,6,32.6,100.0,5.35,0,0,0,0,0,22,30,1,0,0,0,0,0,21,3,0,1,1,1,6268,12.166666666666666,0,0,0,0,0,1,0,0,0,1,0,1,0,1,1,0,0,8,0.004786215698787492,0
2,3.85,1,10,5,4,27.9,100.0,8.05,0,0,0,6,1,0,20,3,10,0,0,0,0,7,3,0,0,1,1,2576,11.75,0,1,0,0,0,0,0,0,0,1,0,1,1,1,1,0,1,5,0.007763975155279503,0
3,4.16,1,11,4,1,25.6,10.7,9.81,0,0,0,0,1,9,13,1,1,0,3,12,0,11,3,3,1,1,1,4177,11.0,0,1,0,0,0,0,0,0,1,0,0,1,1,1,1,0,0,8,0.0031122815417763947,0
2,4.08,3,10,2,5,30.3,100.0,10.7,0,0,0,0,1,1,8,1,0,0,30,2,0,2,0,0,1,1,1,2730,13.8,0,0,1,0,0,0,0,0,0,1,0,1,1,1,1,1,0,7,0.0029304029304029304,0
3,4.85,0,10,7,2,13.1,100.0,18.13,0,0,0,0,0,6,3,3,2,0,0,0,0,10,0,0,1,1,1,4700,11.0,0,0,0,0,0,0,1,0,0,1,0,1,1,1,0,0,0,9,0.0006382978723404255,0
2,5.15,0,11,4,3,16.3,0.0,7.99,1,0,0,0,0,9,0,0,0,0,5,0,0,0,0,0,0,1,1,3440,16.0,1,0,0,0,0,0,1,1,0,0,0,1,1,1,0,0,0,4,0.0,0
2,6.95,0,10,3,4,7.3,79.2,3.87,1,0,0,0,0,0,0,3,0,0,0,2,4,0,2,0,1,1,1,4493,13.5,0,1,0,0,1,0,0,0,0,1,0,1,1,1,1,1,0,8,0.0,0
1,11.8,8,7,6,5,31.1,100.0,4.89,0,0,0,0,1,1,7,0,26,0,19,0,0,11,0,0,1,1,1,3941,12.0,0,1,1,0,0,0,1,0,0,1,0,0,1,1,0,0,0,8,0.0017761989342806395,0
3,3.49,2,11,3,1,43.8,2.3,17.62,0,0,0,0,1,4,2,1,1,0,1,10,9,19,0,0,1,1,0,3498,11.0,0,1,1,0,0,0,1,1,0,0,0,1,1,1,0,0,0,7,0.0005717552887364208,0
1,9.78,5,7,4,9,34.1,100.0,3.25,0,0,0,9,1,2,0,0,4,0,0,16,0,6,37,0,1,1,1,3160,13.88888888888889,0,1,1,0,0,0,0,0,0,0,0,0,0,1,1,1,1,8,0.0,0
3,4.68,2,10,2,4,18.0,0.0,6.51,1,0,0,18,0,0,59,4,0,0,0,0,9,5,2,0,1,1,1,4539,15.0,0,0,1,0,0,0,0,0,0,1,0,1,1,1,1,1,0,8,0.012998457810090328,0
1,5.52,0,8,3,5,69.8,100.0,6.95,0,0,0,1,1,6,8,7,0,0,0,0,0,0,1,0,1,1,1,1847,11.8,0,1,0,0,0,0,0,0,0,1,0,0,1,1,0,1,1,8,0.004331348132106118,0
1,8.27,3,8,3,5,31.5,16.7,3.32,1,1,0,0,1,7,1,7,0,0,2,8,0,1,2,0,1,1,1,2672,13.0,0,1,1,0,1,0,0,0,0,1,0,0,1,1,1,1,0,7,0.00037425149700598805,0
2,7.45,1,9,4,5,21.6,92.8,17.75,0,0,0,0,0,2,0,1,2,0,0,0,0,0,0,0,1,1,1,4982,10.6,0,0,0,0,0,0,1,0,0,0,0,0,1,1,1,1,0,9,0.0,0
5,3.5,1,12,4,1,20.2,70.9,6.44,1,0,0,1,1,8,2,0,67,7,0,4,0,1,41,0,1,1,1,5655,12.0,0,1,0,0,0,0,1,0,0,1,0,1,1,0,1,1,0,9,0.00035366931918656057,0
6,4.19,8,10,3,8,27.1,3.6,5.12,0,0,0,0,1,0,3,3,8,0,0,0,9,12,4,0,1,1,1,7644,12.25,0,0,1,0,0,0,1,1,0,0,0,1,0,0,1,0,0,9,0.0003924646781789639,0
4,4.77,2,11,7,4,19.2,94.2,6.01,0,0,1,1,1,7,2,8,0,0,0,5,0,5,14,0,1,1,1,6162,11.75,0,1,1,0,0,1,0,0,0,1,0,1,1,0,1,1,1,8,0.0003245699448231094,0
2,4.68,1,10,4,7,19.8,0.0,6.23,0,0,0,0,0,2,0,0,0,2,9,0,5,2,0,0,1,1,1,3024,12.428571428571429,0,1,0,0,0,0,0,0,0,0,1,1,0,1,1,1,0,9,0.0,0
2,5.69,0,9,5,11,11.6,0.8,5.45,1,1,0,5,0,1,1,3,0,0,3,2,0,0,0,0,1,1,0,3804,11.727272727272727,0,1,0,0,0,0,0,0,0,0,1,0,0,1,1,1,0,8,0.0002628811777076761,0
4,6.62,0,8,6,5,3.7,41.2,6.87,0,0,0,19,1,3,7,12,2,0,6,8,16,3,7,0,1,1,1,6867,12.6,0,1,0,0,0,0,1,1,0,0,0,0,1,0,1,1,0,10,0.0010193679918450561,0
6,6.89,0,10,7,7,17.8,5.5,8.38,0,0,0,8,1,23,24,6,11,0,10,8,2,2,5,3,1,1,1,13819,8.285714285714286,0,1,0,0,0,0,0,0,0,1,0,1,0,1,1,1,1,10,0.0017367392720167884,0
3,3.77,0,12,4,1,26.2,2.8,6.37,0,0,0,1,0,6,1,0,0,0,0,1,0,0,20,0,1,1,1,3783,12.0,0,1,0,0,1,0,0,0,1,0,0,1,1,1,0,0,1,7,0.0002643404705260375,0
1,8.73,1,7,6,7,3.3,4.1,7.6,1,0,1,0,1,11,0,10,0,0,16,3,0,0,0,1,1,1,1,2919,12.571428571428571,0,1,0,0,0,1,0,0,0,0,0,0,0,1,1,1,0,9,0.0,0
2,6.58,0,10,5,8,22.8,0.4,3.09,1,0,1,1,1,0,0,9,0,0,52,0,11,0,0,0,1,1,1,4255,12.0,0,1,0,0,0,0,0,0,0,0,1,1,0,1,1,1,0,8,0.0,0
1,5.26,2,9,3,4,27.5,100.0,13.33,0,0,0,0,0,0,7,0,0,0,3,5,5,0,10,3,1,1,1,2750,11.5,0,1,1,0,0,0,1,0,0,1,0,0,1,1,1,0,0,10,0.0025454545454545456,0
3,7.31,1,9,5,7,14.3,86.1,5.22,0,0,0,4,1,38,5,2,10,0,30,4,0,0,0,1,1,1,1,7326,10.428571428571429,0,1,0,0,1,0,0,0,0,1,0,0,0,1,1,1,0,10,0.0006825006825006825,0
1,8.01,2,9,3,6,8.7,100.0,7.28,1,0,0,1,0,8,2,0,3,1,0,3,9,3,11,3,1,1,1,2676,12.666666666666666,0,1,1,0,1,0,0,0,0,1,0,0,0,1,1,1,0,9,0.0007473841554559044,0
3,2.44,1,16,4,5,26.3,100.0,1.93,0,0,0,0,1,18,27,0,2,0,0,0,0,56,0,0,1,1,1,10081,24.2,1,0,0,0,0,0,0,0,0,1,0,0,1,1,1,1,0,9,0.0026783057236385278,0
2,4.01,3,11,4,6,24.8,32.1,4.41,0,0,0,0,1,5,0,2,1,0,7,1,18,0,0,3,1,1,1,2683,17.333333333333332,0,1,1,0,0,0,0,0,0,1,0,1,0,1,1,0,0,9,0.0,0
1,2.75,0,11,5,6,34.4,100.0,12.03,0,0,0,37,1,0,0,0,0,0,0,0,0,0,0,19,0,0,1,1129,14.0,0,1,0,0,0,0,0,0,1,0,0,1,0,1,1,1,1,6,0.0,0
1,8.98,4,9,7,9,9.9,99.4,9.55,0,0,0,5,1,4,6,4,5,0,0,0,0,0,0,0,1,1,0,3000,13.444444444444445,0,1,1,0,0,0,1,0,0,1,0,0,0,1,1,1,1,9,0.002,0
1,8.01,1,11,6,5,55.4,88.5,2.1,1,1,0,4,1,13,1,5,0,0,27,10,2,9,0,0,1,1,1,2678,15.6,0,1,0,0,0,1,0,0,0,1,0,1,1,1,1,1,1,8,0.0003734129947722181,0
2,3.37,0,10,5,4,26.7,100.0,8.57,1,1,1,0,0,4,4,6,0,0,2,0,0,11,1,0,0,1,1,2253,13.0,0,1,0,0,0,0,1,0,0,1,0,1,1,1,0,0,0,6,0.001775410563692854,0
3,3.38,6,10,6,5,8.1,77.2,8.33,0,0,0,2,1,0,1,2,0,0,2,0,9,0,0,0,0,1,1,3395,13.8,0,1,1,0,0,0,0,0,0,0,0,1,1,1,0,0,1,5,0.0002945508100147275,0
4,4.78,0,10,4,6,22.7,100.0,4.57,0,0,0,1,1,4,0,0,1,0,3,12,5,4,0,0,1,1,1,6384,9.333333333333334,0,1,0,0,0,1,0,1,0,0,0,1,0,0,1,1,1,10,0.0,0
1,4.59,2,10,4,5,64.1,100.0,4.87,1,0,0,2,0,33,14,0,0,0,3,9,12,0,0,0,1,1,0,2880,16.4,0,1,1,0,0,1,0,0,0,1,0,1,1,1,1,1,0,8,0.004861111111111111,0
1,5.18,1,10,3,6,11.4,67.5,7.62,0,0,0,1,1,9,4,6,0,0,2,3,0,4,2,2,1,1,1,1733,13.166666666666666,0,1,0,0,0,0,1,0,0,0,0,1,0,1,1,1,0,7,0.002308136180034622,0
2,8.04,3,9,2,8,16.7,100.0,4.01,0,0,0,3,0,0,1,4,3,14,5,3,0,4,8,8,1,1,1,5378,14.625,0,1,1,0,1,0,0,0,0,1,0,0,0,1,1,1,1,10,0.0001859427296392711,0
2,4.62,0,11,5,2,28.2,100.0,10.71,0,0,0,0,0,6,3,0,0,0,0,1,0,1,0,0,1,1,0,2989,16.0,0,1,0,0,0,0,1,0,0,1,0,1,1,1,0,0,0,7,0.0010036801605888257,0
9,2.9,2,9,5,9,4.4,98.2,2.42,0,0,0,0,0,11,16,24,0,1,1,34,8,9,5,19,1,1,1,8441,10.0,0,1,1,0,0,0,1,0,0,1,0,0,0,0,1,1,0,10,0.0018955100106622439,0
4,6.52,0,10,4,3,18.3,0.0,6.54,1,0,1,0,0,2,14,1,0,0,16,13,9,0,19,0,1,1,1,8428,11.0,0,0,0,0,0,0,1,0,0,1,0,1,1,0,1,1,0,8,0.0016611295681063123,0
2,5.83,0,11,5,4,16.4,80.0,8.06,1,0,1,0,1,3,0,0,0,2,9,3,1,24,1,0,1,1,1,3765,16.25,0,1,0,0,0,0,1,0,0,1,0,1,1,1,1,1,0,9,0.0,0
1,10.89,0,10,7,4,26.4,90.8,11.88,1,0,0,0,0,7,4,0,9,0,0,0,1,1,1,0,1,1,1,4157,12.0,0,0,0,0,0,1,0,0,0,1,0,1,1,1,1,1,0,7,0.0009622323791195574,0
1,11.02,1,9,4,4,36.0,0.0,11.16,1,0,1,0,0,0,4,6,0,0,6,0,1,1,0,0,0,1,1,3688,11.75,0,1,0,0,0,0,1,0,1,0,0,0,1,1,1,1,0,8,0.0010845986984815619,0
2,3.25,0,11,3,4,21.2,100.0,9.97,0,0,0,2,0,12,8,0,0,0,0,6,0,7,0,4,1,1,1,2173,17.25,0,1,0,0,0,0,0,0,0,1,0,1,1,1,1,1,1,7,0.0036815462494247586,0
1,9.75,1,9,3,4,17.5,100.0,9.53,1,1,0,1,1,0,0,0,0,0,2,17,13,0,0,0,1,1,0,3261,13.75,0,1,0,0,0,1,0,0,0,1,0,0,1,1,0,1,1,6,0.0,0
2,5.24,2,12,4,6,11.9,3.8,11.63,0,0,0,40,1,8,40,11,0,0,0,30,3,0,0,0,1,1,0,3387,14.666666666666666,0,1,1,0,0,0,0,0,1,0,0,1,0,1,0,1,1,7,0.0118098612341305,0
2,4.81,0,10,3,1,10.1,0.0,6.97,0,0,0,1,1,3,3,0,0,0,8,5,0,21,0,0,1,1,1,3111,10.0,0,1,0,0,0,0,0,0,0,0,1,1,1,1,1,1,1,9,0.0009643201542912247,0
2,5.92,0,10,5,2,5.1,100.0,5.39,0,0,0,0,0,9,58,3,10,0,3,2,0,1,0,2,1,1,0,3825,11.0,0,1,0,0,0,1,0,0,0,0,1,1,1,1,0,0,0,8,0.015163398692810458,0
1,3.93,0,11,2,5,34.8,100.0,2.23,0,0,0,3,0,6,1,2,0,0,19,2,0,0,0,3,1,1,0,1312,13.4,0,1,0,0,0,0,0,0,0,1,0,1,1,1,1,1,0,7,0.0007621951219512195,0
2,5.63,0,10,9,6,20.7,100.0,7.49,1,1,0,0,0,0,1,0,0,0,4,1,5,0,8,0,1,1,1,3636,12.0,0,1,0,0,0,0,1,0,0,1,0,1,0,1,0,0,0,9,0.000275027502750275,0
3,7.05,0,8,7,4,7.9,0.9,6.63,0,0,1,1,0,1,119,0,0,0,3,8,0,4,3,14,1,1,1,6838,9.5,0,1,0,0,0,1,0,0,0,1,0,0,1,1,1,1,0,9,0.01740274934191284,0
2,7.22,0,10,8,8,7.0,11.1,4.03,0,0,0,1,0,13,0,11,32,0,0,4,0,0,0,0,1,1,1,4826,16.75,0,1,0,0,0,0,0,1,0,0,0,1,0,1,1,0,1,7,0.0,0
1,4.48,1,10,5,5,34.0,100.0,8.33,0,0,1,1,1,3,3,0,0,0,10,6,10,6,0,0,1,1,0,1498,14.6,0,1,0,0,0,0,0,0,0,1,0,1,1,1,1,1,1,6,0.0020026702269692926,0
4,5.22,5,10,2,4,16.3,0.0,3.53,1,0,0,76,0,25,18,3,0,0,4,0,2,0,27,0,1,1,1,6741,15.0,0,0,1,0,0,1,0,0,0,1,0,1,1,0,1,0,0,8,0.0026702269692923898,0
2,5.59,1,10,5,2,8.4,28.6,4.04,0,0,0,1,0,15,25,4,0,0,12,4,8,21,4,4,1,1,1,3613,11.0,0,1,0,0,0,1,0,0,0,0,1,1,1,1,0,0,0,10,0.006919457514530861,0
1,10.24,0,8,5,7,33.8,77.9,5.14,0,0,0,1,0,2,19,5,0,0,3,1,0,2,1,6,1,1,1,3421,12.142857142857142,0,1,0,0,1,0,0,0,0,1,0,0,0,1,1,1,0,9,0.005553931598947676,0
2,5.21,0,9,3,4,15.6,100.0,3.22,1,0,0,29,0,1,16,3,0,0,2,5,0,0,0,0,1,1,0,3481,12.0,0,1,0,0,0,0,0,0,0,1,0,0,1,1,1,1,0,8,0.004596380350474002,0
5,2.3,0,10,2,5,39.2,0.0,7.72,0,0,1,14,1,1,1,1,0,20,3,3,6,1,1,0,1,1,1,3855,13.0,0,1,0,0,0,0,1,0,0,0,1,1,1,0,1,0,1,10,0.00025940337224383917,0
2,7.0,2,9,5,6,31.0,85.7,12.07,1,1,0,0,0,1,5,5,0,0,3,0,0,0,0,0,1,1,1,4687,10.666666666666666,0,0,1,0,0,0,0,0,0,0,0,0,0,1,1,1,0,8,0.0010667804565820354,0
2,2.77,2,10,5,6,15.2,7.6,13.27,0,0,0,4,0,1,8,4,0,0,18,0,1,12,0,0,1,1,0,1792,13.333333333333334,0,1,1,0,0,0,1,0,0,0,0,1,0,1,0,0,1,7,0.004464285714285714,0
2,18.94,3,8,6,7,31.8,5.7,4.27,0,0,0,0,1,25,3,42,0,0,4,0,6,8,0,1,1,1,1,12243,8.285714285714286,0,1,1,0,0,1,0,1,0,0,0,0,0,1,0,0,0,9,0.0002450379808870375,0
4,5.19,1,10,5,3,23.7,100.0,10.04,0,0,0,1,0,2,4,10,0,0,0,2,27,0,8,0,1,1,1,6932,13.333333333333334,0,0,0,0,0,0,0,1,0,0,0,1,1,1,1,0,1,9,0.0005770340450086555,0
3,5.59,0,11,6,6,19.4,3.3,6.34,0,0,0,7,1,1,5,8,14,0,3,3,0,0,0,0,1,1,1,5421,13.333333333333334,0,1,0,0,0,0,0,1,0,0,0,1,0,1,1,1,1,8,0.0009223390518354548,0
1,8.32,3,11,3,6,25.4,100.0,3.97,1,0,0,0,0,1,11,0,0,0,3,1,0,0,0,0,1,1,1,2781,11.666666666666666,0,0,1,0,0,0,1,0,0,1,0,1,0,1,0,0,0,8,0.003955411722402014,0
2,9.01,1,7,10,8,26.9,42.0,8.99,0,0,0,0,1,1,21,17,0,0,0,8,2,0,0,5,1,1,1,5825,14.875,0,1,0,0,1,0,0,0,0,1,0,0,0,1,1,1,0,9,0.0036051502145922746,0
4,4.36,7,9,3,6,16.2,100.0,6.49,1,1,1,1,1,19,10,1,0,0,0,2,11,4,0,8,1,1,1,5821,12.0,0,1,1,0,0,0,0,0,0,1,0,0,0,0,1,1,0,8,0.0017179178835251675,0
3,6.99,0,9,4,8,3.6,1.4,6.85,0,0,0,0,0,41,12,0,0,20,9,9,16,2,24,0,1,1,1,6779,11.625,0,1,0,0,0,0,1,1,0,0,0,0,0,1,1,1,0,10,0.0017701725918277031,0
1,6.72,2,8,3,7,17.6,100.0,19.23,0,0,1,1,1,3,0,20,0,0,26,0,0,0,0,0,1,1,1,2246,11.428571428571429,0,1,1,0,0,1,0,0,0,1,0,0,0,1,1,1,1,7,0.0,0
9,2.09,0,14,2,2,33.0,100.0,5.06,0,0,0,18,0,10,12,0,1,0,0,5,8,19,1,0,1,1,1,6077,12.5,0,1,0,0,0,0,0,0,0,1,0,1,1,0,0,0,1,9,0.001974658548625967,0
6,4.76,2,10,4,3,2.0,100.0,6.69,0,0,0,1,0,7,8,7,0,0,0,0,10,16,0,0,1,1,1,9222,11.666666666666666,0,1,1,0,0,0,0,0,0,1,0,1,1,0,1,0,0,8,0.0008674907829104315,0
2,5.66,2,9,6,6,19.7,87.5,7.48,0,0,0,0,1,5,2,6,0,10,27,3,0,0,45,0,1,1,1,3780,9.666666666666666,0,1,1,0,0,1,0,0,0,1,0,0,0,1,1,0,0,9,0.0005291005291005291,0
2,3.28,0,10,2,4,28.3,100.0,5.54,1,0,1,0,1,4,2,1,0,0,5,5,0,2,0,0,1,1,1,2194,12.0,0,1,0,0,0,0,0,0,0,0,0,1,1,1,1,1,0,9,0.0009115770282588879,0
4,3.07,0,10,2,4,38.1,100.0,7.91,0,0,0,1,1,10,0,2,0,1,10,4,20,0,11,0,1,1,1,4103,14.0,0,1,0,0,0,1,0,0,0,1,0,1,1,0,0,1,1,10,0.0,0
2,4.42,6,10,2,5,0.0,100.0,4.45,0,0,0,2,1,13,5,25,2,0,2,0,0,7,4,4,1,1,1,2954,15.0,0,1,1,0,0,0,1,0,0,1,0,1,1,1,0,0,1,9,0.0016926201760324984,0
2,5.03,2,11,1,1,0.0,100.0,6.02,0,0,0,0,0,3,2,7,0,0,45,0,0,0,0,0,1,1,0,3363,11.0,0,1,1,0,0,0,0,0,0,1,0,1,1,1,0,0,0,6,0.0005947071067499256,0
2,5.71,1,10,5,5,23.8,100.0,8.16,1,0,0,0,1,0,53,10,0,0,0,0,0,0,2,0,1,1,1,3814,13.8,0,1,0,0,1,0,0,0,0,1,0,1,1,1,0,0,0,8,0.013896171997902464,0
3,4.12,0,10,4,8,12.6,7.4,19.55,0,0,0,4,1,1,2,0,0,4,0,0,0,1,0,0,1,1,1,3996,13.0,0,1,0,0,0,0,1,0,0,0,0,1,0,1,1,0,1,8,0.0005005005005005005,0
3,4.51,0,10,6,2,11.5,100.0,4.35,0,0,0,0,0,1,3,0,0,7,0,4,22,1,0,0,1,1,1,4522,11.0,0,1,0,0,0,0,1,0,0,1,0,1,1,1,0,0,0,10,0.0006634232640424591,0
1,10.59,1,9,3,6,8.8,100.0,6.97,0,0,0,0,0,8,0,2,0,3,6,3,14,1,0,0,1,1,1,3537,12.666666666666666,0,1,0,0,1,0,0,0,0,0,0,0,0,1,1,1,0,10,0.0,0
2,3.44,0,10,2,4,20.3,0.0,5.09,0,0,0,3,1,6,11,0,3,0,2,8,0,0,0,0,1,1,1,2301,13.5,0,1,0,0,0,1,0,1,0,0,0,1,1,1,1,0,1,7,0.0047805302042590175,0
3,6.23,0,11,5,4,32.1,98.6,3.98,1,0,0,0,1,3,2,5,5,0,3,0,0,4,0,0,0,1,1,6035,14.25,0,0,0,0,0,0,1,0,0,1,0,1,1,1,1,1,0,8,0.00033140016570008286,0
5,7.11,1,8,9,7,48.5,100.0,7.75,0,0,0,2,1,4,5,23,2,0,3,2,33,3,10,0,1,1,1,11874,10.142857142857142,0,0,0,0,0,1,0,0,1,0,0,0,0,1,1,1,0,8,0.0004210880916287687,0
2,3.88,1,10,4,7,22.5,100.0,11.73,0,0,0,2,1,4,0,0,0,0,0,2,9,6,0,0,1,1,0,2593,14.142857142857142,0,0,0,0,0,0,1,0,0,1,0,1,0,1,0,0,1,7,0.0,0
1,6.07,2,9,4,10,6.1,7.1,3.16,1,0,0,12,0,6,13,0,0,0,1,0,0,0,0,0,0,1,0,2030,25.6,0,0,1,0,0,0,1,0,0,1,0,0,0,1,0,0,1,5,0.0064039408866995075,0
2,5.18,3,11,12,10,21.5,15.8,6.37,0,0,0,3,1,7,16,2,4,1,0,2,9,3,0,0,1,1,1,3461,16.3,0,1,1,0,0,0,0,1,0,0,0,1,0,1,1,1,0,10,0.004622941346431667,0
3,5.58,0,11,3,3,14.1,100.0,6.35,0,0,0,0,0,8,0,13,0,0,0,0,9,3,14,0,1,1,1,5411,17.0,0,1,0,0,0,1,0,1,0,0,0,1,1,1,0,0,0,7,0.0,0
3,3.53,1,12,5,6,12.0,9.6,4.01,0,0,0,0,1,4,3,5,1,0,6,23,3,1,0,3,1,1,0,3536,14.666666666666666,0,1,0,0,0,0,0,0,0,0,0,1,0,1,0,1,0,8,0.0008484162895927602,0
7,3.2,0,12,2,2,31.9,100.0,4.91,0,0,0,7,0,8,8,0,3,0,6,13,0,58,0,0,1,1,0,7231,15.0,0,0,0,0,0,0,0,0,0,1,0,1,1,0,0,0,0,7,0.0011063476697552206,0
2,6.83,1,9,2,4,19.5,100.0,3.47,1,1,1,0,0,3,1,1,0,0,42,3,9,0,0,0,1,1,0,4567,10.75,0,1,0,0,0,1,0,0,0,0,0,0,1,1,1,1,0,7,0.0002189621195533173,0
1,4.01,0,9,3,7,33.3,100.0,9.89,0,0,0,0,1,19,16,0,0,0,0,0,0,0,0,0,0,0,0,1340,14.0,0,0,0,0,0,1,0,0,0,1,0,0,0,1,0,0,0,3,0.011940298507462687,0
1,7.06,3,9,4,6,33.0,100.0,6.52,0,0,0,0,1,20,17,0,0,0,10,0,0,0,5,3,1,1,1,2361,13.833333333333334,0,1,1,0,0,0,0,0,0,1,0,0,0,1,0,0,0,8,0.007200338839474798,0
2,5.43,4,10,4,6,6.1,28.7,7.72,1,0,1,10,0,10,1,0,11,0,2,2,0,12,1,4,1,1,1,3626,15.166666666666666,0,1,1,0,0,0,1,0,1,0,0,1,0,1,1,1,1,8,0.0002757859900717044,0
2,6.8,5,9,5,4,15.1,21.5,9.45,0,0,0,0,1,4,19,6,0,0,0,1,0,27,0,0,1,1,0,4396,11.75,0,0,1,0,0,0,0,1,0,0,0,0,1,1,1,1,0,7,0.0043221110100090995,0
2,7.46,0,11,3,2,56.6,100.0,4.92,0,0,0,2,0,0,1,0,0,3,0,0,7,0,0,0,0,1,0,4822,11.5,1,0,0,0,0,0,0,0,0,1,0,1,1,1,0,0,0,5,0.00020738282870178348,0
1,13.92,0,8,4,5,29.1,100.0,10.02,0,0,0,1,0,0,1,0,0,0,0,3,0,23,0,0,1,1,1,4499,10.0,0,0,0,0,0,0,0,0,0,1,0,0,1,1,1,1,1,7,0.0002222716159146477,0
1,7.73,1,10,4,8,0.0,100.0,3.25,0,0,1,1,0,5,1,1,0,0,1,0,0,1,6,0,1,1,1,2499,14.25,0,1,0,0,0,0,1,0,0,1,0,1,0,1,1,1,1,8,0.00040016006402561027,0
1,3.92,0,12,4,6,0.0,100.0,7.16,0,0,0,0,0,7,17,0,18,2,0,2,0,9,0,7,1,1,0,2531,19.333333333333332,0,1,0,0,0,0,0,0,0,0,0,1,0,1,1,0,0,8,0.006716712761754247,0
5,2.84,0,11,2,5,33.3,0.0,18.55,0,0,0,0,1,6,8,4,0,2,9,27,0,0,0,0,1,1,1,4744,15.4,0,1,0,0,0,0,1,1,0,0,0,1,1,0,0,0,0,10,0.0016863406408094434,0
2,4.54,0,11,8,6,0.5,1.6,5.15,0,0,0,4,0,8,6,8,10,0,0,3,0,8,4,13,1,1,1,2937,11.5,0,1,0,0,0,0,0,0,0,1,0,1,0,1,1,0,1,8,0.0020429009193054137,0
2,6.78,0,11,2,5,13.5,100.0,7.26,1,1,0,0,0,2,2,0,0,7,0,2,28,2,9,5,1,1,1,4528,13.4,0,1,0,0,0,0,0,0,0,1,0,1,1,1,1,1,0,10,0.00044169611307420494,0
4,5.67,8,12,4,1,3.9,73.9,5.6,0,1,0,0,1,7,65,29,10,0,0,2,22,0,0,0,1,1,1,7588,12.0,0,1,1,0,0,0,1,0,0,1,0,1,1,0,1,1,0,8,0.00856615709014233,0
3,8.47,0,9,6,8,23.8,0.0,4.82,0,0,0,0,1,6,8,0,7,0,0,0,0,11,32,7,1,1,1,8207,15.625,0,1,0,0,0,1,0,0,1,0,0,0,0,1,1,1,0,9,0.0009747776288534178,0
2,3.75,0,9,7,7,15.5,87.3,11.29,0,0,0,0,1,5,4,5,0,0,0,2,3,2,9,0,1,1,1,2422,12.0,0,1,0,0,0,0,1,0,0,1,0,0,0,1,1,0,0,7,0.0016515276630883566,0
2,9.11,0,9,3,5,0.0,100.0,5.43,0,0,0,7,1,4,0,0,0,11,0,12,6,30,0,0,1,1,1,5888,15.0,0,0,0,0,0,0,0,0,0,0,0,0,1,1,1,1,0,9,0.0,0
4,6.86,1,10,5,4,20.7,1.7,5.81,0,0,0,0,1,78,75,0,0,0,7,5,0,5,5,0,1,1,1,8872,11.0,0,1,0,0,0,0,1,0,1,0,0,1,1,0,1,1,0,8,0.00845356176735798,0
4,3.57,0,11,4,5,30.1,100.0,4.08,0,0,1,0,1,11,1,0,0,0,11,0,20,18,23,0,0,1,1,4773,15.6,0,1,0,0,0,0,0,0,0,1,0,1,1,1,0,0,0,7,0.00020951183741881415,0
1,5.99,1,9,4,7,36.0,100.0,8.43,0,0,0,0,1,9,11,0,0,0,0,3,1,0,3,10,1,1,1,2004,15.428571428571429,0,1,0,0,0,0,1,0,0,1,0,0,0,1,0,1,0,8,0.0054890219560878245,0
2,4.05,0,10,4,7,23.2,12.2,3.77,0,0,0,6,0,2,2,1,0,0,0,11,28,0,0,0,1,1,0,2620,13.714285714285714,0,0,0,0,0,0,1,0,0,0,0,1,0,1,1,0,1,6,0.0007633587786259542,0
1,5.52,4,11,9,8,11.5,28.1,4.1,0,0,0,11,0,13,3,13,14,0,0,0,0,0,0,0,1,1,1,1847,12.5,0,1,1,0,0,0,1,0,0,1,0,1,0,1,0,0,1,8,0.0016242555495397943,0
1,8.23,3,7,2,5,46.1,46.1,4.51,1,0,1,0,0,1,2,1,0,23,20,6,5,5,0,0,1,1,0,2652,10.6,0,1,1,0,0,0,1,0,0,1,0,0,1,1,1,1,0,8,0.0007541478129713424,0
5,3.56,0,11,6,6,19.0,80.6,10.44,0,1,0,0,1,4,1,6,1,0,0,1,0,11,17,0,1,1,1,5957,14.333333333333334,0,1,0,0,0,0,1,0,0,1,0,1,0,1,1,1,0,8,0.00016786973308712439,0
1,11.29,1,8,3,5,10.2,100.0,9.91,1,1,0,1,1,3,19,8,0,0,0,7,0,0,10,7,1,1,1,3647,12.6,0,1,0,0,1,0,0,0,0,1,0,0,1,1,1,1,1,8,0.005209761447765287,0
1,6.53,0,10,7,5,15.8,100.0,13.79,1,0,0,0,0,1,1,0,0,0,0,5,0,4,0,0,1,1,1,2110,12.8,0,1,0,0,0,0,1,0,0,1,0,1,1,1,0,0,0,8,0.00047393364928909954,0
5,7.95,1,9,9,5,8.1,15.8,6.86,0,0,0,0,0,7,4,0,0,3,3,29,17,7,3,0,1,1,1,12843,11.6,0,1,0,0,0,0,0,1,0,0,0,0,1,1,1,0,0,9,0.00031145371019232265,0
2,6.73,1,11,3,3,21.4,100.0,2.01,1,0,0,4,0,3,23,13,0,0,0,0,0,10,0,0,0,1,1,4352,14.0,0,0,0,0,0,0,0,0,0,1,0,1,1,1,1,0,0,7,0.005284926470588236,0
2,9.94,6,10,5,7,0.2,100.0,11.19,0,1,1,1,0,1,0,8,0,41,21,0,3,40,0,16,1,1,1,6422,11.428571428571429,0,1,1,0,0,0,1,0,0,1,0,1,0,1,0,0,1,9,0.0,0
1,6.81,0,9,3,4,8.3,100.0,14.02,0,0,0,0,0,2,1,14,0,0,3,4,0,19,7,0,1,1,1,2274,12.0,0,1,0,0,0,0,1,0,0,1,0,0,1,1,1,1,0,9,0.00043975373790677223,0
1,9.13,1,11,5,8,38.3,100.0,9.89,0,0,0,0,0,8,9,3,0,0,127,7,0,0,0,0,1,1,0,3056,11.0,0,1,0,0,0,1,0,0,0,1,0,1,0,1,0,0,0,7,0.0029450261780104713,0
2,5.68,0,9,2,5,21.1,0.0,7.48,1,0,1,5,0,21,30,8,8,0,0,2,7,21,5,0,1,1,1,3798,12.0,0,1,0,0,0,0,0,1,0,0,0,0,1,1,1,1,0,9,0.007898894154818325,0
2,4.97,3,10,4,1,19.0,100.0,3.9,0,0,0,1,0,2,1,3,0,3,4,1,6,0,0,0,1,1,1,3319,10.0,0,1,1,0,0,0,0,0,0,1,0,1,1,1,1,0,1,10,0.00030129557095510696,0
2,6.14,1,11,6,4,13.1,79.8,10.14,1,0,0,0,0,5,3,0,1,0,1,0,11,0,10,0,0,1,1,3970,14.25,0,1,0,0,0,0,1,0,0,1,0,1,1,1,1,1,0,7,0.0007556675062972292,0
1,3.95,0,12,4,5,23.8,100.0,5.06,0,0,0,0,1,0,0,7,0,0,0,0,0,0,10,14,0,0,1,1322,16.0,0,1,0,0,0,0,0,0,0,1,0,1,1,1,0,1,0,6,0.0,0
2,3.58,1,11,9,4,31.9,14.9,7.38,0,0,0,0,0,7,2,14,0,0,0,7,18,3,0,0,1,1,1,2396,13.75,0,1,0,0,1,0,0,0,1,0,0,1,1,1,1,1,0,7,0.0008347245409015025,0
3,5.07,0,10,4,7,7.5,2.5,6.4,0,0,0,1,1,6,6,9,0,0,0,15,7,3,0,0,1,1,1,4918,11.0,0,0,0,0,0,0,1,0,0,0,1,1,0,1,1,1,0,8,0.0012200081333875558,0
2,1.92,3,12,1,7,0.0,0.0,2.61,1,0,0,0,1,7,22,6,0,0,5,0,0,0,0,0,1,1,0,1239,13.857142857142858,0,1,1,0,0,0,0,0,0,1,0,1,0,1,1,1,0,6,0.01775625504439064,0
2,5.64,0,11,8,7,22.1,28.5,6.75,0,0,0,4,1,5,19,1,35,0,3,14,2,15,0,5,1,1,1,3644,14.857142857142858,0,1,0,0,0,0,0,0,0,1,0,1,0,1,1,1,1,10,0.0052140504939626785,0
3,4.23,4,11,5,4,25.9,7.4,5.82,0,0,0,0,1,13,1,16,0,0,50,6,0,0,8,0,1,1,1,4097,11.0,0,1,1,0,0,0,1,0,1,0,0,1,1,1,0,0,0,8,0.000244081034903588,0
4,6.06,1,11,7,8,21.7,4.2,6.9,0,0,0,2,1,20,27,2,1,0,12,1,0,0,0,0,1,1,1,7839,13.5,0,1,0,0,0,0,1,0,0,1,0,1,0,0,1,1,0,9,0.003444316877152698,0
1,4.4,1,9,4,7,23.5,100.0,9.19,1,0,0,1,1,5,0,0,0,0,0,0,0,0,0,0,1,1,1,1470,13.428571428571429,0,1,0,0,0,0,1,0,0,1,0,0,0,1,1,1,1,8,0.0,0
1,8.48,1,9,7,7,11.5,45.1,4.07,1,0,0,0,0,3,1,1,13,0,1,0,3,0,0,0,1,1,0,2741,13.142857142857142,0,1,0,0,0,0,0,0,0,1,0,0,0,1,1,1,0,7,0.00036483035388544326,0
8,2.94,0,10,4,2,24.8,0.0,7.65,0,0,0,3,1,4,3,2,5,4,0,15,4,4,7,0,1,1,1,7610,9.5,0,1,0,0,0,0,1,0,0,0,1,1,1,0,1,1,0,10,0.00039421813403416555,0
3,4.44,8,11,12,6,7.0,96.8,4.8,1,0,0,0,0,1,0,0,4,0,7,2,0,1,22,0,1,1,1,4309,14.833333333333334,0,1,1,0,0,0,1,0,0,1,0,1,0,1,1,1,0,8,0.0,0
3,6.27,2,9,10,6,22.2,0.8,4.94,0,0,0,0,0,0,2,0,3,0,0,4,8,38,14,0,1,1,1,6081,12.333333333333334,0,0,1,0,0,0,0,0,0,1,0,0,0,1,1,0,0,10,0.000328893274132544,0
2,3.76,0,10,3,4,7.8,100.0,8.31,0,0,0,1,1,0,1,28,0,33,0,0,22,0,0,0,1,1,0,2514,17.0,0,1,0,0,0,0,1,0,0,1,0,1,1,1,0,1,1,8,0.0003977724741447892,0
2,4.73,2,10,4,9,3.1,4.1,9.52,1,0,1,12,1,0,12,10,4,0,0,0,0,8,13,0,0,1,1,3164,19.77777777777778,0,1,1,0,0,0,0,0,0,0,1,1,0,1,1,1,1,6,0.0037926675094816687,0
1,15.57,3,6,1,5,0.0,0.0,3.41,1,0,0,0,0,0,0,8,0,3,3,38,0,6,5,3,1,1,1,5046,9.0,0,1,1,0,0,0,0,0,0,0,0,0,1,1,0,0,0,9,0.0,0
7,6.35,0,11,7,8,9.0,11.3,8.48,0,0,0,115,1,7,192,28,1,0,8,12,0,3,0,0,1,1,1,14858,13.5,0,1,0,0,0,1,0,0,0,1,0,1,0,0,1,1,1,9,0.012922331403957463,0
2,9.3,0,10,11,4,39.4,51.7,5.32,1,1,1,0,1,1,29,0,0,0,0,0,9,1,0,0,1,1,1,6010,11.75,0,0,0,0,0,1,0,0,0,1,0,1,1,1,1,1,0,8,0.004825291181364393,0
1,6.88,0,9,4,4,1.4,100.0,9.12,1,0,0,0,0,1,0,0,0,0,2,4,0,16,0,6,1,1,0,2298,10.0,0,1,0,0,0,1,0,0,0,1,0,0,1,1,0,0,0,8,0.0,0
3,4.04,2,8,4,7,44.9,94.6,8.19,0,0,0,11,1,36,12,14,0,0,6,0,0,0,0,1,1,1,1,3640,10.428571428571429,0,1,1,0,0,0,1,0,0,1,0,0,0,1,0,1,1,10,0.0032967032967032967,0
3,6.18,1,11,2,3,13.4,0.0,10.96,0,0,0,0,0,0,11,0,4,0,3,4,4,0,0,0,1,1,1,6192,10.666666666666666,0,0,0,0,0,1,0,0,0,1,0,1,1,1,1,0,0,8,0.0017764857881136951,0
3,4.62,5,11,4,3,11.3,1.4,2.55,0,0,1,6,1,3,2,37,5,0,14,1,2,6,23,0,1,1,1,4475,11.666666666666666,0,1,1,0,0,0,1,0,1,0,0,1,1,1,1,1,1,8,0.000446927374301676,0
1,7.64,2,12,10,11,20.2,36.0,4.66,1,0,0,23,1,0,4,3,0,0,0,0,2,3,0,0,1,1,1,2768,16.727272727272727,0,1,1,0,0,0,1,0,0,1,0,1,0,1,0,0,1,8,0.001445086705202312,0
3,4.5,1,11,3,3,35.1,0.6,16.73,0,0,1,1,1,6,3,4,1,0,5,3,3,0,4,0,1,1,1,4360,14.333333333333334,0,1,0,0,0,0,1,1,0,0,0,1,1,1,1,1,1,9,0.0006880733944954129,0
2,4.95,1,12,10,6,17.3,100.0,5.56,0,0,0,0,1,14,1,0,0,3,4,16,11,10,19,5,1,1,1,8070,20.0,0,1,0,0,0,1,0,0,0,0,0,1,0,1,1,1,0,10,0.00012391573729863693,0
2,3.88,1,10,4,7,22.5,100.0,11.73,0,0,0,2,1,4,0,0,0,0,0,2,9,6,0,0,1,1,0,2593,14.142857142857142,0,0,0,0,0,0,1,0,0,1,0,1,0,1,0,0,1,7,0.0,0
1,10.91,0,9,3,4,16.0,100.0,6.02,0,0,0,2,0,4,14,0,0,0,5,16,0,10,0,3,1,1,0,3648,14.0,0,1,0,0,0,0,1,0,0,1,0,0,1,1,0,0,0,5,0.003837719298245614,0
3,6.26,4,10,6,7,28.2,0.2,10.0,1,0,1,13,1,23,7,0,15,0,6,0,4,5,14,0,0,1,1,6069,15.428571428571429,0,1,1,0,0,0,0,1,0,0,0,1,0,1,1,1,1,8,0.0011534025374855825,0
1,11.77,3,8,6,11,20.6,100.0,4.46,0,1,0,1,1,0,12,3,0,0,0,2,2,6,2,0,1,1,1,3930,12.636363636363637,0,1,1,0,0,0,1,0,0,1,0,0,0,1,1,1,1,8,0.0030534351145038168,0
3,2.4,1,14,4,4,9.8,7.3,7.42,1,0,0,0,1,3,23,12,0,0,0,2,0,0,0,0,1,1,0,2330,17.0,0,1,0,0,0,0,0,0,1,0,0,1,1,1,1,1,0,6,0.009871244635193134,0
3,3.54,0,12,7,4,8.4,12.4,7.53,0,0,0,1,0,6,51,0,3,0,17,2,0,4,4,0,1,1,1,3434,11.25,0,1,0,0,0,0,0,0,0,1,0,1,1,1,0,0,0,10,0.01485148514851485,0
4,2.17,0,10,5,7,7.0,4.7,13.3,0,0,0,0,0,3,8,5,13,0,5,16,0,4,0,13,1,1,1,2802,9.857142857142858,0,1,0,0,0,1,0,0,0,0,1,1,0,0,0,0,0,10,0.0028551034975017845,0
4,4.69,0,10,5,9,17.1,24.5,4.25,0,0,0,1,0,14,10,15,0,0,13,2,40,1,0,0,1,1,1,6274,9.666666666666666,0,1,0,0,0,0,1,1,0,0,0,1,0,0,0,0,1,10,0.0015938795027095952,0
1,8.27,0,11,4,7,30.3,100.0,14.47,1,0,0,0,1,3,2,0,0,0,0,0,1,7,0,0,1,1,1,2671,11.857142857142858,0,0,0,0,0,0,1,0,0,1,0,1,0,1,1,1,0,8,0.0007487832272557095,0
4,3.52,2,10,3,3,18.9,100.0,4.21,0,0,0,0,1,3,2,2,0,0,9,0,0,7,0,0,1,1,1,4552,15.0,0,0,1,0,0,0,0,0,0,1,0,1,1,0,1,0,0,9,0.0004393673110720562,0
1,6.76,0,10,5,4,12.6,100.0,7.51,0,0,0,0,1,5,3,0,0,0,2,2,3,0,0,0,1,1,0,2779,11.75,0,1,0,0,0,1,0,0,0,0,1,1,1,1,1,1,0,7,0.0010795250089960418,0
1,4.26,1,10,4,3,28.6,74.6,4.92,0,0,0,0,0,0,5,3,0,0,0,0,13,0,3,1,1,1,1,1425,11.666666666666666,0,1,0,0,0,0,1,0,0,1,0,1,1,1,0,0,0,9,0.0035087719298245615,0
2,6.48,0,11,8,8,24.8,100.0,7.42,0,0,0,1,1,11,9,0,4,0,7,3,0,5,10,6,1,1,1,4189,12.875,0,1,0,0,0,0,0,0,0,1,0,1,0,1,1,1,0,9,0.0021484841250895203,0
1,8.44,4,11,3,7,3.4,100.0,15.42,0,0,0,1,1,0,0,24,0,0,16,7,2,0,0,0,1,1,0,2823,15.285714285714286,0,1,1,0,0,0,1,0,0,1,0,1,0,1,0,1,1,7,0.0,0
2,4.43,5,12,6,6,6.5,100.0,7.98,0,0,0,1,1,0,4,15,0,0,0,0,29,0,2,3,1,1,1,2861,17.666666666666668,0,1,1,0,0,0,1,0,0,1,0,1,0,1,1,1,1,8,0.0013981125480601187,0
3,6.04,0,13,6,4,22.4,27.8,8.23,0,0,0,1,1,2,2,0,0,0,0,1,21,9,0,0,1,1,0,6053,14.75,0,0,0,0,0,0,0,0,0,1,0,1,1,1,1,1,1,6,0.00033041467041136624,0
3,2.32,0,12,7,4,38.6,100.0,6.27,0,0,0,1,1,17,18,0,0,0,9,0,0,0,0,0,0,1,1,2249,14.0,0,1,0,0,0,0,0,1,0,0,0,1,1,1,0,1,1,8,0.008003557136505114,0
3,5.95,0,10,4,7,19.5,4.1,17.48,1,0,0,1,1,1,0,0,30,0,0,3,12,4,9,3,1,1,1,5971,11.0,0,1,0,0,0,0,1,1,0,0,0,1,0,1,1,1,0,10,0.0,0
3,6.99,0,9,4,8,3.6,1.4,6.85,0,0,0,0,0,41,12,0,0,20,9,9,16,2,24,0,1,1,1,6779,11.625,0,1,0,0,0,0,1,1,0,0,0,0,0,1,1,1,0,10,0.0017701725918277031,0
2,5.18,0,11,4,6,1.4,63.3,4.6,0,0,0,0,0,1,50,10,0,0,0,5,5,0,0,0,1,1,1,3460,22.5,0,1,0,0,1,0,0,0,0,1,0,1,0,1,1,1,0,9,0.014450867052023121,0
2,7.8,0,9,4,4,24.8,83.7,23.1,0,0,0,0,0,1,2,0,4,5,0,0,3,3,0,0,1,1,1,5219,12.25,0,0,0,0,0,0,1,0,0,0,0,0,1,1,1,0,0,8,0.0003832151753209427,0
1,6.23,0,10,4,5,20.0,6.7,14.29,0,0,0,0,0,1,2,0,0,0,0,0,0,6,1,0,1,1,1,2085,14.0,0,0,0,0,0,0,1,0,0,1,0,1,1,1,1,1,0,7,0.0009592326139088729,0
1,10.36,3,8,5,8,28.4,23.9,14.25,1,0,0,2,1,0,0,0,0,0,23,0,0,0,9,0,0,1,1,3464,11.625,0,1,1,0,1,0,0,0,0,1,0,0,0,1,1,1,1,5,0.0,0
3,3.84,0,11,5,3,28.3,0.5,9.16,0,0,0,0,1,22,1,2,0,0,0,0,0,7,36,0,1,1,1,3719,13.666666666666666,0,1,0,0,0,0,0,1,0,0,0,1,1,1,0,0,0,7,0.00026888948642108095,0
2,6.86,0,10,6,5,44.3,82.7,18.22,1,0,0,0,0,0,3,1,0,2,0,6,27,6,1,0,1,1,1,4436,13.0,0,1,0,0,0,0,1,0,0,1,0,1,1,1,1,1,0,9,0.0006762849413886385,0
3,10.12,0,10,8,7,24.9,3.0,8.17,1,0,0,5,1,0,3,19,0,3,0,1,5,17,27,19,1,1,1,10135,13.285714285714286,0,1,0,0,0,0,1,0,1,0,0,1,0,1,1,1,1,10,0.0002960039467192896,0
2,6.07,1,10,7,10,40.3,2.7,3.5,0,0,0,5,1,4,9,3,0,0,1,31,0,27,0,0,1,1,1,4055,11.7,0,1,0,0,0,0,1,0,0,0,1,1,0,1,1,1,1,6,0.0022194821208384712,0
4,3.21,2,12,8,3,35.0,83.9,2.86,0,0,0,0,1,3,5,5,0,1,19,1,41,3,0,0,1,1,1,4155,12.333333333333334,0,1,1,0,0,1,0,0,0,1,0,1,1,0,1,0,0,9,0.0012033694344163659,0
2,7.7,3,9,4,14,9.6,1.6,2.19,1,0,0,3,1,0,46,0,0,0,0,18,3,0,0,0,1,1,1,5143,14.214285714285714,0,1,1,0,0,1,0,0,0,0,1,0,0,1,0,0,0,7,0.008944195994555707,0
1,7.39,2,10,7,5,9.1,77.3,22.22,0,0,0,0,0,4,4,3,0,0,0,0,3,5,0,0,0,1,0,2474,14.6,0,0,1,0,0,0,1,0,0,1,0,1,1,1,1,0,0,6,0.0016168148746968471,0
5,3.85,5,12,3,3,22.4,0.0,7.87,0,0,0,15,1,3,28,0,0,0,0,0,5,2,0,0,0,1,1,6433,19.666666666666668,0,0,1,0,0,0,1,0,0,1,0,1,1,0,0,1,0,8,0.004352557127312296,0
2,4.46,1,12,6,5,26.1,90.9,8.35,1,1,1,0,0,2,22,11,0,0,0,0,4,0,0,0,1,1,1,2881,15.0,0,0,0,0,0,0,0,0,0,1,0,1,1,1,1,1,0,8,0.0076362374175633465,0
2,4.5,4,11,5,1,25.4,23.9,4.51,0,0,0,0,1,2,31,0,0,0,4,0,9,19,4,0,0,1,1,2908,11.0,0,1,1,0,0,0,1,1,0,0,0,1,1,1,0,0,0,6,0.010660247592847318,0
9,1.62,0,11,5,3,6.2,4.5,6.0,0,1,1,4,1,0,1,9,12,5,0,5,31,0,2,3,1,1,1,4874,12.0,0,1,0,0,0,0,1,1,0,0,0,1,1,0,1,1,0,10,0.0002051702913418137,0
1,2.74,0,11,6,6,36.3,5.9,6.6,1,0,0,5,1,3,10,2,0,0,0,0,5,0,0,0,1,1,0,886,11.666666666666666,0,1,0,0,0,0,1,0,1,0,0,1,0,1,1,1,1,7,0.011286681715575621,0
1,9.28,2,11,2,4,22.7,100.0,1.72,0,0,0,2,0,2,8,0,0,0,0,0,0,0,0,0,0,1,0,3103,12.75,1,0,1,0,0,1,0,0,0,1,0,1,1,1,1,1,1,4,0.002578150177247825,0
2,7.67,0,9,2,8,12.1,100.0,3.58,1,0,0,1,1,0,0,8,3,0,1,30,0,0,0,0,1,1,0,5129,13.5,0,0,0,0,0,0,1,0,0,1,0,0,0,1,0,0,0,8,0.0,0
2,8.82,2,9,7,7,30.3,17.3,4.97,0,0,0,2,0,3,5,1,0,0,2,0,0,1,2,2,1,1,1,5903,9.142857142857142,0,1,1,0,0,1,0,0,0,1,0,0,0,1,1,1,1,9,0.0008470269354565475,0
2,2.97,1,10,7,7,22.2,46.1,8.3,0,0,0,0,1,3,0,3,0,0,14,0,0,0,0,0,1,1,0,1983,15.0,0,1,0,0,0,0,0,0,0,1,0,1,0,1,1,1,0,6,0.0,0
2,7.94,1,9,3,5,22.4,100.0,4.57,1,0,1,0,0,3,0,0,0,0,13,32,0,19,0,0,1,1,0,5306,11.4,0,0,0,0,0,0,0,0,0,1,0,0,1,1,1,0,0,8,0.0,0
8,1.26,0,11,5,5,12.5,69.0,10.71,0,0,0,12,1,1,13,4,9,0,24,1,12,27,4,0,1,1,1,3265,15.4,0,1,0,0,0,0,1,0,0,1,0,1,1,0,1,0,1,8,0.003981623277182236,0
5,11.2,0,10,5,3,28.1,73.4,2.85,0,0,0,0,0,0,174,0,0,0,0,0,0,0,13,0,1,1,1,18100,8.333333333333334,0,0,0,0,0,1,0,0,0,1,0,1,1,0,0,0,0,8,0.009613259668508288,0
3,3.65,6,10,2,4,19.3,0.0,6.58,1,0,0,33,0,3,3,3,0,0,9,0,0,0,10,0,1,1,1,3541,15.0,0,0,1,0,0,0,0,0,0,1,0,1,1,1,1,0,0,8,0.0008472182999152782,0
1,9.72,0,10,6,6,5.9,21.8,18.92,1,1,0,0,0,11,2,1,0,0,1,6,0,1,0,0,1,1,0,3140,16.166666666666668,0,1,0,0,0,0,1,0,0,1,0,1,0,1,0,0,0,9,0.0006369426751592356,0
2,4.18,1,11,6,10,31.3,10.1,12.09,0,0,0,1,1,6,0,9,0,0,3,0,0,0,0,0,1,1,1,2793,9.9,0,1,0,0,0,0,1,1,0,0,0,1,0,1,1,1,1,8,0.0,0
9,2.54,0,12,2,5,20.4,0.0,2.33,0,0,0,1,1,5,1,1,4,0,0,8,0,0,5,0,1,1,1,7400,10.8,0,1,0,0,0,0,1,1,0,0,0,1,1,0,1,1,1,8,0.00013513513513513514,0
1,7.47,6,9,7,10,20.7,11.0,10.13,1,0,0,12,0,4,26,1,0,3,0,2,0,0,3,0,1,1,1,2496,14.0,0,1,1,0,0,0,1,0,1,0,0,0,0,1,1,1,0,9,0.010416666666666666,0
2,6.13,8,9,7,6,26.3,100.0,5.13,1,0,0,10,1,4,0,0,0,0,0,19,1,2,6,1,1,1,1,4094,11.833333333333334,0,1,1,0,0,0,0,0,0,1,0,0,0,1,1,1,0,10,0.0,0
10,2.45,2,12,2,4,28.5,0.0,1.59,1,0,0,7,1,1,1,2,1,0,0,1,1,29,0,0,1,1,1,8203,11.0,0,1,1,0,0,0,0,1,0,0,0,1,1,0,1,1,1,8,0.00012190661952944045,0
4,4.64,0,11,4,4,16.8,84.3,5.66,0,0,1,16,1,2,6,6,0,2,26,8,16,1,7,1,1,1,1,5991,19.25,0,1,0,0,0,0,0,0,0,1,0,1,1,0,1,1,1,10,0.00100150225338007,0
2,5.4,0,11,2,4,38.6,0.0,4.86,1,0,0,0,0,2,1,0,0,0,2,4,12,4,0,0,1,1,1,3487,14.0,0,1,0,0,0,0,1,1,0,0,0,1,1,1,1,1,0,8,0.00028677946659019213,0
3,4.28,0,11,3,4,16.7,93.1,16.0,0,0,0,0,1,2,3,0,0,0,1,11,0,0,0,0,1,1,1,5279,13.5,0,1,0,0,1,0,0,0,0,1,0,1,1,1,1,1,0,8,0.0005682894487592347,0
2,5.34,0,10,6,2,14.4,2.6,12.62,0,0,0,0,0,3,24,3,0,0,5,19,0,9,0,3,1,1,1,3449,11.0,0,1,0,0,0,1,0,0,0,0,1,1,1,1,1,1,0,9,0.006958538706871557,0
2,5.12,4,9,3,5,38.9,100.0,11.31,0,0,0,0,1,0,0,8,0,0,8,26,2,0,0,0,1,1,1,3308,13.0,0,0,1,0,0,0,1,0,0,1,0,0,1,1,0,0,0,8,0.0,0
2,6.67,0,10,3,2,28.0,100.0,4.9,1,0,0,0,0,0,10,6,0,0,10,0,4,11,21,0,1,1,1,4467,14.0,0,1,0,0,0,1,0,0,0,1,0,1,1,1,0,1,0,8,0.0022386389075442132,0
3,5.22,1,12,4,2,31.7,1.7,8.31,0,0,0,0,1,0,10,0,0,0,0,6,0,12,49,0,1,1,1,5063,11.0,0,0,0,0,0,1,0,1,0,0,0,1,1,1,0,0,0,6,0.0019751135690302193,0
4,5.51,1,11,4,4,25.5,100.0,5.9,0,0,1,0,1,6,8,0,5,0,9,0,6,0,0,0,0,1,1,7359,12.0,0,0,0,0,0,0,1,0,0,1,0,1,1,0,1,0,0,8,0.001087104226117679,0
2,8.47,1,9,4,8,25.2,100.0,11.95,1,1,1,8,1,3,1,27,1,0,10,10,10,4,3,0,1,1,1,5660,11.875,0,1,0,0,0,0,1,0,0,1,0,0,0,1,0,0,1,10,0.00017667844522968197,0
1,5.0,0,10,2,3,38.8,0.0,5.49,0,0,0,1,1,3,26,0,0,0,6,0,0,0,0,0,0,1,1,1669,15.333333333333334,0,0,0,0,0,0,1,1,0,0,0,1,1,1,0,0,1,6,0.015578190533253445,0
2,4.59,0,10,3,4,6.8,100.0,11.7,0,0,0,0,0,3,0,3,0,0,0,58,0,0,0,1,1,1,0,2964,11.5,0,1,0,0,0,0,1,0,0,1,0,1,1,1,1,0,0,8,0.0,0
1,9.21,1,10,3,5,29.5,100.0,5.26,0,0,0,1,1,1,0,16,0,38,0,0,0,0,0,0,1,1,0,3078,15.0,0,1,0,0,0,0,1,0,0,1,0,1,1,1,1,1,1,6,0.0,0
1,4.69,2,11,5,3,0.0,100.0,3.43,0,0,0,0,0,3,1,3,0,0,7,4,0,0,0,0,1,1,1,1517,11.333333333333334,0,1,1,0,0,0,1,0,0,1,0,1,1,1,0,0,0,8,0.0006591957811470006,0
3,4.78,6,10,2,4,12.2,0.0,5.28,1,0,0,21,0,1,61,3,0,0,4,0,0,0,6,0,1,1,1,4630,15.0,0,1,1,0,0,0,1,0,0,1,0,1,1,1,1,1,0,8,0.013174946004319654,0
1,6.42,0,9,7,7,14.0,8.1,12.17,0,0,0,12,0,0,1,0,0,1,0,0,1,1,0,0,0,1,0,2074,12.714285714285714,0,1,0,0,0,0,1,0,1,0,0,0,0,1,1,1,1,6,0.00048216007714561236,0
1,9.1,2,10,2,2,26.0,0.0,6.77,1,1,0,0,0,7,2,0,0,0,0,5,0,22,18,0,1,1,1,3038,16.0,0,1,1,0,0,0,1,1,0,0,0,1,1,1,0,1,0,7,0.0006583278472679394,0
4,4.76,0,12,7,5,24.0,5.7,5.37,0,0,0,0,1,0,32,1,0,17,4,2,8,75,0,19,1,1,1,6158,12.6,0,1,0,0,0,1,0,0,0,1,0,1,1,1,1,0,0,10,0.005196492367651835,0
6,6.05,3,11,6,7,8.7,0.0,4.78,1,0,0,0,0,20,3,2,0,5,20,0,2,1,5,0,1,1,1,11721,10.0,0,1,1,0,0,0,1,0,1,0,0,1,0,0,1,1,0,9,0.0002559508574353724,0
1,5.16,1,11,4,1,32.6,0.0,14.08,0,0,0,1,1,5,18,0,0,0,10,0,3,0,0,0,0,1,0,1666,11.0,0,1,0,0,0,0,0,0,1,0,0,1,1,1,1,0,0,5,0.010804321728691477,0
4,5.2,0,10,4,4,17.0,0.0,5.02,0,0,0,0,0,4,3,2,0,0,3,3,3,4,4,5,1,1,1,6950,12.5,0,1,0,0,0,1,0,0,1,0,0,1,1,0,1,0,0,9,0.0004316546762589928,0
2,4.17,0,11,3,4,33.6,100.0,1.95,1,0,0,0,0,4,3,0,0,0,0,6,7,4,0,0,1,1,0,2692,19.25,0,1,0,0,0,0,0,0,0,1,0,1,1,1,1,1,0,8,0.001114413075780089,0
2,3.99,1,8,5,8,11.8,100.0,11.51,0,0,0,1,1,2,7,0,0,10,2,19,0,0,0,0,1,1,0,2663,13.75,0,1,0,0,0,1,0,0,0,0,0,0,0,1,1,1,1,6,0.0026286143447239955,0
2,8.94,1,10,8,3,4.1,59.0,10.38,0,0,0,0,0,1,2,36,0,0,3,0,45,1,3,0,1,1,1,5775,10.0,0,1,0,0,0,0,0,0,0,1,0,1,1,1,1,1,0,8,0.0003463203463203463,0
2,6.79,2,8,4,5,23.1,100.0,6.73,1,1,0,0,1,5,18,8,9,0,0,0,1,5,0,0,1,1,0,4541,17.4,0,1,1,0,0,0,0,0,0,0,0,0,1,1,0,0,0,8,0.003963884606914776,0
1,8.83,0,11,3,2,15.4,8.8,4.85,1,0,0,0,0,0,3,2,0,0,0,0,0,4,19,0,0,1,1,2852,14.5,0,1,0,0,0,0,1,1,0,0,0,1,1,1,1,1,0,6,0.0010518934081346423,0
6,9.74,2,11,4,2,24.1,0.0,8.39,0,0,0,0,1,4,54,9,14,0,0,6,26,25,0,35,1,1,1,18886,12.5,0,1,1,0,0,0,0,0,1,0,0,1,1,0,0,0,0,10,0.0028592608281266547,0
2,12.84,0,10,4,13,21.2,0.2,8.47,1,0,0,0,0,11,1,2,0,0,0,1,0,24,3,1,1,1,1,8298,7.384615384615385,0,1,0,0,0,0,0,0,0,1,0,1,0,1,1,1,0,10,0.00012051096649795132,0
2,8.0,0,11,2,2,21.1,100.0,3.73,0,0,0,0,0,21,9,2,0,0,0,2,0,0,0,0,1,1,1,5168,11.5,1,0,0,0,1,0,0,0,0,1,0,1,1,1,0,0,0,7,0.001741486068111455,0
3,5.46,2,10,2,4,19.0,0.0,4.8,1,0,0,39,0,7,19,3,1,0,4,0,6,0,0,0,1,1,0,5295,15.0,0,0,1,0,0,0,0,0,0,1,0,1,1,1,1,0,0,7,0.0035882908404154864,0
1,14.51,1,9,6,7,13.8,100.0,2.97,0,0,0,0,1,0,3,28,0,0,0,0,0,0,0,0,1,1,1,4690,12.714285714285714,1,0,0,0,0,0,0,0,0,1,0,0,0,1,1,1,0,6,0.0006396588486140725,0
1,6.36,1,12,6,4,16.8,0.0,5.49,0,1,1,1,1,5,14,0,0,0,0,3,0,0,0,0,1,1,0,2055,15.75,0,1,0,0,1,0,0,0,1,0,0,1,1,1,1,1,1,6,0.006812652068126521,0
4,3.64,0,12,3,1,30.8,7.7,8.37,0,0,0,1,1,4,0,0,3,0,0,1,4,1,0,0,1,1,1,4702,12.0,0,1,0,0,0,0,1,1,0,0,0,1,1,0,0,0,1,8,0.0,0
3,2.22,0,11,3,2,13.3,0.0,13.29,1,0,0,5,1,0,0,0,0,0,4,4,0,17,0,0,1,1,1,2151,11.5,0,1,0,0,0,0,1,0,1,0,0,1,1,1,1,1,1,3,0.0,0
5,4.14,0,10,2,9,47.8,0.0,6.99,0,0,0,0,1,0,14,5,0,0,3,10,13,3,24,12,1,1,1,6689,12.333333333333334,0,1,0,0,0,0,1,1,0,0,0,1,0,0,1,1,0,10,0.0020929884885633127,0
7,4.46,0,11,7,5,16.6,77.7,5.19,0,0,1,1,0,9,4,0,4,0,24,5,6,51,31,0,1,1,1,10088,11.0,0,1,0,0,0,0,0,0,0,1,0,1,1,0,1,1,0,8,0.0003965107057890563,0
2,6.35,1,9,5,3,13.9,11.4,10.41,0,0,0,2,1,2,1,0,0,0,0,12,0,0,0,0,1,1,0,4247,12.666666666666666,0,1,0,0,0,0,1,0,1,0,0,0,1,1,1,0,0,8,0.0002354603249352484,0
3,6.75,0,9,3,6,28.4,100.0,8.7,0,0,0,0,1,21,3,36,4,0,56,2,0,0,1,0,1,1,1,6760,12.166666666666666,0,1,0,0,0,1,0,0,0,0,0,0,0,1,0,0,0,8,0.0004437869822485207,0
3,4.44,0,10,4,4,6.3,0.0,9.76,1,0,0,0,1,0,1,2,13,0,0,13,34,4,0,7,1,1,1,4300,11.25,0,1,0,0,0,0,1,0,0,0,1,1,1,1,1,1,0,9,0.00023255813953488373,0
3,9.61,0,10,4,6,43.5,100.0,3.01,0,0,0,1,1,3,0,33,0,0,0,0,10,31,20,0,0,1,1,7469,12.5,0,1,0,0,0,0,1,0,0,1,0,1,0,1,1,1,0,8,0.0,0
2,5.04,1,11,4,5,7.5,1.7,5.77,1,1,0,4,0,3,1,1,0,0,43,2,0,0,2,1,1,1,1,3366,11.2,0,1,0,0,1,0,0,0,1,0,0,1,1,1,1,1,0,9,0.00029708853238265005,0
5,9.09,1,10,5,5,6.4,2.6,2.68,0,0,0,0,0,0,7,2,13,0,3,4,5,2,14,3,1,1,1,14686,11.0,0,1,0,0,0,1,0,0,0,0,1,1,1,0,0,0,0,10,0.00047664442326024784,0
4,2.87,1,6,4,8,7.2,62.6,6.74,1,0,0,0,1,0,22,3,0,1,0,6,0,0,1,0,1,1,1,3709,12.5,0,1,0,0,0,1,0,0,0,0,0,0,0,1,1,1,0,10,0.005931517929361013,0
1,8.55,0,10,4,4,31.7,100.0,6.32,0,0,0,0,1,0,13,11,0,0,0,0,0,0,0,0,1,1,1,2860,11.75,0,0,0,0,0,1,0,0,0,1,0,1,1,1,0,0,0,8,0.004545454545454545,0
1,0.85,5,100,1,1,0.0,0.0,5.38,0,0,1,5,1,6,0,0,2,7,1,0,0,0,13,0,1,1,1,2471,100.0,0,1,1,0,0,0,1,0,0,1,0,0,1,1,0,1,1,10,0.0,0
8,5.73,12,12,7,2,13.3,71.1,6.62,1,0,0,0,1,25,4,0,0,75,4,5,0,17,11,13,1,1,1,14822,11.5,1,0,1,0,0,0,1,0,0,1,0,1,1,1,1,1,0,10,0.00026986911347996224,0
1,6.22,0,11,3,1,23.0,100.0,2.61,0,0,0,0,0,0,0,0,0,0,0,21,0,0,0,0,1,1,0,2011,11.0,0,0,0,0,0,0,0,0,0,1,0,1,1,1,1,1,0,5,0.0,0
3,4.71,2,9,5,4,19.3,85.7,4.62,0,0,0,1,1,0,0,3,0,0,4,6,2,0,1,0,1,1,1,4564,12.5,0,0,1,0,0,0,0,0,0,1,0,0,1,1,1,0,0,9,0.0,0
19,2.58,0,10,4,5,37.6,0.0,1.6,0,0,0,14,0,10,4,0,14,0,36,6,13,8,0,0,1,1,1,16386,12.0,0,1,0,0,0,0,0,1,0,0,0,1,1,0,1,1,0,9,0.00024411082631514708,0
2,3.4,2,9,4,6,27.4,28.2,0.58,0,0,1,0,0,3,13,6,0,0,3,2,1,1,5,0,1,1,1,2428,14.0,0,1,1,0,1,0,0,0,0,1,0,0,0,1,1,1,0,7,0.005354200988467875,0
1,8.45,3,9,2,5,24.1,100.0,13.25,1,1,0,1,1,2,25,0,0,0,0,7,0,8,0,2,1,1,0,2825,16.0,0,1,1,0,0,0,1,0,0,1,0,0,1,1,0,1,0,9,0.008849557522123894,0
1,6.97,1,9,8,6,9.0,91.0,12.35,1,1,1,6,0,4,5,1,1,0,2,3,1,27,1,0,1,1,1,2331,12.666666666666666,0,1,0,0,0,0,1,0,0,1,0,0,0,1,1,1,0,8,0.002145002145002145,0
2,6.07,0,10,3,6,11.6,0.0,10.89,0,0,0,0,0,6,54,0,0,0,21,3,0,0,0,7,1,1,0,3923,8.5,0,1,0,0,0,1,0,0,0,0,1,1,0,1,1,1,0,8,0.013764975783838899,0
8,4.12,7,14,4,4,7.1,0.0,5.43,0,0,0,1,0,7,14,6,0,0,13,2,0,0,3,0,1,1,1,10655,13.0,0,1,1,0,0,0,1,0,1,0,0,1,1,0,1,1,0,8,0.001313937118723604,0
2,5.79,1,11,2,6,100.0,100.0,5.61,1,0,0,0,1,0,3,0,2,0,1,5,2,0,2,1,1,1,1,3741,14.833333333333334,0,0,0,0,0,0,1,0,0,1,0,1,0,1,1,1,0,9,0.0008019246190858059,0
2,5.08,1,11,4,3,5.6,1.4,7.62,0,0,0,0,1,8,149,0,0,0,14,0,0,0,0,0,0,1,1,3400,17.0,0,1,0,0,0,0,0,1,0,0,0,1,1,1,0,0,0,7,0.043823529411764706,0
3,3.75,1,12,4,5,9.7,24.8,7.13,0,0,0,15,0,0,1,3,0,0,12,1,0,0,1,0,1,1,1,3760,13.2,0,1,0,0,0,0,0,0,0,1,0,1,1,1,1,1,1,9,0.00026595744680851064,0
2,6.13,0,10,5,4,14.6,100.0,5.25,1,1,0,0,1,0,67,0,0,0,0,0,0,0,0,0,0,1,1,3964,11.0,0,0,0,0,0,0,0,0,0,0,0,1,1,1,1,1,0,6,0.016902119071644805,0
2,3.49,0,11,2,4,16.3,0.0,4.4,1,1,1,0,0,3,5,1,0,1,11,1,1,4,0,3,1,1,0,2336,17.25,0,1,0,0,0,0,1,1,0,0,0,1,1,1,1,1,0,9,0.0021404109589041095,0
9,2.12,2,12,6,6,23.9,3.4,6.76,0,0,0,4,1,4,3,0,15,0,0,1,0,16,1,0,1,1,1,6367,11.333333333333334,0,1,1,0,0,1,0,1,0,0,0,1,0,0,0,0,1,7,0.0004711795193968902,0
3,4.89,1,10,4,6,21.4,0.0,8.38,0,0,0,1,1,6,1,1,6,0,30,0,0,0,0,0,1,1,1,4738,15.666666666666666,0,0,0,0,0,0,1,0,1,0,0,1,0,1,1,1,1,8,0.00021105951878429716,0
2,6.8,2,10,6,4,12.5,93.8,10.9,1,0,1,0,0,1,2,2,2,9,5,4,0,9,1,22,1,1,1,4550,16.75,0,1,1,0,0,0,1,0,0,1,0,1,1,1,1,1,0,10,0.00043956043956043956,0
3,6.89,2,10,4,9,29.7,0.0,3.28,0,0,0,19,1,7,4,2,0,0,8,4,0,22,2,13,1,1,1,6681,9.777777777777779,0,1,1,0,0,1,0,0,1,0,0,1,0,1,1,1,1,10,0.000598712767549768,0
3,4.04,3,10,4,5,29.3,100.0,13.62,0,0,0,4,1,0,6,7,0,5,2,1,0,12,7,0,1,1,1,4046,16.2,0,1,1,0,0,0,0,0,0,1,0,1,1,1,0,1,1,9,0.0014829461196243204,0
1,9.23,0,12,6,6,24.8,86.4,4.63,0,0,0,3,1,2,4,5,0,0,0,1,3,0,9,8,1,1,1,2981,15.0,0,1,0,0,0,0,0,0,0,1,0,1,0,1,0,0,0,10,0.0013418316001341832,0
3,4.45,0,10,6,3,16.5,4.1,11.8,0,0,0,1,1,13,100,3,0,0,11,4,1,0,0,6,1,1,0,4310,11.0,0,1,0,0,0,0,1,0,0,0,1,1,1,1,0,0,1,8,0.02320185614849188,0
3,4.49,1,10,3,5,13.3,100.0,2.68,1,0,0,1,1,7,11,33,0,1,2,15,4,0,0,0,1,1,1,4499,16.4,0,0,0,0,0,1,0,0,0,0,0,1,1,1,1,1,0,9,0.0024449877750611247,0
4,8.22,0,10,5,5,11.6,0.0,2.59,0,0,1,0,0,2,29,10,0,0,14,0,0,45,15,3,1,1,1,10621,7.4,0,1,0,0,0,1,0,0,0,0,1,1,1,0,1,1,0,9,0.002730439694943979,0
2,6.91,0,10,4,6,10.8,100.0,6.44,0,0,0,9,0,14,1,5,0,0,7,2,0,0,0,0,1,1,1,4619,8.833333333333334,0,1,0,0,0,0,1,0,1,0,0,1,0,1,1,1,0,9,0.00021649707728945658,0
2,4.59,2,10,2,4,14.9,0.0,1.95,1,0,0,10,0,3,8,3,0,0,3,0,0,0,0,0,1,1,1,2966,15.0,0,0,1,0,0,0,0,0,0,1,0,1,1,1,1,1,0,8,0.0026972353337828725,0
1,4.26,0,11,2,4,28.6,100.0,8.0,1,0,0,0,0,7,12,2,0,0,3,2,2,1,1,0,1,1,1,1425,14.5,0,1,0,0,0,0,1,0,0,0,0,1,1,1,1,1,0,9,0.008421052631578947,0
2,9.61,2,10,5,9,9.6,100.0,5.36,0,0,0,0,0,0,13,0,0,4,0,4,0,1,16,0,1,1,1,6211,9.0,0,1,1,0,0,0,0,0,0,1,0,1,0,1,1,1,0,10,0.002093060698760264,0
2,5.56,1,10,8,4,8.4,100.0,9.91,0,0,0,0,1,3,6,1,0,0,38,23,0,0,11,0,1,1,1,3591,10.75,0,1,0,0,0,0,0,0,0,1,0,1,1,1,1,1,0,8,0.001670843776106934,0
1,8.39,0,10,5,3,33.6,91.6,21.96,1,0,1,0,0,1,1,0,0,0,5,0,2,1,4,0,1,1,1,2807,13.333333333333334,0,0,0,0,0,0,1,0,0,0,0,1,1,1,1,1,0,8,0.0003562522265764161,0
2,3.32,0,11,6,8,11.4,100.0,14.43,0,0,0,4,1,16,2,0,3,0,2,0,9,0,0,36,1,1,0,2403,12.5,0,1,0,0,0,0,1,0,0,1,0,1,0,1,1,1,1,8,0.0008322929671244278,0
3,7.14,0,10,8,7,39.6,24.7,8.56,0,0,0,3,1,0,0,0,16,0,0,0,0,1,0,0,0,1,1,7156,15.0,0,0,0,0,0,0,0,0,0,1,0,1,0,1,1,1,1,6,0.0,0
2,5.12,1,11,8,4,24.5,100.0,5.3,1,1,1,0,0,5,3,0,0,0,0,10,0,0,0,0,1,1,1,3310,13.5,0,1,0,0,0,0,1,0,0,1,0,1,1,1,0,0,0,8,0.0009063444108761329,0
5,11.2,0,10,5,3,28.1,73.4,2.85,0,0,0,0,0,0,174,0,0,0,0,0,0,0,13,0,1,1,1,18100,8.333333333333334,0,0,0,0,0,1,0,0,0,1,0,1,1,0,0,0,0,8,0.009613259668508288,0
1,7.54,0,10,3,2,22.2,8.9,1.03,0,0,0,0,0,0,0,1,0,0,1,0,0,5,0,0,0,1,0,2436,10.5,0,1,0,0,0,0,1,1,0,0,0,1,1,1,1,1,0,6,0.0,0
6,4.84,0,10,5,4,15.9,0.0,7.08,1,1,0,6,1,10,0,4,0,2,5,2,4,2,9,9,1,1,1,9715,12.5,0,1,0,0,0,1,0,0,0,0,0,1,1,0,1,1,1,10,0.0,0
2,6.1,0,11,5,5,78.1,1.1,2.8,0,0,0,0,0,2,23,0,4,0,0,0,0,22,0,0,1,1,1,4074,11.6,0,1,0,0,0,0,1,0,0,1,0,1,1,1,0,0,0,8,0.005645557191948944,0
2,5.75,2,9,4,6,8.2,64.3,9.31,0,0,0,2,0,23,2,19,0,0,1,9,0,4,16,0,1,1,1,3714,15.166666666666666,0,1,1,0,0,0,1,0,0,1,0,0,0,1,1,1,1,9,0.0005385029617662897,0
1,7.8,2,9,4,9,4.9,100.0,5.98,0,0,0,1,1,17,0,16,0,0,8,6,0,1,2,0,1,1,1,2608,16.11111111111111,0,1,1,0,0,0,1,0,0,1,0,0,0,1,1,1,1,7,0.0,0
1,4.88,0,12,7,7,12.1,96.0,9.42,0,0,0,7,1,12,5,0,0,0,13,6,0,2,0,2,1,1,0,1577,12.0,0,1,0,0,0,0,0,0,1,0,0,1,0,1,1,1,1,7,0.0031705770450221942,0
3,6.85,0,10,5,5,15.1,100.0,9.88,0,0,0,1,0,2,17,0,2,25,0,0,6,8,0,18,0,1,1,6859,14.2,0,1,0,0,0,1,0,0,1,0,0,1,1,1,0,0,1,9,0.0024784954074938037,0
1,5.88,0,9,10,7,32.7,100.0,8.41,1,0,0,0,0,3,2,0,0,0,1,3,1,1,5,0,1,1,1,1966,13.285714285714286,0,1,0,0,0,0,1,0,0,1,0,0,0,1,1,0,0,8,0.001017293997965412,0
3,6.47,0,10,4,1,15.6,5.0,5.6,1,0,0,0,1,1,7,12,1,0,13,4,7,39,0,0,1,1,1,6275,10.0,0,1,0,0,0,1,0,0,0,0,1,1,1,1,1,1,0,8,0.0011155378486055777,0
1,5.74,0,8,3,6,28.6,100.0,6.43,0,0,0,1,1,10,9,0,0,0,4,11,0,0,5,0,1,1,1,1918,17.166666666666668,0,0,0,0,0,1,0,0,0,1,0,0,0,1,1,1,1,6,0.0046923879040667365,0
1,5.46,0,9,3,7,9.2,100.0,14.23,1,0,0,1,0,2,16,1,0,0,1,2,0,0,0,7,1,1,0,1825,11.571428571428571,0,1,0,0,0,0,0,0,0,0,0,0,0,1,1,1,0,8,0.008767123287671232,0
1,10.13,1,10,6,3,30.1,75.7,10.53,0,0,0,2,0,12,1,0,0,0,2,4,13,0,0,0,1,1,1,3272,10.0,0,1,0,0,0,0,0,0,0,1,0,1,1,1,1,1,1,8,0.0003056234718826406,0
2,5.72,1,12,7,7,5.5,100.0,7.81,1,0,0,0,1,11,1,1,0,1,2,5,2,8,2,0,1,1,1,3824,19.571428571428573,0,1,0,0,0,0,1,0,0,0,0,1,0,1,1,0,0,10,0.0002615062761506276,0
5,3.88,0,12,5,10,35.8,100.0,3.17,0,0,0,10,1,1,14,28,0,10,1,2,0,2,3,1,1,1,1,6487,17.3,0,1,0,0,0,0,0,0,0,1,0,1,0,0,1,1,1,10,0.0021581624788037613,0
2,7.57,0,11,5,3,44.7,74.1,9.55,0,0,0,0,0,4,5,33,0,0,0,9,0,0,9,4,1,0,1,4891,9.666666666666666,0,0,0,0,0,0,0,0,0,1,0,1,1,1,1,0,0,9,0.0010222858311183807,0
2,3.99,2,11,2,5,0.0,60.9,8.51,0,0,0,0,0,3,30,0,0,0,0,0,0,0,0,0,1,1,1,2579,14.8,0,0,1,0,0,0,1,0,0,1,0,1,1,1,1,1,0,6,0.011632415664986429,0
1,6.06,5,10,3,5,32.1,100.0,5.6,0,0,0,1,1,6,1,13,0,0,6,5,1,1,2,0,1,1,1,2026,13.0,0,1,1,0,0,0,1,0,0,1,0,1,1,1,1,1,1,9,0.0004935834155972359,0
2,5.04,3,10,2,4,13.2,0.0,3.79,1,0,0,8,0,6,17,3,28,0,13,0,0,0,0,0,1,1,0,3254,15.0,0,1,1,0,0,0,0,0,0,1,0,1,1,1,1,1,0,7,0.005224339274738783,0
1,5.88,1,11,3,4,41.1,100.0,13.79,0,0,0,1,1,7,4,6,0,0,2,1,0,4,0,2,1,1,0,1966,19.0,0,1,0,0,0,0,1,0,0,1,0,1,1,1,0,1,1,7,0.002034587995930824,0
2,6.96,7,9,2,3,53.4,100.0,5.51,0,0,0,28,0,9,0,5,7,0,5,4,0,5,0,12,1,1,1,4657,9.333333333333334,0,1,1,0,0,0,1,0,0,1,0,0,1,1,1,0,0,9,0.0,0
1,8.29,0,12,3,3,40.0,100.0,5.74,1,0,0,0,0,3,20,4,0,0,4,4,0,0,0,0,1,1,0,2680,14.0,1,0,0,0,0,0,1,0,0,1,0,1,1,1,0,0,0,6,0.007462686567164179,0
2,2.42,1,11,6,5,26.1,100.0,11.57,0,0,0,0,0,4,1,0,3,1,19,9,1,0,0,0,1,1,0,1619,18.0,0,1,0,0,0,0,1,0,0,1,0,1,1,1,1,1,0,7,0.0006176652254478073,0
2,5.04,1,10,5,5,11.7,63.8,11.03,0,0,0,0,0,7,2,16,0,0,6,0,0,1,0,0,0,1,1,3254,13.0,0,1,0,0,0,0,0,0,0,1,0,1,1,1,1,1,0,7,0.0006146281499692685,0
3,6.69,0,10,5,4,11.7,82.1,18.48,1,1,0,0,1,0,1,1,4,3,2,0,6,0,0,0,1,1,1,6489,11.75,0,0,0,0,0,0,1,0,0,1,0,1,1,1,1,1,0,9,0.0001541069502234551,0
5,4.94,0,11,3,5,19.5,2.3,2.3,0,0,0,0,1,0,12,0,0,0,4,17,0,32,7,0,1,1,1,8249,14.8,0,1,0,0,0,0,0,0,0,1,0,1,1,0,1,1,0,10,0.0014547217844587223,0
1,5.58,1,9,3,5,4.8,100.0,11.59,0,0,0,1,1,7,10,0,0,0,0,1,6,9,0,0,1,1,0,1803,15.6,0,1,0,0,0,0,1,0,0,1,0,0,1,1,0,1,1,7,0.005546311702717693,0
1,9.37,2,9,12,5,28.5,100.0,9.59,1,1,1,0,0,1,0,0,0,0,1,6,1,0,0,0,1,1,1,3132,11.2,0,1,1,0,0,0,1,0,0,1,0,0,1,1,0,0,0,9,0.0,0
6,4.37,0,11,8,6,32.7,36.8,6.72,0,0,1,8,1,6,5,0,6,1,0,3,3,6,6,0,1,1,1,8464,13.166666666666666,0,1,0,0,0,1,0,0,1,0,0,1,0,0,1,1,1,9,0.0005907372400756144,0
10,7.54,3,11,7,8,8.1,5.4,2.71,0,0,0,1,1,0,0,2,4,0,12,0,34,0,5,0,1,1,1,25210,13.125,0,1,1,0,0,0,1,0,1,0,0,1,0,1,0,1,0,8,0.0,0
3,6.13,1,11,4,6,62.7,4.5,5.04,0,0,0,0,1,5,8,12,0,17,1,1,35,0,0,4,1,1,1,6154,14.166666666666666,0,1,0,0,0,0,0,0,0,1,0,1,0,1,0,0,0,10,0.0012999675008124798,0
1,3.93,2,10,2,4,0.0,100.0,6.25,0,0,0,0,1,0,1,5,0,0,5,5,3,0,2,0,1,1,1,1313,18.0,0,1,1,0,0,0,1,0,0,1,0,1,1,1,0,1,0,8,0.0007616146230007616,0
4,5.95,0,11,3,2,39.9,0.5,5.55,1,0,0,2,1,1,0,2,4,1,0,1,1,4,0,0,1,1,1,7693,10.5,0,1,0,0,0,0,0,0,0,1,0,1,1,0,1,1,1,10,0.0,0
